date,time,platform,content,topic,type,likes,comments,shares,saves,reach,training_id,source_example,synthetic
2026-05-20,17:30,LinkedIn,5 ways to improve your study routine,Education,Entertainment,1359,67,110,307,34359,synthetic-00001,100,true
2026-03-20,20:30,X,Latest AI trends you should know,AI,Entertainment,388,18,58,72,10780,synthetic-00002,170,true
2026-06-14,12:00,Facebook,5 technologies shaping the future,Technology,Entertainment,1090,68,176,164,19840,synthetic-00003,161,true
2026-02-02,18:30,LinkedIn,Beginner guide to artificial intelligence,AI,Educational,1114,146,154,298,19157,synthetic-00004,167,true
2026-01-27,12:30,LinkedIn,Easy Python projects for students,Python,Entertainment,1551,63,204,435,22387,synthetic-00005,187,true
2026-01-06,17:00,Facebook,Simple study tips for better results,Education,Informational,2020,226,77,547,35008,synthetic-00006,70,true
2026-07-06,08:30,LinkedIn,Python tricks that save coding time,Python,Promotional,1081,52,126,190,33458,synthetic-00007,127,true
2026-05-05,09:00,LinkedIn,Content ideas that attract more viewers,Marketing,Entertainment,1670,104,93,151,56715,synthetic-00008,65,true
2026-01-19,10:00,LinkedIn,New product update is now available,Product,Informational,2196,110,165,548,42106,synthetic-00009,95,true
2026-03-29,08:30,X,Product update: new tools for users,Product,Promotional,352,38,48,31,11046,synthetic-00010,116,true
2026-06-20,21:00,X,Important skills every student should learn,Education,Promotional,784,60,71,170,24343,synthetic-00011,156,true
2026-06-07,18:30,Instagram,Learn Python functions with simple examples,Python,Promotional,1080,115,121,131,39794,synthetic-00012,111,true
2026-06-29,09:00,LinkedIn,Social media tips for better engagement,Marketing,Informational,1141,76,67,181,49387,synthetic-00013,26,true
2026-01-15,08:00,X,5 ways to improve your study routine,Education,Informational,819,77,72,188,21245,synthetic-00014,64,true
2026-07-02,09:30,Facebook,The future of technology explained,Technology,Entertainment,1836,239,177,343,28657,synthetic-00015,66,true
2026-01-20,18:30,Instagram,Social media tips for better engagement,Marketing,Entertainment,2687,247,323,250,39577,synthetic-00016,196,true
2026-04-14,20:00,X,Easy Python projects for students,Python,Entertainment,900,57,79,148,26425,synthetic-00017,117,true
2026-06-07,20:30,X,Social media tips for better engagement,Marketing,Entertainment,721,85,83,85,14134,synthetic-00018,144,true
2026-07-06,10:00,Facebook,Content ideas that attract more viewers,Marketing,Entertainment,2787,190,144,331,40930,synthetic-00019,199,true
2026-04-07,09:30,X,Python tricks that save coding time,Python,Educational,810,83,36,96,39241,synthetic-00020,61,true
2026-04-14,18:00,Facebook,The future of technology explained,Technology,Educational,919,101,123,176,35161,synthetic-00021,109,true
2025-12-31,17:00,Instagram,Social media tips for better engagement,Marketing,Entertainment,1176,104,66,137,24880,synthetic-00022,18,true
2026-06-17,09:30,Facebook,Learn Python functions with simple examples,Python,Promotional,433,42,42,36,10806,synthetic-00023,93,true
2026-09-13,17:30,LinkedIn,Beginner guide to modern technology,Technology,Entertainment,349,43,38,64,6814,synthetic-00024,136,true
2026-01-16,19:30,Instagram,Simple marketing strategies for beginners,Marketing,Promotional,647,57,71,114,21575,synthetic-00025,68,true
2026-06-09,19:30,Instagram,How our new feature improves productivity,Product,Promotional,1088,52,59,176,27002,synthetic-00026,138,true
2026-01-17,21:30,X,Technology trends to watch this year,Technology,Informational,125,15,16,24,6883,synthetic-00027,67,true
2026-04-07,08:00,Facebook,Latest AI trends you should know,AI,Educational,559,62,38,68,7874,synthetic-00028,147,true
2026-02-23,18:00,LinkedIn,Ways to grow your online audience,Marketing,Promotional,766,54,76,184,38675,synthetic-00029,188,true
2026-03-08,14:30,Facebook,5 technologies shaping the future,Technology,Promotional,848,61,41,249,20896,synthetic-00030,87,true
2026-06-07,08:00,X,Beginner guide to modern technology,Technology,Informational,614,67,85,103,25423,synthetic-00031,133,true
2026-10-02,14:30,X,Python tricks that save coding time,Python,Educational,1757,82,155,406,43576,synthetic-00032,107,true
2026-03-09,20:00,X,Easy Python projects for students,Python,Entertainment,945,62,85,151,30967,synthetic-00033,117,true
2026-05-23,19:30,X,How to create engaging social media posts,Marketing,Informational,1663,182,113,177,38604,synthetic-00034,162,true
2026-07-18,10:00,X,Best learning habits for students,Education,Entertainment,1293,82,149,353,52611,synthetic-00035,124,true
2026-02-01,14:00,X,Technology trends to watch this year,Technology,Informational,2059,137,169,485,57608,synthetic-00036,23,true
2026-04-11,08:00,Facebook,Latest AI trends you should know,AI,Educational,613,65,43,83,8361,synthetic-00037,147,true
2026-04-14,12:00,X,Social media tips for better engagement,Marketing,Entertainment,237,30,15,65,9857,synthetic-00038,182,true
2026-05-21,09:30,Facebook,The future of technology explained,Technology,Entertainment,1450,169,130,272,22343,synthetic-00039,66,true
2026-10-18,20:30,Facebook,Our new dashboard feature is live,Product,Promotional,416,36,20,91,11690,synthetic-00040,146,true
2026-08-12,08:00,Facebook,How AI is changing the way we work,AI,Promotional,462,41,46,128,25692,synthetic-00041,21,true
2026-02-18,09:30,LinkedIn,Easy Python projects for students,Python,Educational,1731,139,156,234,37872,synthetic-00042,106,true
2026-05-13,20:30,X,Social media tips for better engagement,Marketing,Entertainment,611,69,72,76,11998,synthetic-00043,144,true
2026-06-05,10:30,X,Beginner guide to artificial intelligence,AI,Entertainment,430,40,30,86,14993,synthetic-00044,8,true
2026-05-30,17:00,Facebook,How to learn technical skills faster,Education,Educational,1037,76,55,95,31738,synthetic-00045,150,true
2026-02-27,21:00,Instagram,The future of technology explained,Technology,Entertainment,761,37,69,70,8834,synthetic-00046,47,true
2026-08-29,18:00,Instagram,Product update: new tools for users,Product,Educational,1982,209,145,321,24582,synthetic-00047,153,true
2026-07-31,09:00,X,Social media tips for better engagement,Marketing,Entertainment,943,43,66,207,23709,synthetic-00048,98,true
2025-12-26,12:00,X,How our new feature improves productivity,Product,Entertainment,1323,86,193,320,38518,synthetic-00049,180,true
2026-04-23,09:30,Instagram,Learn Python functions with simple examples,Python,Entertainment,3693,430,412,929,45531,synthetic-00050,4,true
2026-01-30,09:00,Facebook,Ways to grow your online audience,Marketing,Entertainment,720,46,64,69,9020,synthetic-00051,90,true
2026-10-03,19:30,Facebook,5 technologies shaping the future,Technology,Entertainment,1049,80,58,215,16585,synthetic-00052,191,true
2026-03-02,18:30,Instagram,Technology trends to watch this year,Technology,Informational,1878,154,192,216,37550,synthetic-00053,143,true
2026-09-18,12:00,Facebook,5 ways to improve your study routine,Education,Informational,1286,85,115,273,23064,synthetic-00054,54,true
2026-04-20,21:30,Facebook,Beginner guide to modern technology,Technology,Educational,2384,104,256,199,49760,synthetic-00055,193,true
2026-06-01,19:00,Instagram,Best learning habits for students,Education,Educational,700,57,40,113,10003,synthetic-00056,24,true
2026-01-29,08:00,X,5 ways to improve your study routine,Education,Informational,1038,103,90,236,25282,synthetic-00057,64,true
2026-07-18,17:30,LinkedIn,Beginner guide to modern technology,Technology,Promotional,616,51,59,113,18191,synthetic-00058,151,true
2026-05-02,17:00,Instagram,5 useful AI tools for students,AI,Entertainment,3402,199,231,839,38541,synthetic-00059,186,true
2026-10-07,10:30,Facebook,Learn Python functions with simple examples,Python,Entertainment,980,116,65,229,14748,synthetic-00060,53,true
2026-04-20,20:00,Facebook,Social media tips for better engagement,Marketing,Educational,2151,90,166,331,28692,synthetic-00061,130,true
2026-06-13,18:00,X,Social media tips for better engagement,Marketing,Informational,797,57,79,100,23054,synthetic-00062,102,true
2026-09-22,20:30,Facebook,Our new dashboard feature is live,Product,Promotional,474,49,25,112,13519,synthetic-00063,146,true
2026-06-10,20:00,X,Social media tips for better engagement,Marketing,Informational,248,18,25,57,8416,synthetic-00064,82,true
2026-01-15,12:00,X,How our new feature improves productivity,Product,Entertainment,1028,61,146,236,31403,synthetic-00065,180,true
2026-09-08,21:30,LinkedIn,Simple study tips for better results,Education,Informational,1563,72,107,179,47771,synthetic-00066,71,true
2026-05-20,17:00,LinkedIn,Content ideas that attract more viewers,Marketing,Promotional,1413,177,192,300,39704,synthetic-00067,12,true
2026-09-18,19:00,Facebook,How AI is changing the way we work,AI,Promotional,1291,93,119,210,43739,synthetic-00068,185,true
2026-03-15,09:30,LinkedIn,Simple study tips for better results,Education,Informational,470,36,57,75,12079,synthetic-00069,77,true
2026-08-19,12:00,Instagram,Product update: new tools for users,Product,Educational,1489,74,85,148,18156,synthetic-00070,63,true
2025-12-05,18:30,Instagram,How to create engaging social media posts,Marketing,Educational,684,32,91,213,9716,synthetic-00071,177,true
2026-07-10,18:30,Facebook,Simple study tips for better results,Education,Informational,1867,176,206,237,35762,synthetic-00072,45,true
2026-02-26,08:30,X,Product update: new tools for users,Product,Informational,1234,90,172,217,42075,synthetic-00073,200,true
2026-02-08,18:30,LinkedIn,Beginner guide to artificial intelligence,AI,Educational,951,123,132,264,16898,synthetic-00074,167,true
2026-07-14,12:30,X,Simple marketing strategies for beginners,Marketing,Informational,673,51,57,96,38125,synthetic-00075,83,true
2026-06-17,19:00,X,Python tricks that save coding time,Python,Promotional,596,66,63,66,18262,synthetic-00076,11,true
2026-04-12,08:30,Instagram,Simple marketing strategies for beginners,Marketing,Promotional,985,59,141,273,30609,synthetic-00077,7,true
2026-03-20,21:00,Instagram,The future of technology explained,Technology,Entertainment,951,46,84,84,11517,synthetic-00078,47,true
2026-09-28,12:00,Facebook,5 Python tips every beginner should know,Python,Informational,1216,146,61,237,21604,synthetic-00079,13,true
2026-03-10,18:00,LinkedIn,Ways to grow your online audience,Marketing,Promotional,784,50,67,160,34996,synthetic-00080,188,true
2026-05-10,10:00,Instagram,5 technologies shaping the future,Technology,Entertainment,879,49,96,112,11118,synthetic-00081,194,true
2026-01-03,10:30,Facebook,5 Python tips every beginner should know,Python,Promotional,414,26,22,54,10017,synthetic-00082,128,true
2026-01-03,09:30,Facebook,Our new dashboard feature is live,Product,Promotional,256,22,34,28,15110,synthetic-00083,131,true
2026-01-27,12:00,Facebook,How to create engaging social media posts,Marketing,Educational,1261,120,98,191,32395,synthetic-00084,5,true
2026-01-27,14:00,X,Technology trends to watch this year,Technology,Informational,1691,94,135,350,44750,synthetic-00085,23,true
2026-06-05,18:30,Instagram,Learn Python functions with simple examples,Python,Promotional,923,113,109,115,38991,synthetic-00086,111,true
2026-04-20,18:30,X,How our new feature improves productivity,Product,Educational,1907,141,104,326,43855,synthetic-00087,46,true
2026-04-03,08:00,Facebook,Latest AI trends you should know,AI,Educational,632,68,39,79,8354,synthetic-00088,147,true
2026-01-29,19:30,Facebook,5 useful AI tools for students,AI,Promotional,2438,272,243,551,50225,synthetic-00089,25,true
2026-04-16,08:00,Instagram,Technology trends to watch this year,Technology,Educational,1489,144,69,157,34716,synthetic-00090,192,true
2026-06-02,19:30,X,How to create engaging social media posts,Marketing,Informational,2099,240,149,218,49856,synthetic-00091,162,true
2026-04-09,08:30,LinkedIn,Simple study tips for better results,Education,Entertainment,1465,163,104,344,20869,synthetic-00092,20,true
2026-06-27,20:00,LinkedIn,How AI is changing the way we work,AI,Educational,1201,138,91,134,41710,synthetic-00093,94,true
2026-06-20,10:00,Instagram,How technology is changing daily life,Technology,Promotional,858,80,71,225,40534,synthetic-00094,142,true
2026-05-28,17:30,Instagram,Python tricks that save coding time,Python,Educational,2572,217,196,633,42226,synthetic-00095,52,true
2026-05-22,09:00,LinkedIn,Content ideas that attract more viewers,Marketing,Entertainment,1308,82,73,115,43305,synthetic-00096,65,true
2026-08-18,10:30,LinkedIn,How technology is changing daily life,Technology,Promotional,120,13,14,20,6301,synthetic-00097,30,true
2026-05-02,08:00,Instagram,Technology trends to watch this year,Technology,Educational,1468,133,66,161,34724,synthetic-00098,192,true
2026-02-25,10:30,Instagram,Our new dashboard feature is live,Product,Informational,932,89,87,153,11971,synthetic-00099,60,true
2026-07-08,20:00,LinkedIn,How AI is changing the way we work,AI,Educational,1126,133,85,132,36768,synthetic-00100,94,true
2026-08-11,09:00,LinkedIn,Top Python mistakes beginners make,Python,Informational,1152,54,164,282,33149,synthetic-00101,179,true
2026-05-22,19:30,Instagram,Beginner guide to artificial intelligence,AI,Entertainment,1900,127,88,353,24038,synthetic-00102,114,true
2026-05-15,20:30,X,Social media tips for better engagement,Marketing,Entertainment,775,86,78,89,14448,synthetic-00103,144,true
2026-08-05,09:00,LinkedIn,New product update is now available,Product,Entertainment,368,20,40,73,12418,synthetic-00104,9,true
2026-03-02,21:00,X,How AI is changing the way we work,AI,Educational,1661,184,97,333,36242,synthetic-00105,50,true
2026-02-14,10:00,Facebook,Best learning habits for students,Education,Informational,1936,150,84,203,42737,synthetic-00106,155,true
2026-04-15,20:00,Facebook,Social media tips for better engagement,Marketing,Educational,1832,83,148,321,27363,synthetic-00107,130,true
2026-04-24,10:30,X,5 Python tips every beginner should know,Python,Informational,1458,171,162,219,49478,synthetic-00108,172,true
2026-06-04,10:00,Instagram,5 technologies shaping the future,Technology,Entertainment,772,45,78,102,10679,synthetic-00109,194,true
2026-01-22,19:30,Instagram,Simple marketing strategies for beginners,Marketing,Promotional,756,67,78,135,25257,synthetic-00110,68,true
2026-06-30,18:00,Facebook,Ways to grow your online audience,Marketing,Educational,846,110,73,205,24018,synthetic-00111,110,true
2026-09-16,21:30,LinkedIn,Simple study tips for better results,Education,Informational,1685,71,114,175,48275,synthetic-00112,71,true
2026-09-10,14:00,Facebook,How to learn technical skills faster,Education,Informational,499,27,58,125,9757,synthetic-00113,166,true
2026-07-03,19:00,Instagram,Best learning habits for students,Education,Educational,722,61,36,112,10385,synthetic-00114,24,true
2026-02-20,20:30,Facebook,Simple marketing strategies for beginners,Marketing,Educational,1443,156,208,323,22887,synthetic-00115,141,true
2026-08-05,08:30,LinkedIn,Best learning habits for students,Education,Informational,306,23,20,56,9452,synthetic-00116,163,true
2025-12-20,14:30,Instagram,Product update: new tools for users,Product,Informational,3208,277,467,866,53363,synthetic-00117,168,true
2026-08-19,12:00,Facebook,Latest AI trends you should know,AI,Entertainment,985,73,129,167,13891,synthetic-00118,140,true
2026-01-13,18:30,Instagram,AI tools that save you 10 hours a week,AI,Promotional,1216,83,132,281,33914,synthetic-00119,105,true
2026-03-11,09:30,X,Python tricks that save coding time,Python,Educational,885,79,37,99,40736,synthetic-00120,61,true
2026-03-16,14:30,Facebook,5 technologies shaping the future,Technology,Promotional,1030,67,53,300,25314,synthetic-00121,87,true
2026-06-06,14:00,Facebook,The future of technology explained,Technology,Promotional,1447,107,99,266,41886,synthetic-00122,183,true
2026-06-25,10:00,Facebook,Content ideas that attract more viewers,Marketing,Entertainment,2489,171,123,318,35653,synthetic-00123,199,true
2026-06-23,09:00,Instagram,Beginner guide to artificial intelligence,AI,Educational,1381,148,185,301,37368,synthetic-00124,101,true
2026-04-03,09:00,Instagram,Top Python mistakes beginners make,Python,Promotional,2538,175,354,482,40782,synthetic-00125,22,true
2026-07-15,10:30,LinkedIn,How technology is changing daily life,Technology,Promotional,125,16,16,22,7690,synthetic-00126,30,true
2026-04-02,20:00,Instagram,Important skills every student should learn,Education,Educational,1012,71,121,161,22382,synthetic-00127,145,true
2026-03-23,08:30,Facebook,How to learn technical skills faster,Education,Educational,349,25,19,68,8272,synthetic-00128,80,true
2026-08-19,09:30,LinkedIn,How to learn technical skills faster,Education,Educational,578,78,60,55,22584,synthetic-00129,40,true
2026-01-27,14:30,Instagram,5 technologies shaping the future,Technology,Promotional,822,45,45,195,24546,synthetic-00130,104,true
2026-05-17,08:30,Instagram,Top Python mistakes beginners make,Python,Promotional,961,79,66,200,27659,synthetic-00131,159,true
2026-07-02,10:00,X,How technology is changing daily life,Technology,Promotional,1499,85,128,257,49410,synthetic-00132,122,true
2026-08-06,17:30,LinkedIn,Beginner guide to modern technology,Technology,Promotional,630,57,62,129,20680,synthetic-00133,151,true
2026-09-04,20:30,Facebook,Our new dashboard feature is live,Product,Promotional,474,42,21,103,12387,synthetic-00134,146,true
2026-06-07,08:30,Instagram,New product update is now available,Product,Entertainment,961,122,76,256,20086,synthetic-00135,31,true
2026-02-20,21:00,Instagram,Ways to grow your online audience,Marketing,Entertainment,2392,120,189,360,44060,synthetic-00136,135,true
2026-04-08,08:30,LinkedIn,Simple study tips for better results,Education,Entertainment,1579,164,106,347,23526,synthetic-00137,20,true
2026-06-06,20:30,Instagram,Latest AI trends you should know,AI,Entertainment,402,22,24,108,6461,synthetic-00138,120,true
2026-04-14,20:30,X,Latest AI trends you should know,AI,Entertainment,349,16,54,65,10274,synthetic-00139,170,true
2026-03-06,19:30,X,Content ideas that attract more viewers,Marketing,Promotional,252,25,21,47,20069,synthetic-00140,17,true
2026-08-12,17:30,X,New product update is now available,Product,Informational,896,108,60,92,22729,synthetic-00141,48,true
2026-04-08,21:30,Instagram,How our new feature improves productivity,Product,Informational,3475,374,254,523,47237,synthetic-00142,35,true
2026-06-26,18:30,Instagram,How our new feature improves productivity,Product,Informational,1532,148,114,395,36298,synthetic-00143,195,true
2026-03-01,21:30,X,Technology trends to watch this year,Technology,Informational,129,16,17,28,7741,synthetic-00144,67,true
2026-01-02,19:30,Instagram,Simple marketing strategies for beginners,Marketing,Promotional,664,58,66,111,22033,synthetic-00145,68,true
2026-03-11,14:30,Instagram,5 useful AI tools for students,AI,Educational,2988,170,308,754,29935,synthetic-00146,51,true
2026-03-16,17:30,X,Ways to grow your online audience,Marketing,Educational,1042,82,60,170,34440,synthetic-00147,184,true
2026-05-28,20:30,Instagram,Latest AI trends you should know,AI,Entertainment,309,18,20,93,5501,synthetic-00148,120,true
2026-08-19,09:00,X,Social media tips for better engagement,Marketing,Entertainment,1056,50,74,215,24120,synthetic-00149,98,true
2026-06-08,10:00,Instagram,How technology is changing daily life,Technology,Promotional,843,77,72,215,37731,synthetic-00150,142,true
2026-06-22,08:00,X,Beginner guide to modern technology,Technology,Informational,658,71,85,98,24824,synthetic-00151,133,true
2026-06-15,08:00,X,Beginner guide to modern technology,Technology,Informational,556,63,77,87,22008,synthetic-00152,133,true
2026-04-02,21:00,X,How AI is changing the way we work,AI,Educational,1438,169,81,324,35839,synthetic-00153,50,true
2026-07-12,09:30,Facebook,Learn Python functions with simple examples,Python,Promotional,436,40,46,36,10961,synthetic-00154,93,true
2026-02-19,19:30,Facebook,5 useful AI tools for students,AI,Promotional,2124,222,196,464,43000,synthetic-00155,25,true
2026-02-26,10:00,X,Best learning habits for students,Education,Educational,2602,141,267,702,46758,synthetic-00156,165,true
2026-07-02,19:00,Instagram,Simple marketing strategies for beginners,Marketing,Promotional,2369,214,311,285,39315,synthetic-00157,89,true
2026-04-14,21:00,X,How AI is changing the way we work,AI,Educational,1564,164,89,303,34150,synthetic-00158,50,true
2026-01-09,08:30,X,Product update: new tools for users,Product,Informational,1020,78,162,190,33975,synthetic-00159,200,true
2026-02-14,10:30,Instagram,Our new dashboard feature is live,Product,Informational,821,80,82,161,11144,synthetic-00160,60,true
2026-06-15,21:00,X,Important skills every student should learn,Education,Promotional,892,58,76,181,28228,synthetic-00161,156,true
2026-02-07,17:00,X,Best learning habits for students,Education,Informational,436,46,30,121,16717,synthetic-00162,69,true
2026-08-10,12:00,Facebook,Latest AI trends you should know,AI,Entertainment,1047,85,141,195,14548,synthetic-00163,140,true
2026-06-30,09:00,LinkedIn,Social media tips for better engagement,Marketing,Informational,891,60,59,152,40816,synthetic-00164,26,true
2026-02-09,17:00,Instagram,Social media tips for better engagement,Marketing,Entertainment,988,95,56,117,20304,synthetic-00165,18,true
2026-08-07,17:30,X,New product update is now available,Product,Informational,990,113,64,101,24893,synthetic-00166,48,true
2026-05-03,09:30,X,Python tricks that save coding time,Python,Educational,884,78,37,92,38822,synthetic-00167,61,true
2026-02-21,17:00,X,Best learning habits for students,Education,Informational,348,37,25,104,13851,synthetic-00168,69,true
2026-03-13,09:00,Instagram,Top Python mistakes beginners make,Python,Promotional,2865,229,417,563,50001,synthetic-00169,22,true
2026-02-11,12:00,Facebook,How to create engaging social media posts,Marketing,Educational,1093,105,84,180,29745,synthetic-00170,5,true
2025-12-12,14:30,LinkedIn,5 useful AI tools for students,AI,Promotional,468,35,36,45,27521,synthetic-00171,108,true
2026-04-20,17:30,LinkedIn,5 ways to improve your study routine,Education,Entertainment,1386,68,123,314,33479,synthetic-00172,100,true
2026-05-20,14:30,LinkedIn,Beginner guide to modern technology,Technology,Educational,583,62,68,78,11414,synthetic-00173,38,true
2026-02-12,08:30,Facebook,Beginner guide to modern technology,Technology,Promotional,516,55,70,87,17102,synthetic-00174,158,true
2026-01-27,12:30,LinkedIn,Easy Python projects for students,Python,Entertainment,1856,79,262,525,29426,synthetic-00175,187,true
2026-03-15,12:00,Instagram,Learn Python functions with simple examples,Python,Promotional,559,46,61,150,12205,synthetic-00176,181,true
2026-03-30,21:00,Instagram,How AI is changing the way we work,AI,Entertainment,4104,204,341,509,39368,synthetic-00177,81,true
2026-02-28,10:00,LinkedIn,Python tricks that save coding time,Python,Promotional,1803,165,176,148,53869,synthetic-00178,1,true
2026-02-03,09:00,Facebook,Ways to grow your online audience,Marketing,Entertainment,648,43,65,71,8927,synthetic-00179,90,true
2026-07-05,21:00,Instagram,Easy Python projects for students,Python,Entertainment,2006,272,161,455,33320,synthetic-00180,62,true
2026-08-21,17:30,LinkedIn,Beginner guide to modern technology,Technology,Entertainment,457,58,50,90,8839,synthetic-00181,136,true
2026-04-06,14:30,Facebook,5 technologies shaping the future,Technology,Promotional,895,64,45,258,22233,synthetic-00182,87,true
2026-05-13,17:00,Instagram,5 useful AI tools for students,AI,Entertainment,3084,175,212,721,35419,synthetic-00183,186,true
2026-08-28,14:00,Facebook,How to learn technical skills faster,Education,Informational,491,30,62,125,10258,synthetic-00184,166,true
2026-07-08,18:30,Instagram,Learn Python functions with simple examples,Python,Promotional,824,98,103,109,33345,synthetic-00185,111,true
2026-05-11,08:00,X,Beginner guide to modern technology,Technology,Informational,595,69,79,88,22080,synthetic-00186,133,true
2026-06-10,20:00,X,Social media tips for better engagement,Marketing,Informational,297,22,32,72,10651,synthetic-00187,82,true
2026-04-02,09:00,X,Ways to grow your online audience,Marketing,Educational,491,56,51,59,14248,synthetic-00188,28,true
2026-02-14,09:30,Instagram,Simple marketing strategies for beginners,Marketing,Informational,1029,127,155,232,26473,synthetic-00189,118,true
2026-08-26,19:00,Facebook,How AI is changing the way we work,AI,Promotional,1069,84,109,170,36313,synthetic-00190,185,true
2026-07-13,09:30,Facebook,Learn Python functions with simple examples,Python,Promotional,432,42,44,38,11206,synthetic-00191,93,true
2026-05-17,08:00,X,Beginner guide to modern technology,Technology,Informational,563,61,75,90,22357,synthetic-00192,133,true
2026-02-09,12:00,Instagram,Learn Python functions with simple examples,Python,Promotional,478,39,54,133,10195,synthetic-00193,181,true
2026-08-25,12:00,Instagram,Simple marketing strategies for beginners,Marketing,Educational,2858,132,136,786,44611,synthetic-00194,197,true
2026-07-24,18:30,Instagram,Learn Python functions with simple examples,Python,Promotional,894,106,106,125,38825,synthetic-00195,111,true
2026-03-19,10:00,LinkedIn,Python tricks that save coding time,Python,Promotional,1405,123,149,119,41457,synthetic-00196,1,true
2026-04-14,21:30,X,How AI is changing the way we work,AI,Informational,464,28,34,67,11234,synthetic-00197,59,true
2026-03-09,17:30,Instagram,Top Python mistakes beginners make,Python,Promotional,2525,160,138,306,46962,synthetic-00198,112,true
2025-12-29,17:00,Instagram,Social media tips for better engagement,Marketing,Entertainment,1023,87,52,118,20602,synthetic-00199,18,true
2026-06-13,12:30,Instagram,Ways to grow your online audience,Marketing,Educational,1456,118,78,324,19486,synthetic-00200,79,true
2026-09-07,09:30,LinkedIn,Ways to grow your online audience,Marketing,Promotional,149,5,8,12,7475,synthetic-00201,132,true
2026-07-31,10:30,LinkedIn,How technology is changing daily life,Technology,Promotional,112,14,14,19,5970,synthetic-00202,30,true
2026-06-19,21:00,Instagram,5 ways to improve your study routine,Education,Educational,784,29,65,92,14815,synthetic-00203,72,true
2026-08-19,21:30,LinkedIn,Simple study tips for better results,Education,Informational,1787,75,119,194,50625,synthetic-00204,71,true
2026-10-13,14:30,X,Python tricks that save coding time,Python,Educational,1760,75,146,371,41244,synthetic-00205,107,true
2026-04-29,09:30,Facebook,Beginner guide to modern technology,Technology,Educational,613,39,30,163,21943,synthetic-00206,27,true
2026-08-08,17:30,X,New product update is now available,Product,Informational,846,102,57,83,23330,synthetic-00207,48,true
2026-09-08,12:30,X,Beginner guide to artificial intelligence,AI,Informational,1158,74,110,278,39456,synthetic-00208,42,true
2026-05-22,20:00,X,Social media tips for better engagement,Marketing,Informational,278,19,28,59,9592,synthetic-00209,82,true
2026-03-03,12:00,Facebook,Simple marketing strategies for beginners,Marketing,Promotional,623,68,67,103,29706,synthetic-00210,173,true
2026-05-03,19:30,X,How to create engaging social media posts,Marketing,Informational,1811,194,117,180,40947,synthetic-00211,162,true
2026-01-30,18:30,Instagram,Social media tips for better engagement,Marketing,Entertainment,2560,255,296,254,35993,synthetic-00212,196,true
2026-07-11,17:30,X,New product update is now available,Product,Informational,995,116,67,95,27895,synthetic-00213,48,true
2026-05-07,17:30,LinkedIn,AI tools that save you 10 hours a week,AI,Entertainment,681,41,75,113,10619,synthetic-00214,32,true
2026-03-24,17:30,LinkedIn,5 ways to improve your study routine,Education,Entertainment,1317,65,121,318,31834,synthetic-00215,100,true
2026-09-23,12:00,Facebook,5 Python tips every beginner should know,Python,Informational,1243,164,64,246,22907,synthetic-00216,13,true
2026-01-25,18:30,Instagram,How to create engaging social media posts,Marketing,Educational,618,29,83,180,9369,synthetic-00217,177,true
2026-08-31,19:00,LinkedIn,Learn Python functions with simple examples,Python,Entertainment,1651,188,215,284,40806,synthetic-00218,176,true
2026-08-08,09:00,X,Social media tips for better engagement,Marketing,Entertainment,1256,59,90,295,28698,synthetic-00219,98,true
2026-03-09,18:00,Facebook,Beginner guide to artificial intelligence,AI,Educational,1098,88,119,241,20794,synthetic-00220,88,true
2026-05-30,14:00,Facebook,The future of technology explained,Technology,Promotional,1769,132,129,381,53687,synthetic-00221,183,true
2026-06-26,09:30,Facebook,The future of technology explained,Technology,Entertainment,1685,217,170,349,26248,synthetic-00222,66,true
2026-08-26,19:30,Facebook,5 technologies shaping the future,Technology,Entertainment,1133,78,64,221,17490,synthetic-00223,191,true
2026-09-06,10:30,Facebook,Learn Python functions with simple examples,Python,Entertainment,1257,153,83,309,17616,synthetic-00224,53,true
2026-06-25,17:00,LinkedIn,Content ideas that attract more viewers,Marketing,Promotional,1418,169,201,285,35470,synthetic-00225,12,true
2026-05-15,20:30,Instagram,Simple study tips for better results,Education,Entertainment,1163,80,55,225,23706,synthetic-00226,152,true
2026-08-29,10:30,X,Python tricks that save coding time,Python,Promotional,1027,80,148,278,29499,synthetic-00227,178,true
2026-07-24,18:30,Instagram,How our new feature improves productivity,Product,Informational,2018,200,136,530,44179,synthetic-00228,195,true
2026-06-06,19:00,Instagram,Best learning habits for students,Education,Educational,655,57,35,100,9118,synthetic-00229,24,true
2026-07-11,12:00,Instagram,Product update: new tools for users,Product,Educational,1865,103,104,183,24485,synthetic-00230,63,true
2026-04-09,20:30,X,Latest AI trends you should know,AI,Entertainment,323,15,47,60,9376,synthetic-00231,170,true
2026-01-06,08:30,Facebook,Beginner guide to modern technology,Technology,Promotional,542,56,68,81,15618,synthetic-00232,158,true
2026-07-01,21:00,Facebook,Learn Python functions with simple examples,Python,Educational,2330,276,325,585,36994,synthetic-00233,84,true
2026-02-22,12:00,Instagram,Learn Python functions with simple examples,Python,Promotional,543,39,59,135,11759,synthetic-00234,181,true
2026-06-12,21:00,Instagram,5 ways to improve your study routine,Education,Educational,766,29,61,99,14536,synthetic-00235,72,true
2026-05-12,19:00,LinkedIn,Python tricks that save coding time,Python,Entertainment,883,81,82,259,32243,synthetic-00236,92,true
2026-01-23,12:30,LinkedIn,Easy Python projects for students,Python,Entertainment,1544,67,222,488,22968,synthetic-00237,187,true
2026-01-04,14:30,Instagram,5 technologies shaping the future,Technology,Promotional,842,47,47,178,24910,synthetic-00238,104,true
2026-06-26,19:00,X,Python tricks that save coding time,Python,Promotional,680,73,63,72,20872,synthetic-00239,11,true
2026-03-11,10:00,X,Best learning habits for students,Education,Educational,2039,116,215,553,38806,synthetic-00240,165,true
2026-07-18,12:00,Facebook,Latest AI trends you should know,AI,Entertainment,1095,87,145,183,14664,synthetic-00241,140,true
2026-06-04,12:30,X,Beginner guide to modern technology,Technology,Educational,1689,151,196,435,35106,synthetic-00242,44,true
2026-05-23,18:30,X,How our new feature improves productivity,Product,Educational,2357,172,137,399,53894,synthetic-00243,46,true
2026-07-22,19:00,Instagram,Simple marketing strategies for beginners,Marketing,Promotional,2576,224,350,333,46224,synthetic-00244,89,true
2026-02-17,08:30,X,Product update: new tools for users,Product,Informational,1154,75,166,199,36565,synthetic-00245,200,true
2026-04-06,09:30,LinkedIn,Simple study tips for better results,Education,Informational,412,34,47,67,10900,synthetic-00246,77,true
2026-06-28,19:30,Instagram,How our new feature improves productivity,Product,Promotional,1055,48,62,181,25526,synthetic-00247,138,true
2026-09-26,08:00,Facebook,How AI is changing the way we work,AI,Promotional,398,34,38,104,22478,synthetic-00248,21,true
2026-06-22,12:00,Facebook,5 technologies shaping the future,Technology,Entertainment,1309,76,180,186,21968,synthetic-00249,161,true
2026-08-09,12:30,Facebook,How our new feature improves productivity,Product,Promotional,2184,213,306,463,45449,synthetic-00250,36,true
2026-02-12,09:00,Instagram,Content ideas that attract more viewers,Marketing,Informational,1508,127,180,144,27024,synthetic-00251,125,true
2026-07-25,19:00,LinkedIn,Learn Python functions with simple examples,Python,Entertainment,1601,183,196,254,36836,synthetic-00252,176,true
2026-07-20,14:30,X,Technology trends to watch this year,Technology,Informational,734,71,55,75,18396,synthetic-00253,148,true
2026-08-14,14:30,LinkedIn,Latest AI trends you should know,AI,Educational,1662,141,219,232,26181,synthetic-00254,74,true
2026-01-12,18:30,Instagram,Social media tips for better engagement,Marketing,Entertainment,3341,290,392,310,45125,synthetic-00255,196,true
2026-08-14,10:00,X,Best learning habits for students,Education,Entertainment,1236,73,142,326,49633,synthetic-00256,124,true
2026-07-28,18:00,Facebook,Ways to grow your online audience,Marketing,Educational,1066,124,96,219,30945,synthetic-00257,110,true
2026-09-14,08:00,Facebook,How AI is changing the way we work,AI,Promotional,526,48,48,131,27691,synthetic-00258,21,true
2026-05-30,19:00,X,5 technologies shaping the future,Technology,Informational,662,33,53,96,26754,synthetic-00259,157,true
2026-03-14,18:30,X,How our new feature improves productivity,Product,Entertainment,626,57,90,130,17491,synthetic-00260,134,true
2026-07-19,18:00,Facebook,5 Python tips every beginner should know,Python,Promotional,1026,74,103,161,27975,synthetic-00261,57,true
2026-05-06,19:00,LinkedIn,Python tricks that save coding time,Python,Entertainment,798,89,88,246,31607,synthetic-00262,92,true
2026-01-26,09:30,Instagram,Simple marketing strategies for beginners,Marketing,Informational,1036,120,149,227,23912,synthetic-00263,118,true
2026-07-09,14:00,Facebook,The future of technology explained,Technology,Promotional,1302,103,95,261,44524,synthetic-00264,183,true
2026-04-18,19:30,LinkedIn,Social media tips for better engagement,Marketing,Entertainment,3464,305,376,786,57791,synthetic-00265,113,true
2026-07-08,21:00,X,Important skills every student should learn,Education,Promotional,956,65,83,208,31364,synthetic-00266,156,true
2026-06-20,10:00,Facebook,Content ideas that attract more viewers,Marketing,Entertainment,2731,194,145,356,41449,synthetic-00267,199,true
2026-06-30,19:00,Instagram,Best learning habits for students,Education,Educational,736,59,41,114,9954,synthetic-00268,24,true
2026-03-04,10:00,Facebook,Best learning habits for students,Education,Informational,1989,161,83,211,46653,synthetic-00269,155,true
2026-07-10,18:30,Instagram,How our new feature improves productivity,Product,Informational,2027,203,150,549,50272,synthetic-00270,195,true
2026-08-29,20:00,X,5 Python tips every beginner should know,Python,Educational,481,19,38,99,15876,synthetic-00271,129,true
2026-04-03,18:30,Instagram,Technology trends to watch this year,Technology,Informational,1649,140,172,182,33458,synthetic-00272,143,true
2026-05-29,08:30,Instagram,Top Python mistakes beginners make,Python,Promotional,916,68,57,178,22273,synthetic-00273,159,true
2026-09-25,19:00,Facebook,How AI is changing the way we work,AI,Promotional,1257,100,120,207,42021,synthetic-00274,185,true
2026-01-24,12:00,Facebook,How to create engaging social media posts,Marketing,Educational,1008,96,78,155,26926,synthetic-00275,5,true
2026-03-04,18:00,LinkedIn,Ways to grow your online audience,Marketing,Promotional,1027,61,90,218,43264,synthetic-00276,188,true
2026-02-08,18:30,Instagram,Technology trends to watch this year,Technology,Informational,2092,163,213,221,39769,synthetic-00277,143,true
2026-02-01,19:30,Instagram,Simple marketing strategies for beginners,Marketing,Promotional,772,69,83,144,25549,synthetic-00278,68,true
2026-05-13,20:00,Instagram,Simple marketing strategies for beginners,Marketing,Promotional,637,39,87,145,16014,synthetic-00279,6,true
2026-03-18,09:00,Instagram,Top Python mistakes beginners make,Python,Promotional,3225,262,460,705,54142,synthetic-00280,22,true
2026-06-27,21:00,Instagram,5 ways to improve your study routine,Education,Educational,852,34,67,106,16248,synthetic-00281,72,true
2026-02-02,17:00,X,Best learning habits for students,Education,Informational,457,46,31,129,16231,synthetic-00282,69,true
2026-02-06,12:30,LinkedIn,Easy Python projects for students,Python,Entertainment,1874,80,257,563,28560,synthetic-00283,187,true
2026-03-15,14:30,LinkedIn,Our new dashboard feature is live,Product,Informational,520,65,39,79,13572,synthetic-00284,119,true
2026-05-14,19:30,X,Python tricks that save coding time,Python,Promotional,527,53,23,121,31021,synthetic-00285,171,true
2026-02-28,10:00,Facebook,Best learning habits for students,Education,Informational,2111,186,96,234,52263,synthetic-00286,155,true
2026-06-27,19:30,X,How to create engaging social media posts,Marketing,Informational,1955,221,141,206,46147,synthetic-00287,162,true
2026-02-02,19:30,Instagram,Simple marketing strategies for beginners,Marketing,Promotional,580,58,63,121,22389,synthetic-00288,68,true
2026-09-18,12:00,Facebook,5 ways to improve your study routine,Education,Informational,1671,97,142,319,26321,synthetic-00289,54,true
2026-02-05,08:00,Facebook,Learn Python functions with simple examples,Python,Promotional,1808,138,96,238,46830,synthetic-00290,137,true
2026-08-17,12:30,X,Simple marketing strategies for beginners,Marketing,Informational,723,53,55,98,39198,synthetic-00291,83,true
2026-02-17,18:00,Facebook,Beginner guide to artificial intelligence,AI,Educational,1017,88,119,249,19395,synthetic-00292,88,true
2026-09-01,12:30,X,Beginner guide to artificial intelligence,AI,Informational,1038,66,91,271,35322,synthetic-00293,42,true
2026-04-21,10:00,Facebook,See what is new in our latest release,Product,Educational,857,46,57,151,20449,synthetic-00294,43,true
2026-05-21,21:00,Instagram,5 ways to improve your study routine,Education,Educational,961,37,72,122,16030,synthetic-00295,72,true
2026-07-03,18:30,Facebook,Simple study tips for better results,Education,Informational,1951,190,213,273,36847,synthetic-00296,45,true
2026-03-07,14:30,LinkedIn,Our new dashboard feature is live,Product,Informational,504,67,37,81,13465,synthetic-00297,119,true
2026-03-24,08:30,X,Product update: new tools for users,Product,Promotional,397,44,57,39,13435,synthetic-00298,116,true
2026-01-30,12:00,Instagram,Content ideas that attract more viewers,Marketing,Informational,1752,68,114,445,52344,synthetic-00299,49,true
2026-06-20,14:00,Instagram,Important skills every student should learn,Education,Informational,2616,243,206,475,34202,synthetic-00300,37,true
2026-05-01,21:00,Instagram,How AI is changing the way we work,AI,Entertainment,4102,217,359,512,38990,synthetic-00301,81,true
2026-02-21,19:00,X,Beginner guide to artificial intelligence,AI,Entertainment,1000,68,131,267,25054,synthetic-00302,149,true
2026-01-26,21:30,X,Technology trends to watch this year,Technology,Informational,122,16,16,25,7060,synthetic-00303,67,true
2025-12-04,18:30,Instagram,How to create engaging social media posts,Marketing,Educational,619,30,93,195,9719,synthetic-00304,177,true
2026-07-15,19:00,Instagram,Simple marketing strategies for beginners,Marketing,Promotional,2421,238,347,328,46259,synthetic-00305,89,true
2026-03-19,19:00,Instagram,AI tools that save you 10 hours a week,AI,Promotional,1134,116,70,255,30418,synthetic-00306,39,true
2026-03-28,18:00,X,How to create engaging social media posts,Marketing,Promotional,626,68,80,98,21812,synthetic-00307,76,true
2026-06-18,19:30,X,How to create engaging social media posts,Marketing,Informational,1781,212,137,192,44131,synthetic-00308,162,true
2026-03-26,14:30,Instagram,5 useful AI tools for students,AI,Educational,3309,198,346,820,32816,synthetic-00309,51,true
2026-07-20,10:30,LinkedIn,How technology is changing daily life,Technology,Promotional,104,12,13,19,6153,synthetic-00310,30,true
2026-01-11,12:30,LinkedIn,Easy Python projects for students,Python,Entertainment,1758,70,263,535,27094,synthetic-00311,187,true
2026-04-08,09:00,Facebook,5 technologies shaping the future,Technology,Promotional,340,38,21,44,19715,synthetic-00312,164,true
2026-05-14,21:30,LinkedIn,5 technologies shaping the future,Technology,Promotional,1336,157,170,163,44770,synthetic-00313,85,true
2026-04-17,20:30,LinkedIn,Learn Python functions with simple examples,Python,Entertainment,1867,180,168,452,33845,synthetic-00314,41,true
2026-09-10,09:30,LinkedIn,How AI is changing the way we work,AI,Promotional,288,26,34,59,11486,synthetic-00315,121,true
2026-03-18,08:00,Facebook,Latest AI trends you should know,AI,Educational,562,61,38,68,7992,synthetic-00316,147,true
2026-05-10,17:30,LinkedIn,5 ways to improve your study routine,Education,Entertainment,1495,73,129,319,34135,synthetic-00317,100,true
2026-03-11,08:00,Facebook,Latest AI trends you should know,AI,Educational,471,52,35,61,6555,synthetic-00318,147,true
2026-07-08,12:30,Facebook,How our new feature improves productivity,Product,Promotional,2193,203,296,441,44670,synthetic-00319,36,true
2026-07-20,19:00,X,Python tricks that save coding time,Python,Promotional,694,69,64,67,21144,synthetic-00320,11,true
2026-06-15,17:00,Facebook,How to learn technical skills faster,Education,Educational,1286,98,66,104,40409,synthetic-00321,150,true
2026-09-04,12:00,Instagram,Product update: new tools for users,Product,Educational,2024,104,114,180,25346,synthetic-00322,63,true
2026-05-30,19:00,Instagram,Best learning habits for students,Education,Educational,746,63,38,115,10364,synthetic-00323,24,true
2026-08-29,09:00,X,Social media tips for better engagement,Marketing,Entertainment,1244,58,88,272,30333,synthetic-00324,98,true
2026-01-20,12:00,X,How our new feature improves productivity,Product,Entertainment,1104,74,154,258,34325,synthetic-00325,180,true
2025-12-10,18:30,Instagram,How to create engaging social media posts,Marketing,Educational,549,23,72,161,7547,synthetic-00326,177,true
2026-05-28,10:00,X,How technology is changing daily life,Technology,Promotional,1643,89,132,278,49411,synthetic-00327,122,true
2026-01-26,19:00,X,Beginner guide to artificial intelligence,AI,Entertainment,1312,97,161,342,32602,synthetic-00328,149,true
2026-03-31,14:30,LinkedIn,Our new dashboard feature is live,Product,Informational,477,59,32,77,12662,synthetic-00329,119,true
2026-07-16,09:00,LinkedIn,Top Python mistakes beginners make,Python,Informational,1335,66,194,349,43087,synthetic-00330,179,true
2026-02-27,08:00,Facebook,Learn Python functions with simple examples,Python,Promotional,1486,109,76,182,38267,synthetic-00331,137,true
2026-08-17,12:30,Facebook,How our new feature improves productivity,Product,Promotional,2251,218,296,494,48091,synthetic-00332,36,true
2026-07-08,17:30,X,New product update is now available,Product,Informational,858,105,58,90,22020,synthetic-00333,48,true
2026-05-20,14:00,Facebook,The future of technology explained,Technology,Promotional,1254,104,89,274,39464,synthetic-00334,183,true
2026-05-15,08:30,Instagram,New product update is now available,Product,Entertainment,1019,121,74,260,18937,synthetic-00335,31,true
2026-03-01,14:30,Instagram,5 useful AI tools for students,AI,Educational,2812,159,308,721,29043,synthetic-00336,51,true
2025-12-05,08:00,X,5 ways to improve your study routine,Education,Informational,864,83,73,200,23017,synthetic-00337,64,true
2026-02-05,17:00,Facebook,Python tricks that save coding time,Python,Educational,1980,95,240,505,49843,synthetic-00338,29,true
2026-05-29,20:00,LinkedIn,How AI is changing the way we work,AI,Educational,1279,160,93,144,43344,synthetic-00339,94,true
2026-07-11,12:30,X,Beginner guide to modern technology,Technology,Educational,1398,136,164,406,30281,synthetic-00340,44,true
2026-03-15,21:00,Facebook,5 ways to improve your study routine,Education,Entertainment,2205,260,237,636,34213,synthetic-00341,91,true
2026-09-08,12:30,X,Beginner guide to artificial intelligence,AI,Informational,1238,71,108,273,37199,synthetic-00342,42,true
2026-06-19,20:30,X,Social media tips for better engagement,Marketing,Entertainment,674,72,76,77,11918,synthetic-00343,144,true
2026-08-12,09:30,LinkedIn,Ways to grow your online audience,Marketing,Promotional,134,5,7,11,6272,synthetic-00344,132,true
2026-03-29,18:30,X,How our new feature improves productivity,Product,Entertainment,631,52,89,120,15904,synthetic-00345,134,true
2026-07-09,21:30,Facebook,5 Python tips every beginner should know,Python,Promotional,139,11,17,21,7256,synthetic-00346,33,true
2026-08-18,10:00,X,Best learning habits for students,Education,Entertainment,1247,79,136,328,47993,synthetic-00347,124,true
2026-01-24,19:30,Facebook,5 useful AI tools for students,AI,Promotional,2055,224,188,456,40497,synthetic-00348,25,true
2026-06-14,21:00,Facebook,Learn Python functions with simple examples,Python,Educational,2810,361,420,784,49529,synthetic-00349,84,true
2026-02-18,18:30,Instagram,Technology trends to watch this year,Technology,Informational,2188,163,239,240,44017,synthetic-00350,143,true
2026-04-25,20:30,X,Latest AI trends you should know,AI,Entertainment,404,20,57,80,12379,synthetic-00351,170,true
2026-07-30,10:30,X,Our new dashboard feature is live,Product,Informational,436,25,28,93,15372,synthetic-00352,55,true
2026-05-24,12:30,Instagram,Ways to grow your online audience,Marketing,Educational,1709,130,83,385,19114,synthetic-00353,79,true
2026-07-04,09:30,X,See what is new in our latest release,Product,Entertainment,1610,117,134,318,28273,synthetic-00354,189,true
2026-07-16,12:30,Facebook,How our new feature improves productivity,Product,Promotional,2172,233,336,470,49530,synthetic-00355,36,true
2026-03-08,18:00,LinkedIn,Ways to grow your online audience,Marketing,Promotional,937,58,81,196,44457,synthetic-00356,188,true
2026-06-01,19:30,X,Python tricks that save coding time,Python,Promotional,528,53,22,115,26415,synthetic-00357,171,true
2026-09-15,14:30,X,Python tricks that save coding time,Python,Educational,1350,64,114,306,35362,synthetic-00358,107,true
2026-05-30,10:00,X,How technology is changing daily life,Technology,Promotional,1362,74,115,229,44796,synthetic-00359,122,true
2026-06-22,20:30,X,Social media tips for better engagement,Marketing,Entertainment,810,92,91,98,14632,synthetic-00360,144,true
2026-03-14,18:30,X,How our new feature improves productivity,Product,Entertainment,601,49,86,125,15150,synthetic-00361,134,true
2026-02-21,21:00,Instagram,Ways to grow your online audience,Marketing,Entertainment,2287,108,182,349,39071,synthetic-00362,135,true
2026-08-22,12:00,Instagram,Simple marketing strategies for beginners,Marketing,Educational,2359,95,117,642,35478,synthetic-00363,197,true
2026-03-06,21:00,Instagram,How AI is changing the way we work,AI,Entertainment,3442,190,294,472,35191,synthetic-00364,81,true
2026-04-08,20:30,LinkedIn,Learn Python functions with simple examples,Python,Entertainment,1863,202,176,524,39848,synthetic-00365,41,true
2025-12-30,09:30,Facebook,Our new dashboard feature is live,Product,Promotional,271,22,34,28,14363,synthetic-00366,131,true
2026-01-20,08:30,Facebook,Social media tips for better engagement,Marketing,Entertainment,506,32,57,60,15640,synthetic-00367,86,true
2026-01-28,14:00,X,Technology trends to watch this year,Technology,Informational,1676,110,141,388,48727,synthetic-00368,23,true
2026-08-27,10:30,X,Python tricks that save coding time,Python,Promotional,982,71,126,270,28358,synthetic-00369,178,true
2026-07-20,12:30,X,Simple marketing strategies for beginners,Marketing,Informational,687,51,59,103,38214,synthetic-00370,83,true
2026-06-28,14:00,Facebook,How our new feature improves productivity,Product,Informational,763,53,91,219,14344,synthetic-00371,58,true
2026-04-05,09:00,Facebook,5 technologies shaping the future,Technology,Promotional,391,42,24,48,21583,synthetic-00372,164,true
2026-08-07,10:30,X,Python tricks that save coding time,Python,Promotional,917,73,124,263,28813,synthetic-00373,178,true
2026-05-16,08:30,Instagram,Best learning habits for students,Education,Entertainment,2114,157,105,250,32304,synthetic-00374,126,true
2026-06-02,19:00,X,5 technologies shaping the future,Technology,Informational,714,36,61,104,28356,synthetic-00375,157,true
2026-08-07,18:00,Facebook,Ways to grow your online audience,Marketing,Educational,846,108,71,194,23602,synthetic-00376,110,true
2026-04-13,08:30,LinkedIn,Simple study tips for better results,Education,Entertainment,1309,135,91,304,19307,synthetic-00377,20,true
2026-08-27,09:30,Facebook,AI tools that save you 10 hours a week,AI,Informational,1251,91,119,309,39465,synthetic-00378,103,true
2026-06-06,12:30,LinkedIn,Technology trends to watch this year,Technology,Educational,1688,101,148,378,36645,synthetic-00379,56,true
2026-05-08,19:30,X,How to create engaging social media posts,Marketing,Informational,1921,224,139,211,46783,synthetic-00380,162,true
2026-05-11,17:30,LinkedIn,5 ways to improve your study routine,Education,Entertainment,1508,66,116,336,35202,synthetic-00381,100,true
2026-04-21,20:30,Instagram,How to create engaging social media posts,Marketing,Informational,883,63,69,237,24782,synthetic-00382,190,true
2026-04-21,17:30,Instagram,Top Python mistakes beginners make,Python,Promotional,2674,165,148,313,44993,synthetic-00383,112,true
2026-01-20,09:30,Facebook,Python tricks that save coding time,Python,Educational,1691,230,204,165,33546,synthetic-00384,115,true
2026-09-17,18:00,Instagram,Product update: new tools for users,Product,Educational,1602,167,124,275,19707,synthetic-00385,153,true
2026-03-23,21:00,Instagram,How AI is changing the way we work,AI,Entertainment,3864,192,353,525,39420,synthetic-00386,81,true
2026-03-29,18:00,Facebook,The future of technology explained,Technology,Educational,995,122,123,201,35902,synthetic-00387,109,true
2026-10-16,08:30,LinkedIn,Learn Python functions with simple examples,Python,Informational,168,19,21,51,4987,synthetic-00388,34,true
2026-03-14,09:30,X,Python tricks that save coding time,Python,Educational,747,74,32,82,34911,synthetic-00389,61,true
2026-05-28,19:00,Instagram,Best learning habits for students,Education,Educational,577,50,32,97,8790,synthetic-00390,24,true
2026-01-01,14:00,X,Technology trends to watch this year,Technology,Informational,1774,100,143,378,44187,synthetic-00391,23,true
2026-04-05,18:00,Facebook,The future of technology explained,Technology,Educational,929,118,133,209,37598,synthetic-00392,109,true
2026-04-02,19:30,LinkedIn,Social media tips for better engagement,Marketing,Entertainment,3199,321,348,726,55749,synthetic-00393,113,true
2026-02-03,17:00,Facebook,Simple study tips for better results,Education,Informational,1876,223,75,524,33241,synthetic-00394,70,true
2026-04-25,12:00,Facebook,Important skills every student should learn,Education,Entertainment,2098,243,309,271,28066,synthetic-00395,123,true
2026-10-09,09:30,LinkedIn,How to learn technical skills faster,Education,Educational,498,60,47,48,19073,synthetic-00396,40,true
2026-05-18,19:30,Instagram,Beginner guide to artificial intelligence,AI,Entertainment,2118,147,102,398,26436,synthetic-00397,114,true
2026-03-29,09:00,Instagram,Top Python mistakes beginners make,Python,Promotional,2971,215,425,563,47402,synthetic-00398,22,true
2026-07-06,10:00,Facebook,Content ideas that attract more viewers,Marketing,Entertainment,2386,176,114,320,35533,synthetic-00399,199,true
2026-06-05,19:30,X,How to create engaging social media posts,Marketing,Informational,2065,239,150,226,47641,synthetic-00400,162,true
2026-06-21,19:30,Instagram,How our new feature improves productivity,Product,Promotional,1054,49,62,167,26173,synthetic-00401,138,true
2026-09-04,08:00,X,AI tools that save you 10 hours a week,AI,Educational,514,56,27,88,9886,synthetic-00402,19,true
2026-03-19,18:30,X,How our new feature improves productivity,Product,Entertainment,723,64,107,138,18491,synthetic-00403,134,true
2026-06-12,17:00,LinkedIn,Content ideas that attract more viewers,Marketing,Promotional,1337,164,194,297,36363,synthetic-00404,12,true
2026-06-02,19:00,X,Python tricks that save coding time,Python,Promotional,812,94,77,85,23826,synthetic-00405,11,true
2026-07-24,12:30,X,Beginner guide to artificial intelligence,AI,Informational,995,60,90,232,34295,synthetic-00406,42,true
2026-09-13,10:00,X,Best learning habits for students,Education,Entertainment,1022,61,114,263,38707,synthetic-00407,124,true
2026-04-27,10:30,X,5 Python tips every beginner should know,Python,Informational,1546,181,171,211,50550,synthetic-00408,172,true
2026-02-24,12:00,Facebook,Simple marketing strategies for beginners,Marketing,Promotional,729,78,76,137,35117,synthetic-00409,173,true
2026-09-16,14:00,Facebook,How to learn technical skills faster,Education,Informational,624,37,74,170,12148,synthetic-00410,166,true
2026-03-14,09:30,LinkedIn,Simple study tips for better results,Education,Informational,477,39,59,81,13961,synthetic-00411,77,true
2026-09-25,10:30,Facebook,Learn Python functions with simple examples,Python,Entertainment,938,115,68,239,14167,synthetic-00412,53,true
2026-06-15,18:30,Facebook,Simple study tips for better results,Education,Informational,2261,219,249,303,45911,synthetic-00413,45,true
2026-06-05,08:30,LinkedIn,Python tricks that save coding time,Python,Promotional,1260,65,139,208,36316,synthetic-00414,127,true
2026-03-07,18:00,LinkedIn,Ways to grow your online audience,Marketing,Promotional,956,65,85,224,42580,synthetic-00415,188,true
2026-03-11,18:30,Instagram,Social media tips for better engagement,Marketing,Entertainment,2656,250,301,244,36400,synthetic-00416,196,true
2026-07-14,10:30,LinkedIn,How technology is changing daily life,Technology,Promotional,117,15,14,21,7091,synthetic-00417,30,true
2026-03-14,10:30,Instagram,Our new dashboard feature is live,Product,Informational,798,78,78,144,11187,synthetic-00418,60,true
2026-01-13,08:00,Facebook,Learn Python functions with simple examples,Python,Promotional,1694,130,81,201,43275,synthetic-00419,137,true
2026-07-25,12:00,Facebook,Latest AI trends you should know,AI,Entertainment,1179,93,153,195,16217,synthetic-00420,140,true
2026-03-19,08:30,X,Product update: new tools for users,Product,Promotional,328,40,48,33,11049,synthetic-00421,116,true
2026-06-13,18:30,Instagram,Learn Python functions with simple examples,Python,Promotional,805,99,98,104,32292,synthetic-00422,111,true
2026-01-20,14:30,Instagram,5 technologies shaping the future,Technology,Promotional,853,47,46,176,23992,synthetic-00423,104,true
2026-04-11,21:00,X,How AI is changing the way we work,AI,Educational,1386,157,84,309,34943,synthetic-00424,50,true
2026-01-28,12:00,Instagram,Content ideas that attract more viewers,Marketing,Informational,1561,64,102,420,51399,synthetic-00425,49,true
2026-03-09,10:30,Instagram,Our new dashboard feature is live,Product,Informational,947,85,80,158,11490,synthetic-00426,60,true
2026-08-21,18:00,Facebook,Ways to grow your online audience,Marketing,Educational,949,121,85,227,30168,synthetic-00427,110,true
2026-06-14,08:00,X,Beginner guide to modern technology,Technology,Informational,691,69,86,105,25792,synthetic-00428,133,true
2026-04-04,20:30,Instagram,How to create engaging social media posts,Marketing,Informational,956,73,83,279,25685,synthetic-00429,190,true
2026-07-12,09:00,LinkedIn,New product update is now available,Product,Entertainment,387,21,41,79,12608,synthetic-00430,9,true
2026-07-12,09:30,Facebook,Learn Python functions with simple examples,Python,Promotional,466,45,45,39,11914,synthetic-00431,93,true
2026-03-02,08:30,Facebook,Social media tips for better engagement,Marketing,Entertainment,359,23,45,44,12513,synthetic-00432,86,true
2026-10-05,08:30,LinkedIn,Learn Python functions with simple examples,Python,Informational,174,17,18,48,4377,synthetic-00433,34,true
2026-07-20,10:30,LinkedIn,How technology is changing daily life,Technology,Promotional,109,13,13,18,5772,synthetic-00434,30,true
2026-01-13,08:00,X,5 ways to improve your study routine,Education,Informational,994,100,86,228,25220,synthetic-00435,64,true
2026-03-11,21:30,X,How AI is changing the way we work,AI,Informational,502,35,38,79,13453,synthetic-00436,59,true
2026-05-06,08:30,LinkedIn,Simple study tips for better results,Education,Entertainment,1470,162,106,338,22739,synthetic-00437,20,true
2026-02-27,19:30,LinkedIn,Social media tips for better engagement,Marketing,Entertainment,3591,305,396,722,56335,synthetic-00438,113,true
2026-02-08,20:30,Facebook,Simple marketing strategies for beginners,Marketing,Educational,1776,189,236,376,26569,synthetic-00439,141,true
2025-12-21,14:30,LinkedIn,5 useful AI tools for students,AI,Promotional,436,34,35,45,25231,synthetic-00440,108,true
2026-06-17,10:30,Facebook,Easy Python projects for students,Python,Educational,1288,59,114,193,42761,synthetic-00441,96,true
2026-03-16,20:00,Facebook,Social media tips for better engagement,Marketing,Educational,2379,104,188,395,32380,synthetic-00442,130,true
2026-06-28,20:30,X,Social media tips for better engagement,Marketing,Entertainment,627,69,68,77,11766,synthetic-00443,144,true
2026-01-06,12:00,X,How our new feature improves productivity,Product,Entertainment,1113,68,145,266,33114,synthetic-00444,180,true
2026-05-11,09:00,LinkedIn,Content ideas that attract more viewers,Marketing,Entertainment,1247,77,74,116,41579,synthetic-00445,65,true
2026-05-13,20:30,X,Social media tips for better engagement,Marketing,Entertainment,724,81,75,88,14258,synthetic-00446,144,true
2026-02-24,14:30,LinkedIn,Our new dashboard feature is live,Product,Informational,578,71,41,98,13915,synthetic-00447,119,true
2026-01-12,19:00,X,Beginner guide to artificial intelligence,AI,Entertainment,1041,65,112,249,22689,synthetic-00448,149,true
2026-04-12,09:30,LinkedIn,Simple study tips for better results,Education,Informational,348,30,41,62,9491,synthetic-00449,77,true
2026-04-13,20:30,Instagram,How to create engaging social media posts,Marketing,Informational,839,58,73,231,21948,synthetic-00450,190,true
2025-12-31,14:00,X,Technology trends to watch this year,Technology,Informational,1610,95,134,359,41600,synthetic-00451,23,true
2026-06-17,21:00,Instagram,Easy Python projects for students,Python,Entertainment,2273,259,166,496,35702,synthetic-00452,62,true
2026-01-18,10:00,LinkedIn,New product update is now available,Product,Informational,2260,119,187,612,47969,synthetic-00453,95,true
2026-08-14,08:00,Facebook,How AI is changing the way we work,AI,Promotional,464,45,46,127,26755,synthetic-00454,21,true
2026-08-18,10:30,Facebook,Learn Python functions with simple examples,Python,Entertainment,1091,146,77,301,16118,synthetic-00455,53,true
2026-03-08,21:30,X,Technology trends to watch this year,Technology,Informational,141,17,18,28,7155,synthetic-00456,67,true
2026-05-06,18:00,Facebook,The future of technology explained,Technology,Educational,966,115,128,209,36547,synthetic-00457,109,true
2026-06-13,09:30,Facebook,Beginner guide to modern technology,Technology,Educational,543,38,31,171,21165,synthetic-00458,27,true
2026-03-23,08:30,X,Product update: new tools for users,Product,Promotional,360,39,51,36,11299,synthetic-00459,116,true
2026-07-24,09:00,Instagram,Beginner guide to artificial intelligence,AI,Educational,1180,125,153,239,28096,synthetic-00460,101,true
2026-03-31,21:30,LinkedIn,5 technologies shaping the future,Technology,Promotional,1640,175,193,185,48257,synthetic-00461,85,true
2026-01-09,12:00,Instagram,Content ideas that attract more viewers,Marketing,Informational,1724,70,115,431,50978,synthetic-00462,49,true
2026-03-18,12:00,Facebook,Simple marketing strategies for beginners,Marketing,Promotional,617,70,68,110,31910,synthetic-00463,173,true
2026-05-18,19:30,Instagram,Beginner guide to artificial intelligence,AI,Entertainment,1687,123,78,299,19912,synthetic-00464,114,true
2026-07-13,14:00,Facebook,The future of technology explained,Technology,Promotional,1360,105,93,274,42134,synthetic-00465,183,true
2026-04-26,09:00,LinkedIn,Content ideas that attract more viewers,Marketing,Entertainment,1536,97,80,140,49191,synthetic-00466,65,true
2026-07-20,09:30,Facebook,Learn Python functions with simple examples,Python,Promotional,444,45,46,39,11919,synthetic-00467,93,true
2026-03-20,09:00,Facebook,5 technologies shaping the future,Technology,Promotional,319,36,20,43,18568,synthetic-00468,164,true
2026-09-22,10:30,Instagram,New product update is now available,Product,Informational,1751,105,224,469,42565,synthetic-00469,169,true
2026-01-18,08:00,X,5 ways to improve your study routine,Education,Informational,812,83,67,170,21647,synthetic-00470,64,true
2026-02-02,14:30,Instagram,5 useful AI tools for students,AI,Educational,2865,176,296,798,29132,synthetic-00471,51,true
2026-02-03,14:30,Instagram,Product update: new tools for users,Product,Informational,2649,232,356,668,43402,synthetic-00472,168,true
2026-06-16,19:30,X,How to create engaging social media posts,Marketing,Informational,1674,171,115,170,35642,synthetic-00473,162,true
2026-04-09,12:00,Facebook,Important skills every student should learn,Education,Entertainment,2194,245,309,260,26691,synthetic-00474,123,true
2026-01-21,20:30,Instagram,How AI is changing the way we work,AI,Promotional,774,49,96,182,18377,synthetic-00475,2,true
2026-10-13,14:30,X,Python tricks that save coding time,Python,Educational,1623,69,138,339,39650,synthetic-00476,107,true
2026-02-01,18:00,LinkedIn,Ways to grow your online audience,Marketing,Promotional,953,59,88,200,41072,synthetic-00477,188,true
2026-08-05,10:30,X,Our new dashboard feature is live,Product,Informational,574,37,40,118,21289,synthetic-00478,55,true
2026-03-11,21:30,X,Technology trends to watch this year,Technology,Informational,108,14,14,21,6248,synthetic-00479,67,true
2026-10-07,17:30,LinkedIn,Latest AI trends you should know,AI,Promotional,351,35,33,96,12122,synthetic-00480,175,true
2026-05-01,18:00,Facebook,The future of technology explained,Technology,Educational,838,110,118,184,35321,synthetic-00481,109,true
2026-04-25,19:30,X,Python tricks that save coding time,Python,Promotional,470,46,20,105,26074,synthetic-00482,171,true
2026-09-09,20:30,Facebook,Our new dashboard feature is live,Product,Promotional,395,37,20,95,12399,synthetic-00483,146,true
2026-06-09,09:30,Instagram,Learn Python functions with simple examples,Python,Entertainment,3525,384,369,807,42606,synthetic-00484,4,true
2025-12-23,19:30,Instagram,Simple marketing strategies for beginners,Marketing,Promotional,670,65,76,134,23954,synthetic-00485,68,true
2026-06-27,14:00,Instagram,Important skills every student should learn,Education,Informational,2330,240,184,407,32187,synthetic-00486,37,true
2026-06-29,12:30,Instagram,Ways to grow your online audience,Marketing,Educational,1432,118,68,324,17634,synthetic-00487,79,true
2026-08-01,17:30,LinkedIn,Beginner guide to modern technology,Technology,Entertainment,473,62,56,90,9555,synthetic-00488,136,true
2026-06-17,20:00,X,Important skills every student should learn,Education,Informational,1731,183,177,246,50095,synthetic-00489,10,true
2026-03-18,21:00,Instagram,How AI is changing the way we work,AI,Entertainment,3631,181,315,455,32398,synthetic-00490,81,true
2026-08-18,12:30,X,Beginner guide to artificial intelligence,AI,Informational,1292,75,113,297,44224,synthetic-00491,42,true
2026-03-08,10:00,Facebook,Ways to grow your online audience,Marketing,Informational,657,50,53,107,26832,synthetic-00492,3,true
2026-08-10,09:00,Instagram,Beginner guide to artificial intelligence,AI,Educational,1143,121,148,226,27642,synthetic-00493,101,true
2026-09-25,20:30,Facebook,Our new dashboard feature is live,Product,Promotional,533,54,26,112,15270,synthetic-00494,146,true
2026-03-12,21:00,Instagram,Ways to grow your online audience,Marketing,Entertainment,2184,110,159,321,38027,synthetic-00495,135,true
2026-05-08,19:00,LinkedIn,Python tricks that save coding time,Python,Entertainment,931,87,85,258,33380,synthetic-00496,92,true
2026-06-26,09:00,LinkedIn,New product update is now available,Product,Entertainment,348,17,36,70,10744,synthetic-00497,9,true
2026-02-01,10:00,Facebook,Best learning habits for students,Education,Informational,1772,148,82,189,40265,synthetic-00498,155,true
2026-06-14,21:00,X,Important skills every student should learn,Education,Promotional,805,56,67,181,24015,synthetic-00499,156,true
2026-02-11,21:00,Instagram,The future of technology explained,Technology,Entertainment,954,50,86,82,10892,synthetic-00500,47,true
2026-03-27,18:00,X,How to create engaging social media posts,Marketing,Promotional,713,70,95,114,26191,synthetic-00501,76,true
2026-07-02,19:30,Instagram,How our new feature improves productivity,Product,Promotional,1117,53,61,189,28678,synthetic-00502,138,true
2026-04-11,19:30,X,Simple marketing strategies for beginners,Marketing,Informational,254,12,10,54,11853,synthetic-00503,15,true
2026-01-15,08:30,Facebook,Beginner guide to modern technology,Technology,Promotional,578,62,70,90,17083,synthetic-00504,158,true
2025-12-04,08:00,X,5 ways to improve your study routine,Education,Informational,784,80,67,172,20060,synthetic-00505,64,true
2026-01-22,10:00,Facebook,Best learning habits for students,Education,Informational,2009,175,88,215,45342,synthetic-00506,155,true
2026-08-08,14:00,Facebook,How to learn technical skills faster,Education,Informational,519,30,61,131,10664,synthetic-00507,166,true
2026-01-06,08:30,Facebook,Beginner guide to modern technology,Technology,Promotional,432,43,56,75,13394,synthetic-00508,158,true
2026-05-08,09:30,X,See what is new in our latest release,Product,Entertainment,1245,92,112,252,24027,synthetic-00509,189,true
2026-02-11,20:00,Instagram,Important skills every student should learn,Education,Educational,1240,88,142,192,29417,synthetic-00510,145,true
2026-07-09,12:00,Facebook,5 technologies shaping the future,Technology,Entertainment,1458,85,213,213,24808,synthetic-00511,161,true
2026-09-17,10:30,X,Python tricks that save coding time,Python,Promotional,823,60,112,224,26193,synthetic-00512,178,true
2026-08-04,12:30,X,Beginner guide to artificial intelligence,AI,Informational,1189,72,107,296,41724,synthetic-00513,42,true
2026-04-28,12:00,Facebook,Important skills every student should learn,Education,Entertainment,2229,228,285,265,26736,synthetic-00514,123,true
2025-12-30,12:00,Facebook,How to create engaging social media posts,Marketing,Educational,1131,109,83,177,28699,synthetic-00515,5,true
2026-04-02,09:00,Instagram,Top Python mistakes beginners make,Python,Promotional,2696,212,401,546,44943,synthetic-00516,22,true
2026-01-10,14:30,Instagram,5 technologies shaping the future,Technology,Promotional,1048,57,58,224,29248,synthetic-00517,104,true
2026-08-24,17:30,LinkedIn,Latest AI trends you should know,AI,Promotional,465,43,43,124,15073,synthetic-00518,175,true
2026-05-20,14:00,Instagram,Important skills every student should learn,Education,Informational,2871,247,217,506,35836,synthetic-00519,37,true
2026-06-06,19:00,LinkedIn,Python tricks that save coding time,Python,Entertainment,881,93,89,270,33548,synthetic-00520,92,true
2026-07-12,19:00,X,Python tricks that save coding time,Python,Promotional,749,81,66,78,20814,synthetic-00521,11,true
2025-12-15,12:00,Instagram,Content ideas that attract more viewers,Marketing,Informational,1594,63,101,421,51146,synthetic-00522,49,true
2026-02-26,14:30,LinkedIn,Our new dashboard feature is live,Product,Informational,561,69,36,89,13527,synthetic-00523,119,true
2026-05-02,12:00,X,Social media tips for better engagement,Marketing,Entertainment,185,23,13,55,7522,synthetic-00524,182,true
2026-07-21,10:00,Instagram,How technology is changing daily life,Technology,Promotional,863,77,64,214,37994,synthetic-00525,142,true
2026-06-05,10:00,X,How technology is changing daily life,Technology,Promotional,1348,76,125,236,46230,synthetic-00526,122,true
2026-01-26,20:00,LinkedIn,How technology is changing daily life,Technology,Entertainment,1192,104,171,312,24203,synthetic-00527,14,true
2026-05-13,20:00,Instagram,Simple marketing strategies for beginners,Marketing,Promotional,706,45,101,162,17415,synthetic-00528,6,true
2026-09-02,12:00,Facebook,5 ways to improve your study routine,Education,Informational,1248,78,110,249,20410,synthetic-00529,54,true
2026-02-08,18:30,Instagram,AI tools that save you 10 hours a week,AI,Promotional,1347,100,168,337,40008,synthetic-00530,105,true
2026-07-18,10:00,X,Best learning habits for students,Education,Entertainment,1321,81,133,349,48953,synthetic-00531,124,true
2026-09-30,10:30,Facebook,Learn Python functions with simple examples,Python,Entertainment,1228,155,81,302,17338,synthetic-00532,53,true
2026-06-10,09:00,LinkedIn,Content ideas that attract more viewers,Marketing,Entertainment,1588,98,82,135,49721,synthetic-00533,65,true
2026-08-15,21:30,LinkedIn,Simple study tips for better results,Education,Informational,1747,79,115,180,49563,synthetic-00534,71,true
2026-06-03,20:00,X,Social media tips for better engagement,Marketing,Informational,292,21,31,66,9781,synthetic-00535,82,true
2026-01-03,19:00,X,Beginner guide to artificial intelligence,AI,Entertainment,1345,87,158,324,30639,synthetic-00536,149,true
2026-03-30,19:30,LinkedIn,Social media tips for better engagement,Marketing,Entertainment,3869,324,426,791,56595,synthetic-00537,113,true
2026-09-12,20:30,Facebook,Our new dashboard feature is live,Product,Promotional,480,42,23,98,13825,synthetic-00538,146,true
2026-03-26,18:00,X,How to create engaging social media posts,Marketing,Promotional,782,73,93,116,24543,synthetic-00539,76,true
2026-07-27,09:30,Facebook,Learn Python functions with simple examples,Python,Promotional,469,47,51,40,12555,synthetic-00540,93,true
2026-04-12,09:00,Instagram,5 Python tips every beginner should know,Python,Promotional,653,43,79,84,26618,synthetic-00541,16,true
2026-02-15,21:30,X,Technology trends to watch this year,Technology,Informational,133,16,18,28,7175,synthetic-00542,67,true
2026-07-29,19:00,Instagram,Simple marketing strategies for beginners,Marketing,Promotional,2778,250,423,358,53209,synthetic-00543,89,true
2026-03-27,17:00,Facebook,Python tricks that save coding time,Python,Educational,2069,107,272,593,57977,synthetic-00544,29,true
2026-04-21,08:30,LinkedIn,Simple study tips for better results,Education,Entertainment,1622,169,121,391,26683,synthetic-00545,20,true
2026-04-29,08:30,Instagram,New product update is now available,Product,Entertainment,1106,128,86,291,21869,synthetic-00546,31,true
2026-07-17,12:00,Instagram,Simple marketing strategies for beginners,Marketing,Educational,2410,111,125,722,40286,synthetic-00547,197,true
2026-09-21,20:30,Facebook,Our new dashboard feature is live,Product,Promotional,430,40,21,95,11566,synthetic-00548,146,true
2026-02-15,12:00,Facebook,Simple marketing strategies for beginners,Marketing,Promotional,819,95,87,138,39339,synthetic-00549,173,true
2026-03-16,08:30,X,Product update: new tools for users,Product,Promotional,299,32,41,29,9936,synthetic-00550,116,true
2026-02-17,08:30,Facebook,How to learn technical skills faster,Education,Educational,310,22,17,61,7874,synthetic-00551,80,true
2026-01-12,21:00,Instagram,5 useful AI tools for students,AI,Promotional,1860,124,202,401,33927,synthetic-00552,198,true
2025-12-29,10:30,Facebook,5 Python tips every beginner should know,Python,Promotional,497,28,26,62,12236,synthetic-00553,128,true
2026-06-15,19:00,Instagram,Best learning habits for students,Education,Educational,643,50,34,98,8959,synthetic-00554,24,true
2026-04-02,08:30,Instagram,Best learning habits for students,Education,Entertainment,2069,153,104,288,34440,synthetic-00555,126,true
2026-05-23,10:00,X,How technology is changing daily life,Technology,Promotional,1325,74,111,213,42444,synthetic-00556,122,true
2026-02-24,14:30,Facebook,5 technologies shaping the future,Technology,Promotional,928,63,43,263,21123,synthetic-00557,87,true
2026-05-25,20:30,Facebook,Important skills every student should learn,Education,Entertainment,758,37,85,199,11289,synthetic-00558,99,true
2026-08-20,10:00,X,Best learning habits for students,Education,Entertainment,933,58,115,263,38431,synthetic-00559,124,true
2026-03-13,14:30,LinkedIn,Our new dashboard feature is live,Product,Informational,500,64,36,83,14088,synthetic-00560,119,true
2026-02-11,08:00,Facebook,Learn Python functions with simple examples,Python,Promotional,1770,152,98,255,50242,synthetic-00561,137,true
2026-02-26,08:00,Facebook,Learn Python functions with simple examples,Python,Promotional,1659,126,83,205,40299,synthetic-00562,137,true
2026-08-08,10:00,Facebook,Content ideas that attract more viewers,Marketing,Entertainment,2915,203,147,384,41989,synthetic-00563,199,true
2026-07-09,17:30,X,New product update is now available,Product,Informational,816,93,56,77,20272,synthetic-00564,48,true
2026-02-28,19:00,X,Beginner guide to artificial intelligence,AI,Entertainment,1013,73,127,250,24280,synthetic-00565,149,true
2026-02-22,14:30,LinkedIn,Simple study tips for better results,Education,Entertainment,1921,239,122,369,30691,synthetic-00566,73,true
2026-04-27,17:30,X,Ways to grow your online audience,Marketing,Educational,1164,85,67,198,41753,synthetic-00567,184,true
2026-04-30,17:30,LinkedIn,5 ways to improve your study routine,Education,Entertainment,1382,70,114,315,33192,synthetic-00568,100,true
2026-09-05,10:00,X,Best learning habits for students,Education,Entertainment,973,58,115,260,38097,synthetic-00569,124,true
2026-03-20,09:30,LinkedIn,Simple study tips for better results,Education,Informational,407,31,45,67,10228,synthetic-00570,77,true
2026-01-07,18:30,LinkedIn,Beginner guide to artificial intelligence,AI,Educational,1059,145,152,318,19890,synthetic-00571,167,true
2026-04-07,21:30,X,How AI is changing the way we work,AI,Informational,412,26,34,59,9771,synthetic-00572,59,true
2026-08-06,20:00,X,5 Python tips every beginner should know,Python,Educational,417,18,34,92,15504,synthetic-00573,129,true
2026-07-03,20:00,X,Important skills every student should learn,Education,Informational,2040,197,203,259,51557,synthetic-00574,10,true
2026-01-18,21:30,X,Technology trends to watch this year,Technology,Informational,117,14,16,24,6618,synthetic-00575,67,true
2026-08-28,19:00,Facebook,How AI is changing the way we work,AI,Promotional,1036,78,100,169,36633,synthetic-00576,185,true
2026-06-03,20:30,Instagram,Latest AI trends you should know,AI,Entertainment,403,23,26,121,6322,synthetic-00577,120,true
2026-01-31,17:00,X,Best learning habits for students,Education,Informational,452,43,29,123,17847,synthetic-00578,69,true
2026-02-03,12:00,Facebook,Simple marketing strategies for beginners,Marketing,Promotional,726,78,76,128,34955,synthetic-00579,173,true
2025-12-04,08:00,X,5 ways to improve your study routine,Education,Informational,1039,111,90,238,28078,synthetic-00580,64,true
2026-03-09,20:00,Facebook,Social media tips for better engagement,Marketing,Educational,2110,90,178,354,32176,synthetic-00581,130,true
2026-03-06,08:00,Instagram,Technology trends to watch this year,Technology,Educational,1235,127,61,149,32099,synthetic-00582,192,true
2026-07-07,09:30,Facebook,The future of technology explained,Technology,Entertainment,1887,230,160,353,29234,synthetic-00583,66,true
2026-02-19,08:00,Facebook,Learn Python functions with simple examples,Python,Promotional,1514,122,80,215,41722,synthetic-00584,137,true
2026-01-07,09:00,Facebook,Ways to grow your online audience,Marketing,Entertainment,629,39,57,64,7245,synthetic-00585,90,true
2026-04-30,14:30,LinkedIn,Beginner guide to modern technology,Technology,Educational,711,78,79,86,13620,synthetic-00586,38,true
2026-04-02,18:00,Facebook,Beginner guide to artificial intelligence,AI,Educational,1302,103,159,307,25840,synthetic-00587,88,true
2026-05-02,21:30,X,How AI is changing the way we work,AI,Informational,411,29,33,59,10535,synthetic-00588,59,true
2026-02-09,10:30,Instagram,Our new dashboard feature is live,Product,Informational,854,78,80,149,11465,synthetic-00589,60,true
2026-04-25,20:30,LinkedIn,Learn Python functions with simple examples,Python,Entertainment,1851,184,178,499,36351,synthetic-00590,41,true
2026-06-18,18:00,X,Social media tips for better engagement,Marketing,Informational,962,69,97,114,27534,synthetic-00591,102,true
2026-03-14,19:30,X,Simple marketing strategies for beginners,Marketing,Informational,263,11,10,57,11865,synthetic-00592,15,true
2026-06-24,09:00,LinkedIn,Social media tips for better engagement,Marketing,Informational,986,59,58,155,42685,synthetic-00593,26,true
2026-10-01,09:30,Facebook,AI tools that save you 10 hours a week,AI,Informational,1125,89,112,293,37783,synthetic-00594,103,true
2026-08-05,10:30,X,Our new dashboard feature is live,Product,Informational,435,25,30,91,15443,synthetic-00595,55,true
2026-03-14,21:00,Instagram,How AI is changing the way we work,AI,Entertainment,3318,168,303,449,34565,synthetic-00596,81,true
2026-03-06,10:00,LinkedIn,Python tricks that save coding time,Python,Promotional,1632,143,187,144,52750,synthetic-00597,1,true
2026-04-27,20:00,X,Easy Python projects for students,Python,Entertainment,878,64,76,136,26653,synthetic-00598,117,true
2026-05-13,09:30,Instagram,Learn Python functions with simple examples,Python,Entertainment,3985,491,444,965,49107,synthetic-00599,4,true
2026-09-19,10:30,X,Python tricks that save coding time,Python,Promotional,1222,86,150,313,33130,synthetic-00600,178,true
2026-07-13,08:30,LinkedIn,Best learning habits for students,Education,Informational,339,25,20,60,10999,synthetic-00601,163,true
2026-04-10,19:00,Instagram,AI tools that save you 10 hours a week,AI,Promotional,1232,109,71,262,31717,synthetic-00602,39,true
2026-07-30,19:00,Instagram,Simple marketing strategies for beginners,Marketing,Promotional,2936,262,435,365,50741,synthetic-00603,89,true
2026-01-24,21:30,X,Technology trends to watch this year,Technology,Informational,129,16,16,24,6579,synthetic-00604,67,true
2026-05-13,20:30,Instagram,Simple study tips for better results,Education,Entertainment,1007,72,42,192,20544,synthetic-00605,152,true
2026-07-10,17:30,X,New product update is now available,Product,Informational,920,98,59,89,24037,synthetic-00606,48,true
2026-02-06,19:30,Instagram,Simple marketing strategies for beginners,Marketing,Promotional,730,63,78,134,25064,synthetic-00607,68,true
2026-05-08,19:30,X,Python tricks that save coding time,Python,Promotional,504,47,21,106,25280,synthetic-00608,171,true
2026-02-02,19:30,Facebook,5 useful AI tools for students,AI,Promotional,2408,258,229,560,52503,synthetic-00609,25,true
2026-05-24,18:00,Facebook,The future of technology explained,Technology,Educational,844,107,126,194,36315,synthetic-00610,109,true
2026-02-11,09:30,Facebook,Python tricks that save coding time,Python,Educational,1953,235,239,163,37360,synthetic-00611,115,true
2026-02-07,18:30,Instagram,Technology trends to watch this year,Technology,Informational,1933,148,193,206,36917,synthetic-00612,143,true
2026-01-29,17:00,X,Best learning habits for students,Education,Informational,361,35,24,106,13685,synthetic-00613,69,true
2026-01-31,19:00,X,Beginner guide to artificial intelligence,AI,Entertainment,1076,73,129,249,25383,synthetic-00614,149,true
2026-07-19,12:30,X,Simple marketing strategies for beginners,Marketing,Informational,686,50,57,99,38449,synthetic-00615,83,true
2026-06-09,18:00,X,Social media tips for better engagement,Marketing,Informational,827,53,80,105,23963,synthetic-00616,102,true
2026-03-05,18:00,Facebook,Beginner guide to artificial intelligence,AI,Educational,1244,96,140,262,22677,synthetic-00617,88,true
2026-04-14,14:30,LinkedIn,Our new dashboard feature is live,Product,Informational,485,58,35,80,11657,synthetic-00618,119,true
2026-02-02,21:00,Instagram,Ways to grow your online audience,Marketing,Entertainment,2331,120,166,342,42169,synthetic-00619,135,true
2026-01-28,09:00,Instagram,Content ideas that attract more viewers,Marketing,Informational,1392,112,184,133,24081,synthetic-00620,125,true
2026-03-28,14:30,LinkedIn,Beginner guide to modern technology,Technology,Educational,612,59,69,71,10216,synthetic-00621,38,true
2026-07-20,09:00,LinkedIn,Top Python mistakes beginners make,Python,Informational,1218,61,188,322,41604,synthetic-00622,179,true
2026-05-05,09:00,Facebook,5 technologies shaping the future,Technology,Promotional,328,38,19,39,19071,synthetic-00623,164,true
2026-08-05,12:30,Facebook,How our new feature improves productivity,Product,Promotional,2610,258,331,557,51805,synthetic-00624,36,true
2026-06-14,18:00,X,Social media tips for better engagement,Marketing,Informational,880,64,87,106,26493,synthetic-00625,102,true
2026-05-27,12:00,X,Social media tips for better engagement,Marketing,Entertainment,242,30,15,65,9484,synthetic-00626,182,true
2026-04-16,20:30,LinkedIn,Learn Python functions with simple examples,Python,Entertainment,1801,174,163,468,36174,synthetic-00627,41,true
2026-04-19,08:00,Instagram,Technology trends to watch this year,Technology,Educational,1417,132,71,166,33272,synthetic-00628,192,true
2026-06-07,12:30,Instagram,Ways to grow your online audience,Marketing,Educational,1445,116,75,317,18495,synthetic-00629,79,true
2026-01-15,12:30,LinkedIn,Easy Python projects for students,Python,Entertainment,1909,73,278,551,29106,synthetic-00630,187,true
2026-03-04,09:30,LinkedIn,Easy Python projects for students,Python,Educational,1672,142,148,233,35235,synthetic-00631,106,true
2026-05-30,14:00,Facebook,The future of technology explained,Technology,Promotional,1586,122,107,303,45714,synthetic-00632,183,true
2026-01-12,10:00,LinkedIn,New product update is now available,Product,Informational,2239,116,169,515,44801,synthetic-00633,95,true
2026-03-16,21:00,X,How AI is changing the way we work,AI,Educational,1342,144,75,290,30885,synthetic-00634,50,true
2026-01-23,20:30,Instagram,How AI is changing the way we work,AI,Promotional,879,54,118,213,21012,synthetic-00635,2,true
2026-02-10,14:30,Instagram,5 useful AI tools for students,AI,Educational,3310,172,341,866,31277,synthetic-00636,51,true
2026-06-18,21:00,Instagram,5 ways to improve your study routine,Education,Educational,708,28,61,93,12666,synthetic-00637,72,true
2026-03-27,21:30,Facebook,Beginner guide to modern technology,Technology,Educational,2381,91,219,183,46591,synthetic-00638,193,true
2026-05-31,19:30,X,The future of technology explained,Technology,Promotional,490,53,41,146,24762,synthetic-00639,75,true
2026-05-20,20:30,Instagram,Simple study tips for better results,Education,Entertainment,935,63,43,183,18145,synthetic-00640,152,true
2026-02-09,17:00,Facebook,Python tricks that save coding time,Python,Educational,2025,95,255,552,56544,synthetic-00641,29,true
2026-07-24,10:00,Facebook,Content ideas that attract more viewers,Marketing,Entertainment,2832,200,133,341,40495,synthetic-00642,199,true
2026-07-02,20:30,X,Social media tips for better engagement,Marketing,Entertainment,671,72,75,83,13191,synthetic-00643,144,true
2026-08-15,08:00,Facebook,How AI is changing the way we work,AI,Promotional,442,39,41,115,23545,synthetic-00644,21,true
2026-01-16,08:00,X,5 ways to improve your study routine,Education,Informational,1089,105,93,241,27057,synthetic-00645,64,true
2026-04-11,12:00,X,Social media tips for better engagement,Marketing,Entertainment,194,26,12,55,8103,synthetic-00646,182,true
2026-04-19,19:00,Instagram,AI tools that save you 10 hours a week,AI,Promotional,1521,136,93,331,37199,synthetic-00647,39,true
2026-03-13,14:30,LinkedIn,Simple study tips for better results,Education,Entertainment,1939,250,126,398,32624,synthetic-00648,73,true
2026-06-30,12:30,Facebook,How our new feature improves productivity,Product,Promotional,2322,249,347,516,55545,synthetic-00649,36,true
2026-09-25,10:30,Facebook,Learn Python functions with simple examples,Python,Entertainment,1068,143,80,268,16344,synthetic-00650,53,true
2026-04-10,09:00,Facebook,5 technologies shaping the future,Technology,Promotional,352,44,24,46,19788,synthetic-00651,164,true
2026-02-09,09:30,Facebook,Python tricks that save coding time,Python,Educational,2089,250,239,174,36432,synthetic-00652,115,true
2026-04-02,17:30,LinkedIn,5 ways to improve your study routine,Education,Entertainment,1248,60,109,282,32565,synthetic-00653,100,true
2026-04-04,09:00,Instagram,Top Python mistakes beginners make,Python,Promotional,2839,226,408,590,50051,synthetic-00654,22,true
2026-02-28,17:30,Instagram,Top Python mistakes beginners make,Python,Promotional,2725,170,162,355,48140,synthetic-00655,112,true
2026-03-08,21:00,Facebook,5 ways to improve your study routine,Education,Entertainment,1941,208,194,531,31378,synthetic-00656,91,true
2026-07-18,09:00,Instagram,Beginner guide to artificial intelligence,AI,Educational,1507,159,189,320,36794,synthetic-00657,101,true
2026-09-15,19:00,Facebook,How AI is changing the way we work,AI,Promotional,1030,75,104,165,36474,synthetic-00658,185,true
2026-05-31,10:00,Instagram,5 technologies shaping the future,Technology,Entertainment,787,50,81,108,10844,synthetic-00659,194,true
2026-06-24,09:30,X,See what is new in our latest release,Product,Entertainment,1434,114,131,291,28617,synthetic-00660,189,true
2026-06-09,09:30,Facebook,Beginner guide to modern technology,Technology,Educational,682,45,35,199,23821,synthetic-00661,27,true
2026-04-25,08:30,LinkedIn,Simple study tips for better results,Education,Entertainment,1548,174,101,356,22139,synthetic-00662,20,true
2026-06-20,10:00,Instagram,How technology is changing daily life,Technology,Promotional,850,81,73,233,38248,synthetic-00663,142,true
2026-09-16,19:30,Facebook,5 technologies shaping the future,Technology,Entertainment,1051,77,59,227,15631,synthetic-00664,191,true
2026-06-01,08:00,LinkedIn,Simple marketing strategies for beginners,Marketing,Educational,1698,218,91,415,38966,synthetic-00665,139,true
2026-06-27,19:30,Instagram,Beginner guide to artificial intelligence,AI,Entertainment,1660,122,85,303,21560,synthetic-00666,114,true
2026-04-19,20:30,LinkedIn,Learn Python functions with simple examples,Python,Entertainment,1464,152,143,377,28458,synthetic-00667,41,true
2026-04-08,19:30,LinkedIn,Social media tips for better engagement,Marketing,Entertainment,2878,268,309,643,47234,synthetic-00668,113,true
2026-02-07,12:30,LinkedIn,Easy Python projects for students,Python,Entertainment,1674,68,231,501,26507,synthetic-00669,187,true
2026-08-01,10:30,X,Our new dashboard feature is live,Product,Informational,529,32,37,111,20549,synthetic-00670,55,true
2026-07-21,12:00,Facebook,5 technologies shaping the future,Technology,Entertainment,1285,71,192,172,22753,synthetic-00671,161,true
2026-03-09,08:00,Instagram,Technology trends to watch this year,Technology,Educational,1147,118,55,125,28482,synthetic-00672,192,true
2026-04-04,09:30,X,Python tricks that save coding time,Python,Educational,782,75,34,85,36811,synthetic-00673,61,true
2026-03-26,18:00,X,How to create engaging social media posts,Marketing,Promotional,859,83,107,133,29708,synthetic-00674,76,true
2026-06-12,17:00,Facebook,How to learn technical skills faster,Education,Educational,1142,95,65,99,37727,synthetic-00675,150,true
2026-02-02,18:00,LinkedIn,Ways to grow your online audience,Marketing,Promotional,804,53,73,187,38551,synthetic-00676,188,true
2026-04-20,14:30,LinkedIn,Beginner guide to modern technology,Technology,Educational,681,72,72,84,11571,synthetic-00677,38,true
2026-03-06,08:30,Facebook,Social media tips for better engagement,Marketing,Entertainment,379,26,47,45,11810,synthetic-00678,86,true
2026-03-03,18:00,LinkedIn,Ways to grow your online audience,Marketing,Promotional,892,62,80,216,44889,synthetic-00679,188,true
2026-03-07,18:00,Facebook,Beginner guide to artificial intelligence,AI,Educational,1255,98,143,271,23582,synthetic-00680,88,true
2026-01-08,19:30,Facebook,5 useful AI tools for students,AI,Promotional,2141,260,227,505,50305,synthetic-00681,25,true
2026-06-03,09:30,Instagram,Learn Python functions with simple examples,Python,Entertainment,3464,388,365,750,41217,synthetic-00682,4,true
2026-04-24,20:30,LinkedIn,Learn Python functions with simple examples,Python,Entertainment,1523,170,149,418,31739,synthetic-00683,41,true
2026-06-17,08:30,LinkedIn,Python tricks that save coding time,Python,Promotional,924,49,116,169,29839,synthetic-00684,127,true
2026-01-08,19:30,Facebook,5 useful AI tools for students,AI,Promotional,2222,237,206,497,45551,synthetic-00685,25,true
2026-06-08,09:30,Facebook,The future of technology explained,Technology,Entertainment,1910,225,179,321,26874,synthetic-00686,66,true
2026-07-02,10:00,Instagram,How technology is changing daily life,Technology,Promotional,730,67,61,182,31867,synthetic-00687,142,true
2026-02-07,19:30,X,Content ideas that attract more viewers,Marketing,Promotional,262,26,21,47,19449,synthetic-00688,17,true
2026-05-12,10:00,Facebook,See what is new in our latest release,Product,Educational,823,44,47,134,17872,synthetic-00689,43,true
2026-07-23,17:00,Facebook,How to learn technical skills faster,Education,Educational,969,77,52,81,30135,synthetic-00690,150,true
2026-06-12,19:30,Instagram,Beginner guide to artificial intelligence,AI,Entertainment,1947,149,99,382,26668,synthetic-00691,114,true
2025-12-22,21:00,Instagram,5 useful AI tools for students,AI,Promotional,1914,116,180,358,28703,synthetic-00692,198,true
2026-04-15,08:30,X,Product update: new tools for users,Product,Promotional,394,47,57,41,13200,synthetic-00693,116,true
2026-08-13,12:00,Facebook,Latest AI trends you should know,AI,Entertainment,920,71,119,160,12350,synthetic-00694,140,true
2026-03-07,18:00,Facebook,Beginner guide to artificial intelligence,AI,Educational,1146,95,138,280,23127,synthetic-00695,88,true
2026-04-07,09:00,X,Ways to grow your online audience,Marketing,Educational,475,52,47,52,12879,synthetic-00696,28,true
2026-03-24,20:30,LinkedIn,Important skills every student should learn,Education,Educational,1512,69,222,393,32017,synthetic-00697,97,true
2026-06-20,20:30,Instagram,Latest AI trends you should know,AI,Entertainment,334,18,21,91,5139,synthetic-00698,120,true
2026-01-05,14:30,LinkedIn,5 useful AI tools for students,AI,Promotional,353,31,32,39,21776,synthetic-00699,108,true
2026-09-09,10:30,Facebook,Learn Python functions with simple examples,Python,Entertainment,939,122,62,258,13354,synthetic-00700,53,true
2026-01-23,09:00,Instagram,Content ideas that attract more viewers,Marketing,Informational,1096,87,141,108,19858,synthetic-00701,125,true
2026-08-24,12:30,Facebook,How our new feature improves productivity,Product,Promotional,2113,212,292,486,46981,synthetic-00702,36,true
2026-01-24,18:30,Instagram,How to create engaging social media posts,Marketing,Educational,618,29,82,181,9247,synthetic-00703,177,true
2026-08-11,09:00,LinkedIn,Top Python mistakes beginners make,Python,Informational,1437,70,197,388,45834,synthetic-00704,179,true
2026-03-21,08:30,Facebook,How to learn technical skills faster,Education,Educational,329,26,19,65,8944,synthetic-00705,80,true
2026-07-11,14:00,Facebook,The future of technology explained,Technology,Promotional,1726,140,118,372,52026,synthetic-00706,183,true
2026-08-27,14:30,X,Python tricks that save coding time,Python,Educational,1473,63,122,292,32366,synthetic-00707,107,true
2026-05-22,21:00,Instagram,Easy Python projects for students,Python,Entertainment,2304,295,174,515,40180,synthetic-00708,62,true
2026-03-21,17:30,Instagram,Top Python mistakes beginners make,Python,Promotional,2623,150,143,297,48396,synthetic-00709,112,true
2026-06-02,14:00,Facebook,The future of technology explained,Technology,Promotional,1674,133,123,363,52408,synthetic-00710,183,true
2026-08-21,09:00,X,Social media tips for better engagement,Marketing,Entertainment,1048,46,74,221,26033,synthetic-00711,98,true
2026-06-05,19:30,X,How to create engaging social media posts,Marketing,Informational,2032,216,148,225,44267,synthetic-00712,162,true
2026-05-29,20:30,Instagram,Simple study tips for better results,Education,Entertainment,989,75,48,198,20064,synthetic-00713,152,true
2026-07-31,20:30,LinkedIn,Social media tips for better engagement,Marketing,Promotional,1303,95,190,231,51483,synthetic-00714,160,true
2026-06-26,21:30,Facebook,5 Python tips every beginner should know,Python,Promotional,149,11,17,23,7467,synthetic-00715,33,true
2026-02-19,21:00,Instagram,The future of technology explained,Technology,Entertainment,735,39,67,72,8823,synthetic-00716,47,true
2026-06-16,19:30,Instagram,Beginner guide to artificial intelligence,AI,Entertainment,1846,127,82,341,23324,synthetic-00717,114,true
2026-04-22,10:00,Facebook,See what is new in our latest release,Product,Educational,797,43,53,137,18909,synthetic-00718,43,true
2026-09-15,08:00,X,AI tools that save you 10 hours a week,AI,Educational,547,63,30,98,10047,synthetic-00719,19,true
2026-04-15,20:00,Instagram,Simple marketing strategies for beginners,Marketing,Promotional,554,32,73,121,14075,synthetic-00720,6,true
2026-03-28,14:30,LinkedIn,Our new dashboard feature is live,Product,Informational,587,73,39,87,14350,synthetic-00721,119,true
2026-07-06,10:30,LinkedIn,How technology is changing daily life,Technology,Promotional,105,13,12,18,6244,synthetic-00722,30,true
2026-09-06,12:00,Facebook,5 ways to improve your study routine,Education,Informational,1167,79,116,262,20998,synthetic-00723,54,true
2026-07-30,19:30,Instagram,How our new feature improves productivity,Product,Promotional,1250,58,65,181,31898,synthetic-00724,138,true
2026-07-24,09:00,Instagram,Beginner guide to artificial intelligence,AI,Educational,1457,152,180,288,36020,synthetic-00725,101,true
2026-02-22,20:30,Facebook,Simple marketing strategies for beginners,Marketing,Educational,1621,173,241,376,25994,synthetic-00726,141,true
2026-08-09,17:30,X,New product update is now available,Product,Informational,883,103,61,82,21629,synthetic-00727,48,true
2026-06-08,17:00,Instagram,5 useful AI tools for students,AI,Entertainment,2962,177,228,745,36646,synthetic-00728,186,true
2026-06-08,21:00,X,Important skills every student should learn,Education,Promotional,994,67,84,226,29829,synthetic-00729,156,true
2026-05-03,20:30,Instagram,How to create engaging social media posts,Marketing,Informational,759,52,61,200,20741,synthetic-00730,190,true
2026-08-01,20:30,LinkedIn,Social media tips for better engagement,Marketing,Promotional,1306,99,190,259,52061,synthetic-00731,160,true
2026-04-22,10:30,X,5 Python tips every beginner should know,Python,Informational,1271,151,154,201,43408,synthetic-00732,172,true
2026-08-10,20:30,LinkedIn,Social media tips for better engagement,Marketing,Promotional,1391,101,205,251,52356,synthetic-00733,160,true
2026-03-10,20:30,Instagram,How AI is changing the way we work,AI,Promotional,831,52,107,191,20909,synthetic-00734,2,true
2026-05-21,12:30,LinkedIn,Technology trends to watch this year,Technology,Educational,1463,91,135,358,34757,synthetic-00735,56,true
2026-01-30,19:00,X,Beginner guide to artificial intelligence,AI,Entertainment,1131,79,133,282,27672,synthetic-00736,149,true
2026-01-24,09:00,Instagram,Content ideas that attract more viewers,Marketing,Informational,1298,123,180,138,26951,synthetic-00737,125,true
2025-12-31,17:00,Facebook,Simple study tips for better results,Education,Informational,1618,187,69,464,28053,synthetic-00738,70,true
2026-08-18,10:30,X,Python tricks that save coding time,Python,Promotional,1137,89,156,311,33953,synthetic-00739,178,true
2026-02-04,12:00,X,How our new feature improves productivity,Product,Entertainment,976,64,146,254,32280,synthetic-00740,180,true
2026-07-31,18:00,Facebook,5 Python tips every beginner should know,Python,Promotional,897,66,97,148,26426,synthetic-00741,57,true
2026-06-17,12:00,Facebook,5 technologies shaping the future,Technology,Entertainment,1381,78,208,200,24360,synthetic-00742,161,true
2026-03-15,20:30,Facebook,Simple marketing strategies for beginners,Marketing,Educational,1448,149,196,327,22807,synthetic-00743,141,true
2026-10-02,08:00,Facebook,How AI is changing the way we work,AI,Promotional,490,46,45,120,27478,synthetic-00744,21,true
2026-01-27,18:30,Instagram,How to create engaging social media posts,Marketing,Educational,696,30,90,194,10282,synthetic-00745,177,true
2026-03-21,19:30,X,Simple marketing strategies for beginners,Marketing,Informational,307,13,13,60,12751,synthetic-00746,15,true
2026-05-05,19:30,X,Simple marketing strategies for beginners,Marketing,Informational,334,13,13,63,13644,synthetic-00747,15,true
2026-03-03,12:00,Facebook,Simple marketing strategies for beginners,Marketing,Promotional,784,86,83,137,36664,synthetic-00748,173,true
2025-12-11,12:00,Instagram,Content ideas that attract more viewers,Marketing,Informational,1301,53,82,340,40944,synthetic-00749,49,true
2026-05-21,10:00,Instagram,5 technologies shaping the future,Technology,Entertainment,935,56,102,126,12511,synthetic-00750,194,true
2026-02-03,14:30,Instagram,5 useful AI tools for students,AI,Educational,3125,199,354,902,34151,synthetic-00751,51,true
2026-03-27,21:30,Facebook,Learn Python functions with simple examples,Python,Informational,1262,87,139,257,53193,synthetic-00752,78,true
2026-01-19,14:30,LinkedIn,5 useful AI tools for students,AI,Promotional,404,31,33,40,22606,synthetic-00753,108,true
2026-03-05,10:00,Facebook,Best learning habits for students,Education,Informational,1552,134,73,168,38125,synthetic-00754,155,true
2026-02-12,14:00,X,Technology trends to watch this year,Technology,Informational,1972,121,151,442,52742,synthetic-00755,23,true
2026-05-03,09:30,Facebook,Beginner guide to modern technology,Technology,Educational,639,46,34,207,26109,synthetic-00756,27,true
2026-03-29,10:00,LinkedIn,Python tricks that save coding time,Python,Promotional,1845,165,192,161,53007,synthetic-00757,1,true
2026-05-27,10:00,Facebook,See what is new in our latest release,Product,Educational,749,42,51,141,19006,synthetic-00758,43,true
2026-04-10,08:00,Instagram,Technology trends to watch this year,Technology,Educational,1485,151,73,173,34722,synthetic-00759,192,true
2025-12-26,09:30,Facebook,Our new dashboard feature is live,Product,Promotional,240,20,30,27,14473,synthetic-00760,131,true
2026-06-01,10:30,Facebook,Easy Python projects for students,Python,Educational,1278,57,117,207,40538,synthetic-00761,96,true
2026-08-08,20:00,X,Important skills every student should learn,Education,Informational,2213,219,216,307,56641,synthetic-00762,10,true
2026-01-12,19:30,Facebook,5 useful AI tools for students,AI,Promotional,2344,251,206,479,49975,synthetic-00763,25,true
2026-09-30,12:00,Facebook,5 Python tips every beginner should know,Python,Informational,1357,166,63,247,22985,synthetic-00764,13,true
2026-07-27,19:00,Instagram,Simple marketing strategies for beginners,Marketing,Promotional,2157,219,312,307,39380,synthetic-00765,89,true
2026-06-01,10:30,X,Beginner guide to artificial intelligence,AI,Entertainment,351,35,24,72,12270,synthetic-00766,8,true
2025-12-18,14:30,Instagram,5 technologies shaping the future,Technology,Promotional,1063,63,62,249,29845,synthetic-00767,104,true
2026-05-18,21:00,Facebook,Learn Python functions with simple examples,Python,Educational,2550,288,338,613,40246,synthetic-00768,84,true
2026-03-02,14:30,Facebook,5 technologies shaping the future,Technology,Promotional,993,73,50,296,26435,synthetic-00769,87,true
2026-05-14,09:00,LinkedIn,Social media tips for better engagement,Marketing,Informational,1047,75,68,162,48824,synthetic-00770,26,true
2026-06-09,20:30,Facebook,Important skills every student should learn,Education,Entertainment,771,37,88,211,11659,synthetic-00771,99,true
2026-05-10,12:00,Facebook,Important skills every student should learn,Education,Entertainment,1957,233,271,257,26255,synthetic-00772,123,true
2026-06-27,18:30,Instagram,Learn Python functions with simple examples,Python,Promotional,984,110,119,123,40803,synthetic-00773,111,true
2026-05-01,08:30,Instagram,Top Python mistakes beginners make,Python,Promotional,966,81,61,197,24974,synthetic-00774,159,true
2026-08-01,17:30,X,New product update is now available,Product,Informational,825,94,54,84,22449,synthetic-00775,48,true
2025-12-22,19:30,Instagram,Simple marketing strategies for beginners,Marketing,Promotional,564,57,65,106,21058,synthetic-00776,68,true
2026-06-17,17:00,LinkedIn,Content ideas that attract more viewers,Marketing,Promotional,1352,165,182,272,35391,synthetic-00777,12,true
2026-07-13,10:30,LinkedIn,How technology is changing daily life,Technology,Promotional,131,15,15,23,7256,synthetic-00778,30,true
2026-09-22,18:00,Instagram,Product update: new tools for users,Product,Educational,1594,161,120,268,18122,synthetic-00779,153,true
2026-03-21,18:30,X,How our new feature improves productivity,Product,Entertainment,695,58,101,141,17022,synthetic-00780,134,true
2026-01-25,08:30,Facebook,Beginner guide to modern technology,Technology,Promotional,600,58,75,88,18042,synthetic-00781,158,true
2026-07-24,10:00,X,Best learning habits for students,Education,Entertainment,1188,76,134,325,46670,synthetic-00782,124,true
2026-09-04,14:00,Facebook,How to learn technical skills faster,Education,Informational,597,35,69,150,12777,synthetic-00783,166,true
2026-03-26,08:30,X,Product update: new tools for users,Product,Promotional,369,40,53,35,11555,synthetic-00784,116,true
2026-04-15,17:30,LinkedIn,AI tools that save you 10 hours a week,AI,Entertainment,726,45,73,119,10669,synthetic-00785,32,true
2026-07-27,17:30,X,New product update is now available,Product,Informational,853,109,59,85,24179,synthetic-00786,48,true
2026-02-10,09:30,LinkedIn,Easy Python projects for students,Python,Educational,1560,130,132,197,32220,synthetic-00787,106,true
2026-01-13,19:30,Facebook,5 useful AI tools for students,AI,Promotional,2363,243,221,516,47427,synthetic-00788,25,true
2026-02-01,21:00,Instagram,5 useful AI tools for students,AI,Promotional,1928,125,197,413,33743,synthetic-00789,198,true
2026-01-11,09:00,Facebook,Ways to grow your online audience,Marketing,Entertainment,682,47,64,71,9466,synthetic-00790,90,true
2026-02-11,20:30,Facebook,Simple marketing strategies for beginners,Marketing,Educational,1862,206,275,433,28706,synthetic-00791,141,true
2026-05-06,09:00,Instagram,5 Python tips every beginner should know,Python,Promotional,705,40,80,83,27876,synthetic-00792,16,true
2026-07-14,09:00,LinkedIn,Top Python mistakes beginners make,Python,Informational,1153,58,161,283,34771,synthetic-00793,179,true
2026-06-20,21:00,Facebook,Learn Python functions with simple examples,Python,Educational,2337,279,348,631,42062,synthetic-00794,84,true
2026-06-08,20:30,Instagram,Simple study tips for better results,Education,Entertainment,895,67,41,173,19053,synthetic-00795,152,true
2026-05-05,09:00,Instagram,5 Python tips every beginner should know,Python,Promotional,705,43,80,84,27541,synthetic-00796,16,true
2026-01-14,08:30,Facebook,Beginner guide to modern technology,Technology,Promotional,444,46,57,72,13797,synthetic-00797,158,true
2026-02-14,18:30,Instagram,Social media tips for better engagement,Marketing,Entertainment,3186,308,403,330,46288,synthetic-00798,196,true
2026-07-12,18:30,Instagram,Learn Python functions with simple examples,Python,Promotional,1056,131,123,131,44327,synthetic-00799,111,true
2026-04-05,09:30,X,Python tricks that save coding time,Python,Educational,741,73,36,87,36962,synthetic-00800,61,true
2026-04-12,10:30,X,5 Python tips every beginner should know,Python,Informational,1586,182,182,228,51865,synthetic-00801,172,true
2026-05-05,19:00,Instagram,Best learning habits for students,Education,Educational,591,49,30,91,8753,synthetic-00802,24,true
2026-09-14,12:00,Facebook,5 Python tips every beginner should know,Python,Informational,1080,138,53,205,18516,synthetic-00803,13,true
2026-04-01,20:30,X,Latest AI trends you should know,AI,Entertainment,322,16,49,63,9280,synthetic-00804,170,true
2026-09-19,12:00,Facebook,5 Python tips every beginner should know,Python,Informational,1285,152,62,241,21809,synthetic-00805,13,true
2026-09-18,08:00,Facebook,How AI is changing the way we work,AI,Promotional,487,46,47,127,29726,synthetic-00806,21,true
2025-12-13,09:30,Facebook,Our new dashboard feature is live,Product,Promotional,266,23,35,33,15177,synthetic-00807,131,true
2026-09-02,12:30,X,Simple marketing strategies for beginners,Marketing,Informational,768,55,66,115,44685,synthetic-00808,83,true
2026-02-06,19:30,Instagram,Simple marketing strategies for beginners,Marketing,Promotional,798,70,84,137,26192,synthetic-00809,68,true
2026-03-28,20:00,X,Easy Python projects for students,Python,Entertainment,934,63,82,142,26017,synthetic-00810,117,true
2026-01-28,09:30,Facebook,Our new dashboard feature is live,Product,Promotional,200,17,24,22,11142,synthetic-00811,131,true
2026-07-25,10:00,Instagram,How technology is changing daily life,Technology,Promotional,813,79,66,218,39383,synthetic-00812,142,true
2026-06-27,08:30,LinkedIn,Best learning habits for students,Education,Informational,279,24,19,52,9436,synthetic-00813,163,true
2026-04-12,10:00,Facebook,See what is new in our latest release,Product,Educational,835,43,51,143,18899,synthetic-00814,43,true
2026-06-16,10:30,X,Beginner guide to artificial intelligence,AI,Entertainment,362,31,24,71,11769,synthetic-00815,8,true
2026-06-18,18:30,Facebook,Simple study tips for better results,Education,Informational,2323,199,227,282,41190,synthetic-00816,45,true
2026-06-27,19:30,Instagram,How our new feature improves productivity,Product,Promotional,1173,56,63,189,29430,synthetic-00817,138,true
2026-02-09,21:00,Instagram,Ways to grow your online audience,Marketing,Entertainment,2194,110,172,313,38749,synthetic-00818,135,true
2026-07-18,17:30,LinkedIn,Beginner guide to modern technology,Technology,Promotional,513,44,50,97,14102,synthetic-00819,151,true
2026-02-09,20:00,Instagram,Important skills every student should learn,Education,Educational,1189,86,148,182,28140,synthetic-00820,145,true
2026-09-20,19:30,Facebook,5 technologies shaping the future,Technology,Entertainment,877,64,50,194,13959,synthetic-00821,191,true
2026-04-13,19:30,LinkedIn,Social media tips for better engagement,Marketing,Entertainment,3361,310,360,710,52770,synthetic-00822,113,true
2026-03-24,21:30,Facebook,Beginner guide to modern technology,Technology,Educational,2177,87,227,174,44868,synthetic-00823,193,true
2026-08-15,10:30,Facebook,Learn Python functions with simple examples,Python,Entertainment,1278,150,83,307,17391,synthetic-00824,53,true
2026-09-04,10:00,X,Best learning habits for students,Education,Entertainment,1271,79,137,317,49221,synthetic-00825,124,true
2026-05-18,20:00,Instagram,Simple marketing strategies for beginners,Marketing,Promotional,633,39,89,141,15374,synthetic-00826,6,true
2026-08-26,12:30,X,Beginner guide to artificial intelligence,AI,Informational,1027,67,89,263,34926,synthetic-00827,42,true
2026-02-19,09:30,Instagram,Simple marketing strategies for beginners,Marketing,Informational,963,110,143,204,23671,synthetic-00828,118,true
2026-09-02,12:30,X,Simple marketing strategies for beginners,Marketing,Informational,704,47,54,100,37009,synthetic-00829,83,true
2026-05-06,17:00,Instagram,5 useful AI tools for students,AI,Entertainment,3430,188,240,770,35520,synthetic-00830,186,true
2026-09-14,18:00,Facebook,5 Python tips every beginner should know,Python,Promotional,921,75,97,157,25949,synthetic-00831,57,true
2026-04-16,09:00,Instagram,Top Python mistakes beginners make,Python,Promotional,3004,228,409,623,54781,synthetic-00832,22,true
2025-12-10,10:30,Facebook,5 Python tips every beginner should know,Python,Promotional,544,33,28,71,14175,synthetic-00833,128,true
2026-08-18,12:00,Facebook,Latest AI trends you should know,AI,Entertainment,1000,80,133,181,12901,synthetic-00834,140,true
2026-03-29,09:00,Facebook,5 technologies shaping the future,Technology,Promotional,324,40,21,44,19136,synthetic-00835,164,true
2026-06-18,10:30,X,Our new dashboard feature is live,Product,Informational,424,27,30,96,16534,synthetic-00836,55,true
2026-04-02,21:00,X,How AI is changing the way we work,AI,Educational,1340,147,74,304,32314,synthetic-00837,50,true
2026-04-11,17:30,Instagram,Python tricks that save coding time,Python,Educational,2812,252,228,743,49291,synthetic-00838,52,true
2026-07-07,12:30,Facebook,How our new feature improves productivity,Product,Promotional,2381,229,336,526,52805,synthetic-00839,36,true
2026-06-03,19:00,Instagram,Best learning habits for students,Education,Educational,798,65,42,114,11227,synthetic-00840,24,true
2026-04-22,20:30,X,Latest AI trends you should know,AI,Entertainment,375,18,59,75,11385,synthetic-00841,170,true
2026-09-20,08:00,Facebook,How AI is changing the way we work,AI,Promotional,478,46,42,127,25847,synthetic-00842,21,true
2026-02-09,08:30,Facebook,How to learn technical skills faster,Education,Educational,379,26,21,67,9360,synthetic-00843,80,true
2026-03-20,20:00,Facebook,Social media tips for better engagement,Marketing,Educational,2067,83,158,316,30022,synthetic-00844,130,true
2026-04-02,19:30,LinkedIn,Social media tips for better engagement,Marketing,Entertainment,2989,245,305,617,44208,synthetic-00845,113,true
2026-03-04,20:30,Instagram,How AI is changing the way we work,AI,Promotional,722,43,97,173,17979,synthetic-00846,2,true
2026-03-08,20:00,Facebook,Social media tips for better engagement,Marketing,Educational,1798,84,152,319,27572,synthetic-00847,130,true
2026-06-23,08:30,LinkedIn,Python tricks that save coding time,Python,Promotional,1028,52,113,164,29223,synthetic-00848,127,true
2026-02-02,08:30,Facebook,Beginner guide to modern technology,Technology,Promotional,514,52,62,85,16013,synthetic-00849,158,true
2026-09-03,08:00,X,AI tools that save you 10 hours a week,AI,Educational,488,55,26,92,9331,synthetic-00850,19,true
2026-05-31,19:00,X,Python tricks that save coding time,Python,Promotional,759,84,72,80,22140,synthetic-00851,11,true
2026-09-14,19:00,Facebook,How AI is changing the way we work,AI,Promotional,1333,103,134,228,42900,synthetic-00852,185,true
2026-04-05,18:30,X,How our new feature improves productivity,Product,Educational,2436,174,143,449,53770,synthetic-00853,46,true
2026-04-04,14:30,LinkedIn,Beginner guide to modern technology,Technology,Educational,656,72,76,83,11404,synthetic-00854,38,true
2026-04-07,14:30,Facebook,5 technologies shaping the future,Technology,Promotional,914,64,47,247,23917,synthetic-00855,87,true
2026-04-04,20:00,X,Easy Python projects for students,Python,Entertainment,997,58,83,149,27371,synthetic-00856,117,true
2026-03-19,20:00,Instagram,Simple marketing strategies for beginners,Marketing,Promotional,552,33,80,122,14458,synthetic-00857,6,true
2026-09-17,14:00,Facebook,How to learn technical skills faster,Education,Informational,555,30,64,143,10523,synthetic-00858,166,true
2026-04-22,08:30,Instagram,New product update is now available,Product,Entertainment,1051,130,88,290,20746,synthetic-00859,31,true
2026-05-18,21:30,LinkedIn,5 technologies shaping the future,Technology,Promotional,1406,162,172,164,46707,synthetic-00860,85,true
2026-03-20,21:30,Facebook,Learn Python functions with simple examples,Python,Informational,976,67,111,186,39191,synthetic-00861,78,true
2026-08-22,12:00,Facebook,5 Python tips every beginner should know,Python,Informational,1333,163,64,222,22219,synthetic-00862,13,true
2026-01-21,18:30,Instagram,Social media tips for better engagement,Marketing,Entertainment,2971,312,371,309,44808,synthetic-00863,196,true
2026-08-03,20:30,LinkedIn,Social media tips for better engagement,Marketing,Promotional,1439,108,196,268,54213,synthetic-00864,160,true
2026-04-27,08:30,LinkedIn,Simple study tips for better results,Education,Entertainment,1295,143,84,298,18523,synthetic-00865,20,true
2025-12-06,08:00,X,5 ways to improve your study routine,Education,Informational,784,86,72,186,21185,synthetic-00866,64,true
2026-05-26,14:00,Instagram,Important skills every student should learn,Education,Informational,2643,262,217,515,37094,synthetic-00867,37,true
2026-08-05,14:30,LinkedIn,Latest AI trends you should know,AI,Educational,1721,139,225,230,27534,synthetic-00868,74,true
2026-05-15,19:30,X,Python tricks that save coding time,Python,Promotional,468,51,20,110,25241,synthetic-00869,171,true
2026-03-31,17:30,LinkedIn,AI tools that save you 10 hours a week,AI,Entertainment,636,44,76,108,10044,synthetic-00870,32,true
2026-06-15,21:00,X,Important skills every student should learn,Education,Promotional,983,70,85,221,31675,synthetic-00871,156,true
2026-07-01,10:00,Instagram,How technology is changing daily life,Technology,Promotional,874,81,74,224,39389,synthetic-00872,142,true
2026-07-08,12:00,Facebook,5 technologies shaping the future,Technology,Entertainment,1076,67,161,163,19808,synthetic-00873,161,true
2026-03-02,21:30,X,Technology trends to watch this year,Technology,Informational,123,15,18,28,6857,synthetic-00874,67,true
2026-03-11,09:00,X,Ways to grow your online audience,Marketing,Educational,581,69,63,65,15976,synthetic-00875,28,true
2026-08-11,18:30,Facebook,Simple study tips for better results,Education,Informational,2054,186,208,257,35930,synthetic-00876,45,true
2026-09-20,10:30,Facebook,Learn Python functions with simple examples,Python,Entertainment,1047,127,72,281,15144,synthetic-00877,53,true
2026-05-24,20:30,Instagram,How to create engaging social media posts,Marketing,Informational,754,52,63,212,21595,synthetic-00878,190,true
2026-05-22,09:30,X,See what is new in our latest release,Product,Entertainment,1550,112,133,330,30210,synthetic-00879,189,true
2026-03-19,18:00,Facebook,Beginner guide to artificial intelligence,AI,Educational,1370,112,148,301,25865,synthetic-00880,88,true
2026-08-15,10:30,X,Python tricks that save coding time,Python,Promotional,979,72,124,270,28496,synthetic-00881,178,true
2026-01-09,21:00,Instagram,5 useful AI tools for students,AI,Promotional,1788,124,189,366,29958,synthetic-00882,198,true
2026-01-19,18:30,Instagram,AI tools that save you 10 hours a week,AI,Promotional,1292,90,147,332,35307,synthetic-00883,105,true
2026-04-18,18:30,X,How our new feature improves productivity,Product,Educational,1946,146,110,377,46911,synthetic-00884,46,true
2026-09-13,18:00,Instagram,Product update: new tools for users,Product,Educational,1667,180,127,276,20170,synthetic-00885,153,true
2026-01-15,10:00,LinkedIn,New product update is now available,Product,Informational,2722,134,207,709,56062,synthetic-00886,95,true
2026-02-21,10:00,Facebook,Ways to grow your online audience,Marketing,Informational,725,54,59,122,29341,synthetic-00887,3,true
2026-02-03,09:30,Instagram,Simple marketing strategies for beginners,Marketing,Informational,1152,126,167,232,25522,synthetic-00888,118,true
2026-06-07,18:30,Instagram,How our new feature improves productivity,Product,Informational,2072,213,156,508,47668,synthetic-00889,195,true
2026-08-19,10:30,LinkedIn,How technology is changing daily life,Technology,Promotional,105,13,12,18,5799,synthetic-00890,30,true
2026-01-11,18:30,Instagram,How to create engaging social media posts,Marketing,Educational,536,25,77,164,7752,synthetic-00891,177,true
2026-06-13,09:30,Instagram,Learn Python functions with simple examples,Python,Entertainment,3354,357,338,728,40572,synthetic-00892,4,true
2026-08-23,12:30,Facebook,How our new feature improves productivity,Product,Promotional,2062,232,309,477,50030,synthetic-00893,36,true
2026-02-24,08:30,Facebook,How to learn technical skills faster,Education,Educational,336,25,18,64,8078,synthetic-00894,80,true
2026-07-07,08:00,LinkedIn,Simple marketing strategies for beginners,Marketing,Educational,1744,212,93,414,42011,synthetic-00895,139,true
2026-07-31,09:30,LinkedIn,Ways to grow your online audience,Marketing,Promotional,132,6,8,12,6491,synthetic-00896,132,true
2026-05-21,17:30,Instagram,Python tricks that save coding time,Python,Educational,3186,265,245,848,56749,synthetic-00897,52,true
2026-03-29,19:30,X,Simple marketing strategies for beginners,Marketing,Informational,297,14,13,63,13339,synthetic-00898,15,true
2026-03-05,21:00,Instagram,Ways to grow your online audience,Marketing,Entertainment,2085,107,164,313,38304,synthetic-00899,135,true
2026-08-25,18:00,Facebook,Ways to grow your online audience,Marketing,Educational,854,106,75,185,26089,synthetic-00900,110,true
2026-09-28,10:30,X,Python tricks that save coding time,Python,Promotional,1092,86,159,318,35082,synthetic-00901,178,true
2026-06-14,20:30,X,Social media tips for better engagement,Marketing,Entertainment,818,86,81,88,13803,synthetic-00902,144,true
2026-05-05,21:30,Facebook,Beginner guide to modern technology,Technology,Educational,2150,95,221,192,47008,synthetic-00903,193,true
2026-07-01,18:30,Instagram,How our new feature improves productivity,Product,Informational,1649,175,126,442,38103,synthetic-00904,195,true
2026-04-22,19:30,X,Python tricks that save coding time,Python,Promotional,474,47,19,107,24251,synthetic-00905,171,true
2026-03-10,18:30,X,How our new feature improves productivity,Product,Entertainment,641,52,90,121,16800,synthetic-00906,134,true
2026-08-20,10:30,Facebook,Learn Python functions with simple examples,Python,Entertainment,1324,152,89,310,19203,synthetic-00907,53,true
2026-03-31,17:30,LinkedIn,5 ways to improve your study routine,Education,Entertainment,1186,56,98,268,27514,synthetic-00908,100,true
2026-06-15,12:30,X,Beginner guide to modern technology,Technology,Educational,1874,157,214,481,36498,synthetic-00909,44,true
2026-03-09,20:30,Facebook,Simple marketing strategies for beginners,Marketing,Educational,1494,165,220,326,23501,synthetic-00910,141,true
2026-05-16,20:00,Instagram,Simple marketing strategies for beginners,Marketing,Promotional,760,48,95,161,17767,synthetic-00911,6,true
2026-02-25,14:30,Facebook,5 technologies shaping the future,Technology,Promotional,921,69,52,269,23613,synthetic-00912,87,true
2025-12-30,14:30,LinkedIn,5 useful AI tools for students,AI,Promotional,422,33,36,44,26233,synthetic-00913,108,true
2026-01-30,09:00,Instagram,Content ideas that attract more viewers,Marketing,Informational,1207,104,172,124,22367,synthetic-00914,125,true
2026-08-15,09:30,LinkedIn,How AI is changing the way we work,AI,Promotional,263,22,34,54,9878,synthetic-00915,121,true
2026-05-27,20:30,Instagram,Simple study tips for better results,Education,Entertainment,940,66,42,187,18598,synthetic-00916,152,true
2026-06-14,09:30,Facebook,Learn Python functions with simple examples,Python,Promotional,460,43,43,36,12051,synthetic-00917,93,true
2026-10-01,17:30,LinkedIn,Latest AI trends you should know,AI,Promotional,338,33,29,97,10283,synthetic-00918,175,true
2026-09-19,09:30,LinkedIn,How to learn technical skills faster,Education,Educational,528,67,51,50,19047,synthetic-00919,40,true
2026-01-22,18:30,Instagram,AI tools that save you 10 hours a week,AI,Promotional,1052,73,126,278,29634,synthetic-00920,105,true
2026-06-18,09:00,Instagram,Beginner guide to artificial intelligence,AI,Educational,1047,122,140,219,28414,synthetic-00921,101,true
2025-12-16,10:30,Facebook,5 Python tips every beginner should know,Python,Promotional,484,30,25,63,12285,synthetic-00922,128,true
2025-12-28,12:00,X,How our new feature improves productivity,Product,Entertainment,1302,80,188,293,37355,synthetic-00923,180,true
2026-06-26,19:00,Instagram,Best learning habits for students,Education,Educational,692,58,38,111,9632,synthetic-00924,24,true
2026-07-28,09:00,X,Social media tips for better engagement,Marketing,Entertainment,1077,48,74,250,26472,synthetic-00925,98,true
2026-04-27,18:30,X,How our new feature improves productivity,Product,Educational,2267,176,135,429,52915,synthetic-00926,46,true
2026-05-21,17:30,LinkedIn,5 ways to improve your study routine,Education,Entertainment,1361,70,124,343,33675,synthetic-00927,100,true
2026-06-01,19:00,Instagram,Best learning habits for students,Education,Educational,751,58,40,110,10083,synthetic-00928,24,true
2026-08-02,09:00,LinkedIn,Top Python mistakes beginners make,Python,Informational,1206,57,164,310,37438,synthetic-00929,179,true
2026-06-05,20:30,LinkedIn,Learn Python functions with simple examples,Python,Entertainment,1375,160,140,396,30188,synthetic-00930,41,true
2026-05-11,20:00,X,Social media tips for better engagement,Marketing,Informational,292,21,28,65,9472,synthetic-00931,82,true
2026-02-22,10:00,X,Best learning habits for students,Education,Educational,1913,99,196,521,32730,synthetic-00932,165,true
2026-03-28,21:30,Facebook,Learn Python functions with simple examples,Python,Informational,1349,85,154,252,52081,synthetic-00933,78,true
2026-04-07,17:30,Instagram,Python tricks that save coding time,Python,Educational,2683,227,193,722,42396,synthetic-00934,52,true
2026-05-03,17:00,LinkedIn,Content ideas that attract more viewers,Marketing,Promotional,1549,195,221,337,43075,synthetic-00935,12,true
2026-06-22,18:00,X,Social media tips for better engagement,Marketing,Informational,703,52,72,81,20395,synthetic-00936,102,true
2026-03-05,10:30,Instagram,Our new dashboard feature is live,Product,Informational,929,79,77,149,11359,synthetic-00937,60,true
2026-06-10,19:30,Instagram,Beginner guide to artificial intelligence,AI,Entertainment,2092,142,93,366,25035,synthetic-00938,114,true
2026-02-05,08:30,Facebook,How to learn technical skills faster,Education,Educational,347,27,20,70,9168,synthetic-00939,80,true
2026-06-13,09:00,LinkedIn,Content ideas that attract more viewers,Marketing,Entertainment,1341,88,79,127,48686,synthetic-00940,65,true
2026-06-19,21:00,X,Important skills every student should learn,Education,Promotional,951,66,75,200,28979,synthetic-00941,156,true
2026-09-06,09:30,LinkedIn,Ways to grow your online audience,Marketing,Promotional,181,7,11,16,8957,synthetic-00942,132,true
2026-04-12,21:30,X,How AI is changing the way we work,AI,Informational,407,29,32,63,10149,synthetic-00943,59,true
2026-03-08,20:00,Instagram,Important skills every student should learn,Education,Educational,1295,88,155,209,27688,synthetic-00944,145,true
2026-06-16,08:00,X,Beginner guide to modern technology,Technology,Informational,689,77,89,110,26231,synthetic-00945,133,true
2026-03-10,14:30,LinkedIn,Our new dashboard feature is live,Product,Informational,505,65,38,91,13707,synthetic-00946,119,true
2026-08-07,19:00,LinkedIn,Learn Python functions with simple examples,Python,Entertainment,1871,211,215,313,41221,synthetic-00947,176,true
2026-02-05,20:30,Facebook,Simple marketing strategies for beginners,Marketing,Educational,1432,155,217,349,22250,synthetic-00948,141,true
2026-01-25,09:30,Instagram,Simple marketing strategies for beginners,Marketing,Informational,1075,129,170,232,27238,synthetic-00949,118,true
2026-05-14,18:00,Facebook,The future of technology explained,Technology,Educational,725,95,99,146,29305,synthetic-00950,109,true
2026-07-05,12:30,X,Beginner guide to modern technology,Technology,Educational,1553,136,163,414,29695,synthetic-00951,44,true
2026-06-19,10:00,X,How technology is changing daily life,Technology,Promotional,1520,83,135,257,52265,synthetic-00952,122,true
2026-06-13,19:30,Instagram,How our new feature improves productivity,Product,Promotional,1031,47,52,166,24065,synthetic-00953,138,true
2026-05-08,21:00,Instagram,Easy Python projects for students,Python,Entertainment,2810,334,203,544,43715,synthetic-00954,62,true
2026-03-26,12:00,Instagram,Learn Python functions with simple examples,Python,Promotional,453,35,48,121,9655,synthetic-00955,181,true
2026-05-31,09:00,LinkedIn,Social media tips for better engagement,Marketing,Informational,1107,71,68,170,46722,synthetic-00956,26,true
2026-05-03,18:30,X,How our new feature improves productivity,Product,Educational,2234,170,131,383,51591,synthetic-00957,46,true
2026-05-02,09:30,X,Python tricks that save coding time,Python,Educational,788,75,40,99,41692,synthetic-00958,61,true
2026-08-13,12:00,Facebook,5 Python tips every beginner should know,Python,Informational,1238,159,60,230,20057,synthetic-00959,13,true
2026-02-20,21:00,Instagram,Ways to grow your online audience,Marketing,Entertainment,2229,109,164,326,39544,synthetic-00960,135,true
2026-05-20,09:30,Facebook,Beginner guide to modern technology,Technology,Educational,534,38,27,150,19978,synthetic-00961,27,true
2026-07-16,10:30,LinkedIn,How technology is changing daily life,Technology,Promotional,137,16,15,23,7380,synthetic-00962,30,true
2026-01-15,19:00,X,Beginner guide to artificial intelligence,AI,Entertainment,1077,72,133,248,25911,synthetic-00963,149,true
2026-07-07,10:00,Instagram,How technology is changing daily life,Technology,Promotional,719,68,62,189,32484,synthetic-00964,142,true
2026-07-07,12:30,X,Simple marketing strategies for beginners,Marketing,Informational,787,52,56,102,40390,synthetic-00965,83,true
2026-04-24,08:30,Instagram,Simple marketing strategies for beginners,Marketing,Promotional,1030,61,158,288,31535,synthetic-00966,7,true
2026-08-11,14:30,X,Technology trends to watch this year,Technology,Informational,894,94,63,87,22327,synthetic-00967,148,true
2025-12-26,10:30,Facebook,5 Python tips every beginner should know,Python,Promotional,502,32,26,70,12320,synthetic-00968,128,true
2026-07-05,09:30,X,See what is new in our latest release,Product,Entertainment,1719,128,146,342,30318,synthetic-00969,189,true
2026-04-06,18:30,X,How our new feature improves productivity,Product,Educational,1733,134,98,346,45127,synthetic-00970,46,true
2026-06-11,19:30,Instagram,Beginner guide to artificial intelligence,AI,Entertainment,1657,124,79,307,22817,synthetic-00971,114,true
2026-06-05,10:30,X,Beginner guide to artificial intelligence,AI,Entertainment,416,37,29,86,14104,synthetic-00972,8,true
2026-06-08,20:30,X,Social media tips for better engagement,Marketing,Entertainment,629,71,70,79,11139,synthetic-00973,144,true
2026-03-19,09:00,Instagram,Top Python mistakes beginners make,Python,Promotional,2523,192,341,497,42544,synthetic-00974,22,true
2026-05-21,21:30,LinkedIn,5 technologies shaping the future,Technology,Promotional,1367,148,157,158,44694,synthetic-00975,85,true
2026-06-29,10:30,Facebook,Easy Python projects for students,Python,Educational,1239,60,117,201,40415,synthetic-00976,96,true
2026-03-25,17:30,LinkedIn,5 ways to improve your study routine,Education,Entertainment,1232,61,107,295,32085,synthetic-00977,100,true
2026-03-30,09:30,X,Python tricks that save coding time,Python,Educational,647,66,32,80,31817,synthetic-00978,61,true
2026-01-08,17:00,Facebook,Simple study tips for better results,Education,Informational,1607,183,65,424,25142,synthetic-00979,70,true
2026-08-28,10:30,X,Python tricks that save coding time,Python,Promotional,904,68,131,281,26577,synthetic-00980,178,true
2026-07-12,09:00,LinkedIn,Top Python mistakes beginners make,Python,Informational,1162,62,185,320,35767,synthetic-00981,179,true
2026-07-07,18:30,Facebook,Simple study tips for better results,Education,Informational,2283,203,228,290,40687,synthetic-00982,45,true
2026-03-28,20:00,Facebook,Social media tips for better engagement,Marketing,Educational,2049,88,163,322,29768,synthetic-00983,130,true
2026-07-21,09:00,LinkedIn,New product update is now available,Product,Entertainment,377,20,47,78,12794,synthetic-00984,9,true
2026-10-12,08:30,LinkedIn,Learn Python functions with simple examples,Python,Informational,179,19,20,51,5247,synthetic-00985,34,true
2026-04-26,09:00,Facebook,5 technologies shaping the future,Technology,Promotional,377,45,24,49,23590,synthetic-00986,164,true
2026-08-02,10:00,X,Best learning habits for students,Education,Entertainment,1266,80,138,332,47038,synthetic-00987,124,true
2026-01-30,18:30,Instagram,How to create engaging social media posts,Marketing,Educational,555,23,74,151,7950,synthetic-00988,177,true
2026-01-30,20:30,Facebook,Simple marketing strategies for beginners,Marketing,Educational,1637,158,215,343,22588,synthetic-00989,141,true
2026-01-31,14:30,LinkedIn,5 useful AI tools for students,AI,Promotional,408,35,38,46,24995,synthetic-00990,108,true
2026-02-26,18:30,X,How our new feature improves productivity,Product,Entertainment,736,61,106,144,18374,synthetic-00991,134,true
2026-04-19,09:30,Instagram,Learn Python functions with simple examples,Python,Entertainment,3378,382,365,787,40644,synthetic-00992,4,true
2026-06-10,18:30,Instagram,How our new feature improves productivity,Product,Informational,1835,192,142,490,44270,synthetic-00993,195,true
2026-04-08,19:30,X,Content ideas that attract more viewers,Marketing,Promotional,226,25,19,40,17961,synthetic-00994,17,true
2026-05-24,10:30,X,5 Python tips every beginner should know,Python,Informational,1720,209,203,242,57239,synthetic-00995,172,true
2026-02-11,08:30,Facebook,Beginner guide to modern technology,Technology,Promotional,538,59,67,97,18280,synthetic-00996,158,true
2026-07-31,09:30,LinkedIn,Ways to grow your online audience,Marketing,Promotional,161,7,10,14,8221,synthetic-00997,132,true
2026-03-09,14:30,LinkedIn,Simple study tips for better results,Education,Entertainment,2143,254,136,444,35361,synthetic-00998,73,true
2026-08-04,18:30,Instagram,Learn Python functions with simple examples,Python,Promotional,957,123,126,123,42747,synthetic-00999,111,true
2026-04-09,18:30,X,How our new feature improves productivity,Product,Educational,1781,137,101,338,43948,synthetic-01000,46,true
2026-04-18,18:30,X,How our new feature improves productivity,Product,Educational,1945,142,110,353,46220,synthetic-01001,46,true
2026-09-05,08:00,Facebook,How AI is changing the way we work,AI,Promotional,399,38,38,104,23417,synthetic-01002,21,true
2026-03-27,18:00,LinkedIn,Ways to grow your online audience,Marketing,Promotional,728,52,72,173,32630,synthetic-01003,188,true
2026-01-21,12:30,LinkedIn,Easy Python projects for students,Python,Entertainment,1733,71,261,490,25679,synthetic-01004,187,true
2026-08-07,17:30,X,New product update is now available,Product,Informational,937,100,64,84,24502,synthetic-01005,48,true
2026-01-27,18:30,LinkedIn,Beginner guide to artificial intelligence,AI,Educational,1025,120,143,253,16919,synthetic-01006,167,true
2026-08-11,09:30,LinkedIn,Ways to grow your online audience,Marketing,Promotional,168,6,9,14,7766,synthetic-01007,132,true
2026-08-10,10:30,LinkedIn,How technology is changing daily life,Technology,Promotional,99,11,12,18,5822,synthetic-01008,30,true
2026-05-21,12:30,LinkedIn,Technology trends to watch this year,Technology,Educational,1423,88,139,355,33684,synthetic-01009,56,true
2026-05-05,12:00,X,Social media tips for better engagement,Marketing,Entertainment,230,28,14,60,9372,synthetic-01010,182,true
2026-10-20,20:30,Facebook,Our new dashboard feature is live,Product,Promotional,398,36,20,87,10598,synthetic-01011,146,true
2026-04-16,09:00,X,Ways to grow your online audience,Marketing,Educational,500,57,52,57,12418,synthetic-01012,28,true
2026-08-15,09:30,LinkedIn,Ways to grow your online audience,Marketing,Promotional,129,5,8,12,6251,synthetic-01013,132,true
2026-03-14,17:00,X,Best learning habits for students,Education,Informational,341,35,24,101,13782,synthetic-01014,69,true
2026-06-28,19:00,X,Python tricks that save coding time,Python,Promotional,792,85,75,83,22961,synthetic-01015,11,true
2026-02-01,12:00,Instagram,Content ideas that attract more viewers,Marketing,Informational,1377,58,93,342,44520,synthetic-01016,49,true
2026-02-06,09:30,Instagram,Simple marketing strategies for beginners,Marketing,Informational,1038,115,157,230,23755,synthetic-01017,118,true
2026-03-09,18:30,X,How our new feature improves productivity,Product,Entertainment,737,64,109,135,18287,synthetic-01018,134,true
2026-07-26,18:00,Facebook,Ways to grow your online audience,Marketing,Educational,884,105,75,184,24395,synthetic-01019,110,true
2026-04-30,21:30,LinkedIn,5 technologies shaping the future,Technology,Promotional,1636,183,193,187,51727,synthetic-01020,85,true
2026-08-06,10:00,Facebook,Content ideas that attract more viewers,Marketing,Entertainment,2561,178,137,354,41996,synthetic-01021,199,true
2026-02-25,19:30,Facebook,5 useful AI tools for students,AI,Promotional,2366,249,236,525,50369,synthetic-01022,25,true
2026-04-29,17:00,Instagram,5 useful AI tools for students,AI,Entertainment,3377,193,240,755,37902,synthetic-01023,186,true
2026-02-10,14:30,LinkedIn,Simple study tips for better results,Education,Entertainment,1820,249,126,393,31856,synthetic-01024,73,true
2026-07-30,10:00,Facebook,Content ideas that attract more viewers,Marketing,Entertainment,2489,185,127,342,39114,synthetic-01025,199,true
2026-01-25,21:00,Instagram,Ways to grow your online audience,Marketing,Entertainment,2531,129,184,368,44600,synthetic-01026,135,true
2026-03-25,18:00,X,How to create engaging social media posts,Marketing,Promotional,635,68,86,106,24535,synthetic-01027,76,true
2026-01-12,18:30,Instagram,Social media tips for better engagement,Marketing,Entertainment,2942,271,346,266,39339,synthetic-01028,196,true
2026-03-23,18:00,X,How to create engaging social media posts,Marketing,Promotional,831,88,105,132,28665,synthetic-01029,76,true
2026-09-22,19:30,Facebook,5 technologies shaping the future,Technology,Entertainment,926,63,49,181,13574,synthetic-01030,191,true
2026-06-04,09:00,LinkedIn,Social media tips for better engagement,Marketing,Informational,828,54,55,138,39394,synthetic-01031,26,true
2026-04-07,08:30,Instagram,Top Python mistakes beginners make,Python,Promotional,987,75,59,182,25804,synthetic-01032,159,true
2026-08-15,14:00,Facebook,How to learn technical skills faster,Education,Informational,519,29,55,130,10478,synthetic-01033,166,true
2026-08-27,21:30,LinkedIn,Simple study tips for better results,Education,Informational,1689,80,121,196,54204,synthetic-01034,71,true
2026-05-09,10:30,X,5 Python tips every beginner should know,Python,Informational,1697,203,193,232,52097,synthetic-01035,172,true
2026-03-04,21:00,Instagram,Ways to grow your online audience,Marketing,Entertainment,2493,121,186,363,42226,synthetic-01036,135,true
2026-07-31,18:30,Instagram,How our new feature improves productivity,Product,Informational,2109,200,141,531,49346,synthetic-01037,195,true
2026-09-28,20:30,Facebook,Our new dashboard feature is live,Product,Promotional,390,39,19,89,10817,synthetic-01038,146,true
2026-07-16,20:00,LinkedIn,How AI is changing the way we work,AI,Educational,1349,167,107,147,48497,synthetic-01039,94,true
2026-04-20,08:30,Instagram,Top Python mistakes beginners make,Python,Promotional,945,73,59,188,26376,synthetic-01040,159,true
2026-06-18,18:30,Instagram,How our new feature improves productivity,Product,Informational,1599,162,116,417,37967,synthetic-01041,195,true
2026-01-29,08:00,X,5 ways to improve your study routine,Education,Informational,818,82,69,188,22971,synthetic-01042,64,true
2025-12-24,08:30,Facebook,Beginner guide to modern technology,Technology,Promotional,618,64,79,94,17872,synthetic-01043,158,true
2026-02-06,18:30,X,How our new feature improves productivity,Product,Entertainment,657,57,92,127,18071,synthetic-01044,134,true
2026-02-06,20:30,LinkedIn,Important skills every student should learn,Education,Educational,1385,64,216,403,31040,synthetic-01045,97,true
2026-06-22,18:30,Instagram,How our new feature improves productivity,Product,Informational,1984,200,136,517,44681,synthetic-01046,195,true
2026-02-03,14:30,Instagram,5 useful AI tools for students,AI,Educational,2644,170,301,760,27965,synthetic-01047,51,true
2026-02-12,17:00,Facebook,Python tricks that save coding time,Python,Educational,1877,93,233,512,50255,synthetic-01048,29,true
2026-09-23,17:30,LinkedIn,Latest AI trends you should know,AI,Promotional,410,43,35,108,12772,synthetic-01049,175,true
2026-08-10,19:00,LinkedIn,Learn Python functions with simple examples,Python,Entertainment,2068,233,235,359,47916,synthetic-01050,176,true
2026-05-15,20:30,X,Social media tips for better engagement,Marketing,Entertainment,757,81,83,84,13974,synthetic-01051,144,true
2026-06-19,09:00,LinkedIn,Top Python mistakes beginners make,Python,Informational,1171,58,173,294,33979,synthetic-01052,179,true
2025-12-07,10:30,Facebook,5 Python tips every beginner should know,Python,Promotional,575,32,28,71,14003,synthetic-01053,128,true
2026-07-14,10:00,Facebook,Content ideas that attract more viewers,Marketing,Entertainment,2850,213,144,371,45036,synthetic-01054,199,true
2026-03-24,10:00,LinkedIn,Python tricks that save coding time,Python,Promotional,1439,124,146,114,43329,synthetic-01055,1,true
2026-04-13,21:00,X,How AI is changing the way we work,AI,Educational,1309,143,78,294,32354,synthetic-01056,50,true
2026-02-07,14:30,LinkedIn,Simple study tips for better results,Education,Entertainment,1927,227,131,391,31096,synthetic-01057,73,true
2026-02-02,17:00,Facebook,Simple study tips for better results,Education,Informational,1670,209,66,496,30748,synthetic-01058,70,true
2026-06-27,20:30,Instagram,Latest AI trends you should know,AI,Entertainment,383,20,25,106,6353,synthetic-01059,120,true
2026-06-15,17:30,X,New product update is now available,Product,Informational,1016,112,64,92,25385,synthetic-01060,48,true
2026-04-11,17:30,LinkedIn,AI tools that save you 10 hours a week,AI,Entertainment,620,44,69,108,10375,synthetic-01061,32,true
2026-05-14,09:00,Facebook,5 technologies shaping the future,Technology,Promotional,376,45,24,53,21370,synthetic-01062,164,true
2026-03-12,18:30,Instagram,Social media tips for better engagement,Marketing,Entertainment,2890,270,319,283,39321,synthetic-01063,196,true
2026-08-12,09:00,X,Social media tips for better engagement,Marketing,Entertainment,1178,56,89,282,27326,synthetic-01064,98,true
2026-01-11,12:30,LinkedIn,Easy Python projects for students,Python,Entertainment,1813,74,242,500,25686,synthetic-01065,187,true
2026-05-23,18:00,X,Social media tips for better engagement,Marketing,Informational,736,53,71,85,21930,synthetic-01066,102,true
2026-01-05,18:30,LinkedIn,Beginner guide to artificial intelligence,AI,Educational,927,121,133,252,15589,synthetic-01067,167,true
2026-09-01,09:30,LinkedIn,Ways to grow your online audience,Marketing,Promotional,152,5,8,12,6946,synthetic-01068,132,true
2026-04-15,21:30,X,How AI is changing the way we work,AI,Informational,435,28,32,63,10576,synthetic-01069,59,true
2026-01-03,14:30,LinkedIn,5 useful AI tools for students,AI,Promotional,403,33,35,44,25390,synthetic-01070,108,true
2026-07-22,18:30,Facebook,Simple study tips for better results,Education,Informational,1846,171,202,246,34008,synthetic-01071,45,true
2026-01-13,21:00,Instagram,Ways to grow your online audience,Marketing,Entertainment,1959,100,159,304,37733,synthetic-01072,135,true
2026-01-28,09:30,Facebook,Our new dashboard feature is live,Product,Promotional,237,21,31,26,14099,synthetic-01073,131,true
2026-07-12,12:00,Instagram,Product update: new tools for users,Product,Educational,1786,96,115,171,23275,synthetic-01074,63,true
2026-06-09,12:30,X,Beginner guide to modern technology,Technology,Educational,1440,138,180,414,30797,synthetic-01075,44,true
2026-09-05,12:00,Instagram,Simple marketing strategies for beginners,Marketing,Educational,2770,118,140,831,42586,synthetic-01076,197,true
2026-08-28,18:00,Facebook,5 Python tips every beginner should know,Python,Promotional,954,71,94,149,26978,synthetic-01077,57,true
2026-04-21,18:30,X,How our new feature improves productivity,Product,Educational,2328,170,136,413,55958,synthetic-01078,46,true
2026-04-18,21:30,Facebook,Beginner guide to modern technology,Technology,Educational,2774,112,272,218,55956,synthetic-01079,193,true
2026-05-18,19:30,X,How to create engaging social media posts,Marketing,Informational,1609,182,114,183,38462,synthetic-01080,162,true
2026-06-13,08:30,LinkedIn,Python tricks that save coding time,Python,Promotional,1036,56,115,179,33616,synthetic-01081,127,true
2026-05-08,18:00,Facebook,The future of technology explained,Technology,Educational,820,104,121,172,33739,synthetic-01082,109,true
2026-03-09,08:00,Instagram,Technology trends to watch this year,Technology,Educational,1258,129,63,151,31670,synthetic-01083,192,true
2026-05-09,10:00,Facebook,See what is new in our latest release,Product,Educational,796,43,53,137,18415,synthetic-01084,43,true
2025-12-15,10:30,Facebook,5 Python tips every beginner should know,Python,Promotional,558,34,28,75,13351,synthetic-01085,128,true
2026-03-25,17:30,Instagram,Top Python mistakes beginners make,Python,Promotional,2124,141,121,281,40705,synthetic-01086,112,true
2026-06-22,09:00,Instagram,Beginner guide to artificial intelligence,AI,Educational,1353,160,189,299,35018,synthetic-01087,101,true
2026-07-12,18:30,Instagram,Learn Python functions with simple examples,Python,Promotional,1038,126,136,138,47275,synthetic-01088,111,true
2026-05-16,20:00,X,Social media tips for better engagement,Marketing,Informational,333,21,33,70,11041,synthetic-01089,82,true
2026-05-11,09:30,Instagram,Learn Python functions with simple examples,Python,Entertainment,3496,408,371,848,46508,synthetic-01090,4,true
2026-04-18,12:00,X,Social media tips for better engagement,Marketing,Entertainment,223,26,14,60,8319,synthetic-01091,182,true
2025-12-09,14:30,Instagram,Product update: new tools for users,Product,Informational,3389,270,451,887,52746,synthetic-01092,168,true
2026-03-06,12:00,Facebook,Simple marketing strategies for beginners,Marketing,Promotional,829,88,87,148,40106,synthetic-01093,173,true
2026-05-24,18:00,X,Social media tips for better engagement,Marketing,Informational,813,57,78,100,22796,synthetic-01094,102,true
2026-05-21,08:00,X,Beginner guide to modern technology,Technology,Informational,623,66,84,91,22578,synthetic-01095,133,true
2026-03-30,21:30,X,How AI is changing the way we work,AI,Informational,407,29,35,61,10918,synthetic-01096,59,true
2026-06-15,19:00,X,5 technologies shaping the future,Technology,Informational,777,42,70,114,29900,synthetic-01097,157,true
2026-04-17,21:30,Facebook,Learn Python functions with simple examples,Python,Informational,1239,90,148,259,51822,synthetic-01098,78,true
2026-08-08,10:30,X,Our new dashboard feature is live,Product,Informational,491,30,33,107,17842,synthetic-01099,55,true
2026-06-30,20:00,LinkedIn,How AI is changing the way we work,AI,Educational,1228,150,102,145,45166,synthetic-01100,94,true
2026-05-27,17:30,LinkedIn,AI tools that save you 10 hours a week,AI,Entertainment,611,40,67,110,9921,synthetic-01101,32,true
2026-07-19,21:00,X,Important skills every student should learn,Education,Promotional,859,58,75,182,26055,synthetic-01102,156,true
2026-10-20,20:30,Facebook,Our new dashboard feature is live,Product,Promotional,466,46,23,107,14099,synthetic-01103,146,true
2026-04-21,08:00,Instagram,Technology trends to watch this year,Technology,Educational,1113,110,51,123,27428,synthetic-01104,192,true
2026-05-06,18:30,X,How our new feature improves productivity,Product,Educational,2041,156,114,357,48776,synthetic-01105,46,true
2026-05-14,08:30,Instagram,New product update is now available,Product,Entertainment,835,97,62,212,16686,synthetic-01106,31,true
2026-06-27,10:00,X,How technology is changing daily life,Technology,Promotional,1302,72,118,220,46317,synthetic-01107,122,true
2026-06-18,10:00,Instagram,5 technologies shaping the future,Technology,Entertainment,798,47,85,106,11061,synthetic-01108,194,true
2026-05-18,10:30,Facebook,Easy Python projects for students,Python,Educational,1156,49,96,166,34101,synthetic-01109,96,true
2026-03-12,09:00,Instagram,Content ideas that attract more viewers,Marketing,Informational,1405,122,194,132,26431,synthetic-01110,125,true
2026-07-30,20:00,X,Important skills every student should learn,Education,Informational,1793,192,186,259,48195,synthetic-01111,10,true
2026-06-26,19:00,X,Python tricks that save coding time,Python,Promotional,822,85,77,78,24783,synthetic-01112,11,true
2026-01-20,09:30,Instagram,Simple marketing strategies for beginners,Marketing,Informational,1037,122,153,224,23458,synthetic-01113,118,true
2026-03-21,08:00,Instagram,Technology trends to watch this year,Technology,Educational,1248,120,56,130,29532,synthetic-01114,192,true
2026-08-17,09:00,X,Social media tips for better engagement,Marketing,Entertainment,1090,48,76,234,24096,synthetic-01115,98,true
2026-06-01,14:00,Instagram,Important skills every student should learn,Education,Informational,2142,189,160,346,27845,synthetic-01116,37,true
2026-09-01,09:30,LinkedIn,Ways to grow your online audience,Marketing,Promotional,148,6,9,12,7399,synthetic-01117,132,true
2026-04-17,20:00,Facebook,Social media tips for better engagement,Marketing,Educational,1762,73,149,268,27269,synthetic-01118,130,true
2026-01-26,19:30,Facebook,5 useful AI tools for students,AI,Promotional,2221,246,232,497,50510,synthetic-01119,25,true
2026-02-24,20:00,LinkedIn,How technology is changing daily life,Technology,Entertainment,948,91,137,265,20655,synthetic-01120,14,true
2026-05-20,09:30,Instagram,Learn Python functions with simple examples,Python,Entertainment,3251,397,342,756,41177,synthetic-01121,4,true
2026-05-04,10:30,X,5 Python tips every beginner should know,Python,Informational,1686,184,191,231,54406,synthetic-01122,172,true
2026-06-26,08:00,X,Beginner guide to modern technology,Technology,Informational,636,67,83,98,22621,synthetic-01123,133,true
2025-12-13,09:30,Facebook,Our new dashboard feature is live,Product,Promotional,196,17,25,22,11001,synthetic-01124,131,true
2026-04-27,20:00,X,Easy Python projects for students,Python,Entertainment,854,57,71,139,25437,synthetic-01125,117,true
2026-09-05,12:00,Instagram,Product update: new tools for users,Product,Educational,1624,89,94,158,21526,synthetic-01126,63,true
2026-02-17,09:00,Facebook,Ways to grow your online audience,Marketing,Entertainment,653,43,61,63,7999,synthetic-01127,90,true
2026-06-13,12:30,Instagram,Ways to grow your online audience,Marketing,Educational,1579,130,84,356,21502,synthetic-01128,79,true
2026-01-05,18:30,Instagram,How to create engaging social media posts,Marketing,Educational,563,24,74,175,7920,synthetic-01129,177,true
2026-06-30,10:30,X,Beginner guide to artificial intelligence,AI,Entertainment,454,40,33,94,16693,synthetic-01130,8,true
2026-07-05,21:30,Facebook,5 Python tips every beginner should know,Python,Promotional,167,13,20,23,8207,synthetic-01131,33,true
2026-03-28,12:00,Instagram,Learn Python functions with simple examples,Python,Promotional,622,47,68,169,12587,synthetic-01132,181,true
2026-06-05,21:00,X,Important skills every student should learn,Education,Promotional,900,57,71,191,27924,synthetic-01133,156,true
2026-05-25,19:00,X,5 technologies shaping the future,Technology,Informational,783,36,66,115,29081,synthetic-01134,157,true
2026-07-04,14:30,X,Technology trends to watch this year,Technology,Informational,890,87,63,85,20801,synthetic-01135,148,true
2026-05-12,09:00,LinkedIn,Content ideas that attract more viewers,Marketing,Entertainment,1246,80,71,113,39708,synthetic-01136,65,true
2026-06-25,19:30,X,How to create engaging social media posts,Marketing,Informational,2207,239,142,219,46945,synthetic-01137,162,true
2026-05-21,20:00,X,Social media tips for better engagement,Marketing,Informational,270,20,29,60,9684,synthetic-01138,82,true
2026-08-30,14:00,Facebook,How to learn technical skills faster,Education,Informational,607,33,71,148,11612,synthetic-01139,166,true
2026-07-02,10:00,X,How technology is changing daily life,Technology,Promotional,1155,64,102,208,38049,synthetic-01140,122,true
2026-07-01,10:30,Facebook,Easy Python projects for students,Python,Educational,1066,48,101,172,37160,synthetic-01141,96,true
2026-08-31,09:30,Facebook,AI tools that save you 10 hours a week,AI,Informational,1555,117,151,370,49288,synthetic-01142,103,true
2026-03-23,09:00,Facebook,5 technologies shaping the future,Technology,Promotional,356,39,21,45,19125,synthetic-01143,164,true
2026-03-25,19:00,Instagram,AI tools that save you 10 hours a week,AI,Promotional,1119,114,71,273,29226,synthetic-01144,39,true
2026-08-20,18:00,Instagram,Product update: new tools for users,Product,Educational,1879,212,144,327,22197,synthetic-01145,153,true
2026-02-12,18:00,LinkedIn,Ways to grow your online audience,Marketing,Promotional,797,54,72,179,39975,synthetic-01146,188,true
2026-01-24,12:00,X,How our new feature improves productivity,Product,Entertainment,1204,79,182,293,38671,synthetic-01147,180,true
2026-01-27,09:30,LinkedIn,Easy Python projects for students,Python,Educational,1671,141,137,238,33309,synthetic-01148,106,true
2026-02-26,14:30,Instagram,5 useful AI tools for students,AI,Educational,2854,173,306,716,28510,synthetic-01149,51,true
2026-08-13,10:30,Facebook,Learn Python functions with simple examples,Python,Entertainment,1059,134,68,266,14458,synthetic-01150,53,true
2026-02-15,20:30,LinkedIn,Important skills every student should learn,Education,Educational,1398,58,208,373,31792,synthetic-01151,97,true
2026-06-01,14:00,Facebook,How our new feature improves productivity,Product,Informational,715,46,84,202,13121,synthetic-01152,58,true
2026-08-18,12:30,X,Beginner guide to artificial intelligence,AI,Informational,1155,71,95,264,35740,synthetic-01153,42,true
2026-05-03,09:30,Facebook,Beginner guide to modern technology,Technology,Educational,708,46,39,197,25366,synthetic-01154,27,true
2026-01-16,09:30,Facebook,Python tricks that save coding time,Python,Educational,2181,278,248,202,38987,synthetic-01155,115,true
2026-08-20,14:30,X,Technology trends to watch this year,Technology,Informational,920,92,66,89,22214,synthetic-01156,148,true
2026-09-10,08:30,LinkedIn,Learn Python functions with simple examples,Python,Informational,158,17,18,44,4471,synthetic-01157,34,true
2026-02-13,20:30,Facebook,Simple marketing strategies for beginners,Marketing,Educational,1623,178,251,379,25905,synthetic-01158,141,true
2026-03-09,18:00,Facebook,Beginner guide to artificial intelligence,AI,Educational,1156,87,127,233,20463,synthetic-01159,88,true
2026-09-20,17:30,LinkedIn,Latest AI trends you should know,AI,Promotional,411,39,37,116,12138,synthetic-01160,175,true
2026-09-12,20:30,Facebook,Our new dashboard feature is live,Product,Promotional,391,39,20,92,11522,synthetic-01161,146,true
2026-03-12,18:30,X,How our new feature improves productivity,Product,Entertainment,594,51,86,116,16796,synthetic-01162,134,true
2026-04-02,20:00,X,Easy Python projects for students,Python,Entertainment,916,55,76,134,26595,synthetic-01163,117,true
2026-01-24,09:30,LinkedIn,Easy Python projects for students,Python,Educational,1596,129,135,232,35327,synthetic-01164,106,true
2026-02-27,17:00,Instagram,Social media tips for better engagement,Marketing,Entertainment,1221,98,63,137,22449,synthetic-01165,18,true
2026-06-19,19:00,Instagram,Simple marketing strategies for beginners,Marketing,Promotional,2329,216,329,308,41005,synthetic-01166,89,true
2026-05-22,20:00,LinkedIn,How AI is changing the way we work,AI,Educational,1172,130,89,123,39569,synthetic-01167,94,true
2026-06-17,08:30,LinkedIn,Python tricks that save coding time,Python,Promotional,1317,69,151,225,40468,synthetic-01168,127,true
2026-09-10,12:30,X,Beginner guide to artificial intelligence,AI,Informational,1107,65,101,272,33941,synthetic-01169,42,true
2026-03-23,18:00,Facebook,Beginner guide to artificial intelligence,AI,Educational,1102,89,119,227,21446,synthetic-01170,88,true
2026-08-08,10:30,X,Our new dashboard feature is live,Product,Informational,549,34,37,112,20907,synthetic-01171,55,true
2026-10-18,08:30,LinkedIn,Learn Python functions with simple examples,Python,Informational,206,22,24,62,5962,synthetic-01172,34,true
2026-02-02,19:30,Facebook,5 useful AI tools for students,AI,Promotional,2478,275,237,515,50268,synthetic-01173,25,true
2026-09-01,10:00,X,Best learning habits for students,Education,Entertainment,947,60,108,285,41590,synthetic-01174,124,true
2026-07-01,09:00,LinkedIn,Social media tips for better engagement,Marketing,Informational,872,52,53,124,37416,synthetic-01175,26,true
2026-08-24,21:30,LinkedIn,Simple study tips for better results,Education,Informational,1834,75,119,180,52137,synthetic-01176,71,true
2026-07-23,17:30,X,New product update is now available,Product,Informational,801,85,50,77,20666,synthetic-01177,48,true
2026-05-15,08:30,LinkedIn,Simple study tips for better results,Education,Entertainment,1282,144,97,311,20825,synthetic-01178,20,true
2026-03-30,20:00,Facebook,Social media tips for better engagement,Marketing,Educational,1864,81,154,288,25992,synthetic-01179,130,true
2026-06-26,19:30,X,The future of technology explained,Technology,Promotional,520,55,43,146,27061,synthetic-01180,75,true
2026-04-10,08:30,LinkedIn,Simple study tips for better results,Education,Entertainment,1453,156,99,347,23023,synthetic-01181,20,true
2026-08-22,08:00,Facebook,How AI is changing the way we work,AI,Promotional,379,35,39,111,23734,synthetic-01182,21,true
2026-09-23,08:00,Facebook,How AI is changing the way we work,AI,Promotional,439,38,38,114,23828,synthetic-01183,21,true
2026-01-20,10:00,LinkedIn,New product update is now available,Product,Informational,2360,121,194,589,47829,synthetic-01184,95,true
2026-06-30,17:00,Facebook,How to learn technical skills faster,Education,Educational,948,77,50,87,31981,synthetic-01185,150,true
2026-01-25,14:30,LinkedIn,5 useful AI tools for students,AI,Promotional,461,42,41,53,29592,synthetic-01186,108,true
2026-09-11,19:30,Facebook,5 technologies shaping the future,Technology,Entertainment,1088,75,64,231,17216,synthetic-01187,191,true
2026-03-27,08:00,Facebook,Latest AI trends you should know,AI,Educational,576,69,39,78,8505,synthetic-01188,147,true
2026-04-29,20:00,X,Easy Python projects for students,Python,Entertainment,990,65,83,145,28424,synthetic-01189,117,true
2026-06-29,19:00,Instagram,Best learning habits for students,Education,Educational,700,62,36,104,10714,synthetic-01190,24,true
2026-01-06,12:00,Facebook,How to create engaging social media posts,Marketing,Educational,1075,105,84,165,25911,synthetic-01191,5,true
2026-06-06,10:00,X,How technology is changing daily life,Technology,Promotional,1382,82,122,240,49483,synthetic-01192,122,true
2026-05-17,17:00,LinkedIn,Content ideas that attract more viewers,Marketing,Promotional,1871,215,248,383,44946,synthetic-01193,12,true
2026-04-22,21:30,Facebook,Beginner guide to modern technology,Technology,Educational,2573,102,270,223,52067,synthetic-01194,193,true
2026-03-20,20:00,Facebook,Social media tips for better engagement,Marketing,Educational,1897,86,153,325,29741,synthetic-01195,130,true
2026-06-11,20:30,X,Social media tips for better engagement,Marketing,Entertainment,605,73,68,72,12256,synthetic-01196,144,true
2026-01-18,17:00,Instagram,Social media tips for better engagement,Marketing,Entertainment,1229,101,69,140,24681,synthetic-01197,18,true
2026-09-30,17:30,LinkedIn,Latest AI trends you should know,AI,Promotional,344,37,30,91,11355,synthetic-01198,175,true
2026-05-08,09:30,X,See what is new in our latest release,Product,Entertainment,1559,110,135,342,27202,synthetic-01199,189,true
2026-06-27,08:30,LinkedIn,Best learning habits for students,Education,Informational,245,22,17,47,9072,synthetic-01200,163,true
2026-05-23,21:30,Facebook,5 Python tips every beginner should know,Python,Promotional,154,13,20,23,8434,synthetic-01201,33,true
2026-06-22,14:00,Facebook,The future of technology explained,Technology,Promotional,1740,125,115,352,51817,synthetic-01202,183,true
2026-03-15,09:00,Facebook,5 technologies shaping the future,Technology,Promotional,364,44,22,45,21267,synthetic-01203,164,true
2026-06-14,08:00,LinkedIn,Simple marketing strategies for beginners,Marketing,Educational,1837,211,92,462,40868,synthetic-01204,139,true
2026-02-08,20:30,Facebook,Simple marketing strategies for beginners,Marketing,Educational,1764,180,236,376,26283,synthetic-01205,141,true
2026-05-21,10:30,X,Beginner guide to artificial intelligence,AI,Entertainment,393,37,28,79,12838,synthetic-01206,8,true
2026-07-05,19:30,Instagram,Beginner guide to artificial intelligence,AI,Entertainment,1613,114,75,283,19597,synthetic-01207,114,true
2026-06-30,10:30,X,Beginner guide to artificial intelligence,AI,Entertainment,381,36,27,82,13066,synthetic-01208,8,true
2026-09-25,10:30,X,Python tricks that save coding time,Python,Promotional,893,68,125,256,28761,synthetic-01209,178,true
2026-01-20,12:00,X,How our new feature improves productivity,Product,Entertainment,998,66,138,252,32095,synthetic-01210,180,true
2026-05-21,10:30,Facebook,Easy Python projects for students,Python,Educational,1078,49,91,160,33646,synthetic-01211,96,true
2026-06-24,20:30,X,Social media tips for better engagement,Marketing,Entertainment,599,66,70,72,11340,synthetic-01212,144,true
2026-07-10,20:30,Instagram,Latest AI trends you should know,AI,Entertainment,317,17,21,91,5494,synthetic-01213,120,true
2026-05-30,20:00,X,Social media tips for better engagement,Marketing,Informational,256,17,26,61,8935,synthetic-01214,82,true
2026-09-21,12:00,Facebook,5 Python tips every beginner should know,Python,Informational,1149,143,59,215,19457,synthetic-01215,13,true
2026-01-17,21:30,X,Technology trends to watch this year,Technology,Informational,134,17,18,27,7472,synthetic-01216,67,true
2026-01-20,08:00,X,5 ways to improve your study routine,Education,Informational,889,93,76,190,22699,synthetic-01217,64,true
2026-06-02,19:30,X,The future of technology explained,Technology,Promotional,625,67,46,167,29861,synthetic-01218,75,true
2026-05-24,10:30,X,5 Python tips every beginner should know,Python,Informational,1787,202,196,256,52796,synthetic-01219,172,true
2026-02-02,14:00,X,Technology trends to watch this year,Technology,Informational,1669,109,144,397,43105,synthetic-01220,23,true
2026-07-30,10:30,LinkedIn,How technology is changing daily life,Technology,Promotional,128,16,16,23,7849,synthetic-01221,30,true
2026-03-22,12:00,Facebook,Simple marketing strategies for beginners,Marketing,Promotional,799,81,79,135,35481,synthetic-01222,173,true
2026-02-19,09:30,Instagram,Simple marketing strategies for beginners,Marketing,Informational,1090,131,150,227,24009,synthetic-01223,118,true
2025-12-21,21:00,Instagram,5 useful AI tools for students,AI,Promotional,1638,112,176,354,27386,synthetic-01224,198,true
2026-01-23,14:00,X,Technology trends to watch this year,Technology,Informational,2012,110,165,451,52073,synthetic-01225,23,true
2026-04-04,19:30,X,Simple marketing strategies for beginners,Marketing,Informational,314,15,13,71,14994,synthetic-01226,15,true
2026-01-24,08:00,Facebook,Learn Python functions with simple examples,Python,Promotional,1599,129,87,217,43420,synthetic-01227,137,true
2026-02-12,18:30,Instagram,AI tools that save you 10 hours a week,AI,Promotional,1152,87,134,288,33342,synthetic-01228,105,true
2026-06-05,09:00,LinkedIn,Content ideas that attract more viewers,Marketing,Entertainment,1304,85,71,130,46851,synthetic-01229,65,true
2026-08-17,10:30,X,Python tricks that save coding time,Python,Promotional,1114,87,159,320,33677,synthetic-01230,178,true
2026-02-03,09:30,LinkedIn,Easy Python projects for students,Python,Educational,1652,153,158,233,36223,synthetic-01231,106,true
2026-01-19,14:00,X,Technology trends to watch this year,Technology,Informational,2210,134,170,506,55035,synthetic-01232,23,true
2026-06-06,19:30,Instagram,Beginner guide to artificial intelligence,AI,Entertainment,1557,120,76,306,21088,synthetic-01233,114,true
2026-07-07,21:30,Facebook,5 Python tips every beginner should know,Python,Promotional,127,11,15,19,7253,synthetic-01234,33,true
2026-02-24,18:30,Instagram,Social media tips for better engagement,Marketing,Entertainment,2814,269,351,265,38941,synthetic-01235,196,true
2026-07-31,10:00,Facebook,Content ideas that attract more viewers,Marketing,Entertainment,2388,169,129,307,35683,synthetic-01236,199,true
2026-01-07,19:30,Instagram,Simple marketing strategies for beginners,Marketing,Promotional,605,60,69,114,20714,synthetic-01237,68,true
2026-06-23,12:30,Instagram,Ways to grow your online audience,Marketing,Educational,1574,116,72,347,18700,synthetic-01238,79,true
2026-04-09,08:00,Facebook,Latest AI trends you should know,AI,Educational,510,55,34,67,7601,synthetic-01239,147,true
2026-05-21,14:00,Facebook,How our new feature improves productivity,Product,Informational,656,46,73,182,11859,synthetic-01240,58,true
2026-03-26,18:30,Instagram,Technology trends to watch this year,Technology,Informational,1850,142,174,180,32325,synthetic-01241,143,true
2026-05-17,19:30,X,How to create engaging social media posts,Marketing,Informational,2121,215,140,208,45709,synthetic-01242,162,true
2026-08-30,12:30,X,Simple marketing strategies for beginners,Marketing,Informational,742,51,58,97,36059,synthetic-01243,83,true
2025-12-18,08:00,X,5 ways to improve your study routine,Education,Informational,952,94,88,235,25045,synthetic-01244,64,true
2026-03-28,18:00,Facebook,Beginner guide to artificial intelligence,AI,Educational,1246,109,147,289,23794,synthetic-01245,88,true
2026-05-21,12:30,X,Beginner guide to modern technology,Technology,Educational,1467,135,172,380,29394,synthetic-01246,44,true
2026-02-20,19:30,X,Content ideas that attract more viewers,Marketing,Promotional,196,19,15,34,15283,synthetic-01247,17,true
2026-02-12,10:00,LinkedIn,Python tricks that save coding time,Python,Promotional,1581,130,167,133,50416,synthetic-01248,1,true
2026-04-23,08:30,X,Product update: new tools for users,Product,Promotional,343,38,49,31,11108,synthetic-01249,116,true
2026-05-29,12:30,LinkedIn,Technology trends to watch this year,Technology,Educational,1783,105,169,425,42201,synthetic-01250,56,true
2025-12-19,14:30,LinkedIn,5 useful AI tools for students,AI,Promotional,445,39,38,47,27107,synthetic-01251,108,true
2026-03-15,18:30,Facebook,Product update: new tools for users,Product,Educational,1751,233,213,186,48886,synthetic-01252,154,true
2026-04-23,21:00,Instagram,How AI is changing the way we work,AI,Entertainment,3563,185,348,477,35688,synthetic-01253,81,true
2026-03-13,18:30,Instagram,Technology trends to watch this year,Technology,Informational,2352,178,229,248,42785,synthetic-01254,143,true
2026-02-11,18:30,X,How our new feature improves productivity,Product,Entertainment,577,49,80,110,14122,synthetic-01255,134,true
2026-10-08,14:30,X,Python tricks that save coding time,Python,Educational,1711,68,139,365,38579,synthetic-01256,107,true
2026-08-03,09:00,LinkedIn,New product update is now available,Product,Entertainment,358,20,40,79,12310,synthetic-01257,9,true
2026-08-29,08:30,LinkedIn,Learn Python functions with simple examples,Python,Informational,169,17,18,44,4439,synthetic-01258,34,true
2026-05-02,08:30,Instagram,Top Python mistakes beginners make,Python,Promotional,863,69,55,157,22356,synthetic-01259,159,true
2026-06-28,10:00,Instagram,How technology is changing daily life,Technology,Promotional,891,84,70,233,39731,synthetic-01260,142,true
2026-04-16,21:30,X,How AI is changing the way we work,AI,Informational,414,25,32,63,10574,synthetic-01261,59,true
2026-06-15,10:30,X,Our new dashboard feature is live,Product,Informational,440,28,32,90,15912,synthetic-01262,55,true
2026-06-10,08:30,LinkedIn,Python tricks that save coding time,Python,Promotional,1258,66,154,218,38959,synthetic-01263,127,true
2026-04-14,14:30,LinkedIn,Our new dashboard feature is live,Product,Informational,620,75,41,97,15777,synthetic-01264,119,true
2026-02-24,19:30,X,Content ideas that attract more viewers,Marketing,Promotional,246,24,20,45,19311,synthetic-01265,17,true
2026-03-05,20:00,Instagram,Important skills every student should learn,Education,Educational,915,66,108,154,22135,synthetic-01266,145,true
2026-06-01,20:00,LinkedIn,How AI is changing the way we work,AI,Educational,1087,136,84,122,37077,synthetic-01267,94,true
2026-03-15,08:30,X,Product update: new tools for users,Product,Promotional,370,41,56,38,12988,synthetic-01268,116,true
2026-01-05,12:30,LinkedIn,Easy Python projects for students,Python,Entertainment,1875,74,276,508,27332,synthetic-01269,187,true
2026-01-10,21:00,Instagram,5 useful AI tools for students,AI,Promotional,1597,112,175,343,27032,synthetic-01270,198,true
2026-06-19,20:30,Facebook,Important skills every student should learn,Education,Entertainment,673,34,76,190,9941,synthetic-01271,99,true
2026-03-30,20:00,Instagram,Important skills every student should learn,Education,Educational,1137,80,124,165,24906,synthetic-01272,145,true
2026-03-26,10:30,Instagram,Our new dashboard feature is live,Product,Informational,777,75,76,148,10524,synthetic-01273,60,true
2026-03-19,20:30,X,Latest AI trends you should know,AI,Entertainment,357,18,54,68,9828,synthetic-01274,170,true
2026-08-14,12:00,Instagram,Simple marketing strategies for beginners,Marketing,Educational,2489,105,112,692,34981,synthetic-01275,197,true
2026-01-12,19:30,Facebook,5 useful AI tools for students,AI,Promotional,2431,277,219,534,48319,synthetic-01276,25,true
2026-04-03,19:30,X,Simple marketing strategies for beginners,Marketing,Informational,349,15,14,71,15027,synthetic-01277,15,true
2026-04-13,18:00,X,How to create engaging social media posts,Marketing,Promotional,766,79,102,129,27652,synthetic-01278,76,true
2026-01-17,20:00,LinkedIn,How technology is changing daily life,Technology,Entertainment,1068,93,155,277,22232,synthetic-01279,14,true
2026-04-11,12:00,X,Social media tips for better engagement,Marketing,Entertainment,183,24,12,52,7224,synthetic-01280,182,true
2026-03-10,10:00,X,Best learning habits for students,Education,Educational,2076,107,246,541,37884,synthetic-01281,165,true
2026-07-02,20:30,Facebook,Important skills every student should learn,Education,Entertainment,930,44,101,257,12861,synthetic-01282,99,true
2026-05-21,14:00,Facebook,The future of technology explained,Technology,Promotional,1683,130,113,321,49912,synthetic-01283,183,true
2026-07-29,08:30,LinkedIn,Best learning habits for students,Education,Informational,355,29,22,67,11902,synthetic-01284,163,true
2026-02-06,10:00,Facebook,Best learning habits for students,Education,Informational,1604,135,75,188,36358,synthetic-01285,155,true
2026-06-08,20:30,Facebook,Important skills every student should learn,Education,Entertainment,929,45,104,241,12782,synthetic-01286,99,true
2026-08-30,20:30,LinkedIn,How technology is changing daily life,Technology,Educational,1889,87,189,169,37267,synthetic-01287,174,true
2026-07-06,08:30,LinkedIn,Best learning habits for students,Education,Informational,312,24,22,56,10536,synthetic-01288,163,true
2026-08-24,09:30,LinkedIn,Ways to grow your online audience,Marketing,Promotional,165,6,9,14,7971,synthetic-01289,132,true
2026-05-01,20:00,X,Social media tips for better engagement,Marketing,Informational,297,19,27,62,10259,synthetic-01290,82,true
2026-02-16,18:30,Instagram,AI tools that save you 10 hours a week,AI,Promotional,1195,92,143,324,34350,synthetic-01291,105,true
2026-02-07,12:30,LinkedIn,Easy Python projects for students,Python,Entertainment,1412,62,211,406,21538,synthetic-01292,187,true
2026-08-16,12:30,X,Beginner guide to artificial intelligence,AI,Informational,1353,79,117,314,42198,synthetic-01293,42,true
2026-03-24,18:30,Instagram,Technology trends to watch this year,Technology,Informational,1913,140,195,195,38347,synthetic-01294,143,true
2026-03-09,19:30,LinkedIn,Social media tips for better engagement,Marketing,Entertainment,2779,269,316,610,43756,synthetic-01295,113,true
2026-06-17,21:00,Instagram,Easy Python projects for students,Python,Entertainment,2855,336,195,573,43626,synthetic-01296,62,true
2026-09-09,08:00,Facebook,How AI is changing the way we work,AI,Promotional,367,33,37,96,20679,synthetic-01297,21,true
2026-07-02,20:30,Instagram,Latest AI trends you should know,AI,Entertainment,417,22,25,111,6362,synthetic-01298,120,true
2026-05-11,08:30,Instagram,New product update is now available,Product,Entertainment,1082,131,88,293,22074,synthetic-01299,31,true
2026-04-29,18:30,Facebook,Product update: new tools for users,Product,Educational,1868,229,193,196,46376,synthetic-01300,154,true
2026-08-26,09:00,X,Social media tips for better engagement,Marketing,Entertainment,1192,51,83,259,28190,synthetic-01301,98,true
2026-08-06,20:00,X,Important skills every student should learn,Education,Informational,1948,189,187,262,47866,synthetic-01302,10,true
2026-09-12,10:00,X,Best learning habits for students,Education,Entertainment,1204,67,126,318,47978,synthetic-01303,124,true
2026-02-24,12:00,Facebook,Simple marketing strategies for beginners,Marketing,Promotional,769,85,81,131,37362,synthetic-01304,173,true
2026-07-05,17:00,Facebook,How to learn technical skills faster,Education,Educational,1049,87,54,94,35559,synthetic-01305,150,true
2025-12-28,14:30,LinkedIn,5 useful AI tools for students,AI,Promotional,466,39,37,51,29566,synthetic-01306,108,true
2026-05-09,18:30,Facebook,Product update: new tools for users,Product,Educational,1430,185,149,147,36436,synthetic-01307,154,true
2026-06-19,20:30,Instagram,Simple study tips for better results,Education,Entertainment,1250,84,57,237,22579,synthetic-01308,152,true
2026-03-26,10:00,LinkedIn,Python tricks that save coding time,Python,Promotional,1759,163,197,160,53971,synthetic-01309,1,true
2026-02-28,18:00,Facebook,Beginner guide to artificial intelligence,AI,Educational,1025,78,110,229,20395,synthetic-01310,88,true
2026-04-20,20:00,Facebook,Social media tips for better engagement,Marketing,Educational,2069,87,156,332,31138,synthetic-01311,130,true
2026-03-07,21:30,X,Technology trends to watch this year,Technology,Informational,113,13,15,22,6223,synthetic-01312,67,true
2026-07-02,19:00,Instagram,Simple marketing strategies for beginners,Marketing,Promotional,2437,241,359,338,44528,synthetic-01313,89,true
2026-03-04,18:30,Instagram,Social media tips for better engagement,Marketing,Entertainment,2897,275,321,279,37999,synthetic-01314,196,true
2026-06-18,17:00,LinkedIn,Content ideas that attract more viewers,Marketing,Promotional,1607,186,225,331,39920,synthetic-01315,12,true
2026-09-05,12:00,Facebook,5 ways to improve your study routine,Education,Informational,1459,100,147,330,25322,synthetic-01316,54,true
2026-01-14,09:30,Facebook,Python tricks that save coding time,Python,Educational,1848,241,227,167,37289,synthetic-01317,115,true
2026-06-23,10:00,Instagram,How technology is changing daily life,Technology,Promotional,933,81,77,256,42740,synthetic-01318,142,true
2026-05-24,10:00,Instagram,5 technologies shaping the future,Technology,Entertainment,772,50,79,110,10110,synthetic-01319,194,true
2026-05-17,20:30,LinkedIn,Learn Python functions with simple examples,Python,Entertainment,1603,168,141,390,31867,synthetic-01320,41,true
2026-05-30,12:30,X,Beginner guide to modern technology,Technology,Educational,1866,165,214,480,36265,synthetic-01321,44,true
2026-03-10,10:00,X,Best learning habits for students,Education,Educational,1941,109,233,543,38115,synthetic-01322,165,true
2026-09-18,10:30,X,Python tricks that save coding time,Python,Promotional,905,64,121,253,26693,synthetic-01323,178,true
2026-01-30,09:30,Instagram,Simple marketing strategies for beginners,Marketing,Informational,1037,119,165,219,26080,synthetic-01324,118,true
2026-02-01,08:30,Facebook,Social media tips for better engagement,Marketing,Entertainment,374,24,43,41,12095,synthetic-01325,86,true
2026-01-27,14:30,Instagram,5 technologies shaping the future,Technology,Promotional,1055,61,62,251,31797,synthetic-01326,104,true
2026-01-29,09:30,Facebook,Our new dashboard feature is live,Product,Promotional,232,20,32,30,15029,synthetic-01327,131,true
2026-06-18,19:00,LinkedIn,Python tricks that save coding time,Python,Entertainment,703,72,74,196,27585,synthetic-01328,92,true
2026-07-11,10:30,Facebook,Easy Python projects for students,Python,Educational,1238,60,109,209,42193,synthetic-01329,96,true
2026-08-13,20:30,LinkedIn,Social media tips for better engagement,Marketing,Promotional,1180,82,169,198,42760,synthetic-01330,160,true
2026-02-08,08:00,Facebook,Learn Python functions with simple examples,Python,Promotional,1392,112,79,188,38243,synthetic-01331,137,true
2026-06-20,19:00,Instagram,Simple marketing strategies for beginners,Marketing,Promotional,2499,223,326,327,41978,synthetic-01332,89,true
2026-06-14,21:00,Instagram,Easy Python projects for students,Python,Entertainment,2270,295,174,496,37326,synthetic-01333,62,true
2026-05-21,10:30,X,Beginner guide to artificial intelligence,AI,Entertainment,469,40,31,92,15978,synthetic-01334,8,true
2026-04-01,12:00,Facebook,Simple marketing strategies for beginners,Marketing,Promotional,648,76,75,112,34097,synthetic-01335,173,true
2026-10-17,14:30,X,Python tricks that save coding time,Python,Educational,1702,78,146,387,42942,synthetic-01336,107,true
2026-01-18,10:00,LinkedIn,New product update is now available,Product,Informational,2776,138,215,627,56710,synthetic-01337,95,true
2026-07-06,20:00,LinkedIn,How AI is changing the way we work,AI,Educational,1183,151,94,131,41120,synthetic-01338,94,true
2026-05-23,14:00,Instagram,Important skills every student should learn,Education,Informational,2408,225,174,426,31037,synthetic-01339,37,true
2026-01-14,14:00,X,Technology trends to watch this year,Technology,Informational,1760,109,152,388,45973,synthetic-01340,23,true
2026-04-10,08:30,Instagram,New product update is now available,Product,Entertainment,996,121,78,277,19246,synthetic-01341,31,true
2026-04-18,21:00,Instagram,How AI is changing the way we work,AI,Entertainment,4201,223,371,516,40996,synthetic-01342,81,true
2025-12-21,14:30,Instagram,Product update: new tools for users,Product,Informational,2414,195,329,666,40494,synthetic-01343,168,true
2026-08-02,12:00,Facebook,Latest AI trends you should know,AI,Entertainment,936,71,127,150,11631,synthetic-01344,140,true
2026-05-22,09:00,Instagram,5 Python tips every beginner should know,Python,Promotional,685,41,78,83,27489,synthetic-01345,16,true
2026-08-07,19:00,LinkedIn,Learn Python functions with simple examples,Python,Entertainment,1647,200,209,288,40950,synthetic-01346,176,true
2026-02-04,17:00,Instagram,Social media tips for better engagement,Marketing,Entertainment,1203,109,64,136,24587,synthetic-01347,18,true
2026-08-08,10:30,X,Python tricks that save coding time,Python,Promotional,1081,79,136,302,31855,synthetic-01348,178,true
2026-06-20,20:30,Instagram,Latest AI trends you should know,AI,Entertainment,437,23,25,125,6460,synthetic-01349,120,true
2026-06-20,08:00,LinkedIn,Simple marketing strategies for beginners,Marketing,Educational,1375,178,80,345,32842,synthetic-01350,139,true
2026-06-10,19:00,Instagram,Best learning habits for students,Education,Educational,732,66,40,117,11746,synthetic-01351,24,true
2026-05-03,20:00,Instagram,Simple marketing strategies for beginners,Marketing,Promotional,509,34,77,128,13945,synthetic-01352,6,true
2026-05-24,20:00,X,Social media tips for better engagement,Marketing,Informational,334,21,31,74,11064,synthetic-01353,82,true
2026-05-06,09:00,LinkedIn,Social media tips for better engagement,Marketing,Informational,878,56,56,132,37812,synthetic-01354,26,true
2026-04-27,12:30,LinkedIn,Technology trends to watch this year,Technology,Educational,1687,102,157,401,37304,synthetic-01355,56,true
2026-06-16,09:00,Instagram,Beginner guide to artificial intelligence,AI,Educational,1143,121,144,228,29733,synthetic-01356,101,true
2026-09-06,09:00,X,Social media tips for better engagement,Marketing,Entertainment,973,42,68,220,21509,synthetic-01357,98,true
2026-04-02,09:30,LinkedIn,Simple study tips for better results,Education,Informational,381,31,48,64,11166,synthetic-01358,77,true
2026-07-19,14:30,LinkedIn,Latest AI trends you should know,AI,Educational,1367,118,175,186,24328,synthetic-01359,74,true
2026-05-08,20:00,Instagram,Simple marketing strategies for beginners,Marketing,Promotional,560,34,81,127,14126,synthetic-01360,6,true
2026-02-24,10:00,X,Best learning habits for students,Education,Educational,2059,125,235,628,43219,synthetic-01361,165,true
2026-06-14,10:00,Instagram,How technology is changing daily life,Technology,Promotional,800,67,63,202,35472,synthetic-01362,142,true
2026-04-02,18:30,Instagram,Technology trends to watch this year,Technology,Informational,2354,172,227,241,46884,synthetic-01363,143,true
2026-01-09,20:00,LinkedIn,How technology is changing daily life,Technology,Entertainment,935,98,139,265,22446,synthetic-01364,14,true
2026-08-02,18:00,Instagram,Product update: new tools for users,Product,Educational,1716,198,136,284,22302,synthetic-01365,153,true
2026-08-29,08:00,X,AI tools that save you 10 hours a week,AI,Educational,633,66,33,118,12493,synthetic-01366,19,true
2026-03-09,10:00,X,Best learning habits for students,Education,Educational,1846,110,227,530,35012,synthetic-01367,165,true
2026-04-24,17:30,X,Ways to grow your online audience,Marketing,Educational,1105,85,61,178,36760,synthetic-01368,184,true
2026-09-25,10:30,Facebook,Learn Python functions with simple examples,Python,Entertainment,1145,144,76,289,16830,synthetic-01369,53,true
2026-04-17,08:30,LinkedIn,Simple study tips for better results,Education,Entertainment,1313,144,92,338,22501,synthetic-01370,20,true
2026-07-24,09:00,LinkedIn,New product update is now available,Product,Entertainment,356,19,42,75,12390,synthetic-01371,9,true
2026-08-03,20:30,LinkedIn,How technology is changing daily life,Technology,Educational,2181,105,220,215,43101,synthetic-01372,174,true
2026-08-24,12:00,Instagram,Product update: new tools for users,Product,Educational,1657,88,104,166,21282,synthetic-01373,63,true
2026-05-21,08:30,Instagram,New product update is now available,Product,Entertainment,895,116,72,233,18601,synthetic-01374,31,true
2026-05-28,17:30,Instagram,Python tricks that save coding time,Python,Educational,2952,268,232,853,54619,synthetic-01375,52,true
2026-08-24,12:30,X,Simple marketing strategies for beginners,Marketing,Informational,758,57,61,108,39876,synthetic-01376,83,true
2026-09-11,12:00,Facebook,5 Python tips every beginner should know,Python,Informational,1397,171,64,249,22632,synthetic-01377,13,true
2026-04-06,10:30,X,5 Python tips every beginner should know,Python,Informational,1620,195,191,247,55387,synthetic-01378,172,true
2026-08-13,20:30,LinkedIn,How technology is changing daily life,Technology,Educational,2237,100,220,211,41755,synthetic-01379,174,true
2026-06-12,20:00,LinkedIn,How AI is changing the way we work,AI,Educational,1272,164,107,152,43359,synthetic-01380,94,true
2026-02-01,08:30,Facebook,Beginner guide to modern technology,Technology,Promotional,468,50,57,73,15257,synthetic-01381,158,true
2026-04-12,09:30,X,Python tricks that save coding time,Python,Educational,863,85,40,97,40882,synthetic-01382,61,true
2026-05-05,19:30,X,How to create engaging social media posts,Marketing,Informational,1727,203,132,196,43026,synthetic-01383,162,true
2026-02-08,21:30,X,Technology trends to watch this year,Technology,Informational,121,15,15,24,6809,synthetic-01384,67,true
2026-06-23,18:30,Facebook,Simple study tips for better results,Education,Informational,2110,195,222,278,40498,synthetic-01385,45,true
2026-01-29,21:00,Instagram,Ways to grow your online audience,Marketing,Entertainment,2836,128,202,370,45253,synthetic-01386,135,true
2026-08-16,18:00,Instagram,Product update: new tools for users,Product,Educational,1782,174,136,277,21574,synthetic-01387,153,true
2026-03-13,10:00,LinkedIn,Python tricks that save coding time,Python,Promotional,1883,172,185,169,56043,synthetic-01388,1,true
2026-06-20,21:00,Instagram,Easy Python projects for students,Python,Entertainment,2483,271,166,467,38490,synthetic-01389,62,true
2026-05-24,17:00,LinkedIn,Content ideas that attract more viewers,Marketing,Promotional,1699,209,254,363,48471,synthetic-01390,12,true
2026-05-30,09:30,X,See what is new in our latest release,Product,Entertainment,1425,106,119,286,25298,synthetic-01391,189,true
2026-06-29,20:30,X,Social media tips for better engagement,Marketing,Entertainment,689,73,76,80,13250,synthetic-01392,144,true
2026-05-10,21:00,Instagram,Easy Python projects for students,Python,Entertainment,2644,336,201,543,40841,synthetic-01393,62,true
2026-06-22,17:00,LinkedIn,Content ideas that attract more viewers,Marketing,Promotional,1502,176,208,316,38280,synthetic-01394,12,true
2026-04-30,18:30,X,How our new feature improves productivity,Product,Educational,2090,166,121,404,47380,synthetic-01395,46,true
2026-07-31,10:30,Instagram,New product update is now available,Product,Informational,2154,125,276,602,54677,synthetic-01396,169,true
2026-08-03,10:30,Instagram,New product update is now available,Product,Informational,1998,122,252,514,49285,synthetic-01397,169,true
2026-04-07,19:00,Instagram,AI tools that save you 10 hours a week,AI,Promotional,1317,121,77,302,33261,synthetic-01398,39,true
2026-05-14,14:00,Instagram,Important skills every student should learn,Education,Informational,2307,207,166,393,30221,synthetic-01399,37,true
2026-05-07,17:30,LinkedIn,AI tools that save you 10 hours a week,AI,Entertainment,649,42,74,105,9493,synthetic-01400,32,true
2026-07-06,10:00,X,How technology is changing daily life,Technology,Promotional,1434,86,126,242,50419,synthetic-01401,122,true
2026-08-30,19:00,LinkedIn,Learn Python functions with simple examples,Python,Entertainment,1769,204,217,319,42022,synthetic-01402,176,true
2026-04-06,08:30,Instagram,Simple marketing strategies for beginners,Marketing,Promotional,803,52,117,223,27333,synthetic-01403,7,true
2026-06-11,09:30,Instagram,Learn Python functions with simple examples,Python,Entertainment,3667,407,342,815,44891,synthetic-01404,4,true
2026-04-08,14:30,LinkedIn,Our new dashboard feature is live,Product,Informational,559,71,42,91,14478,synthetic-01405,119,true
2026-07-01,21:00,X,Important skills every student should learn,Education,Promotional,776,53,63,178,24854,synthetic-01406,156,true
2026-04-07,18:30,Instagram,Technology trends to watch this year,Technology,Informational,1910,143,190,197,35938,synthetic-01407,143,true
2026-04-18,08:30,X,Product update: new tools for users,Product,Promotional,321,37,44,28,10319,synthetic-01408,116,true
2026-04-03,21:30,X,How AI is changing the way we work,AI,Informational,512,33,42,75,12291,synthetic-01409,59,true
2026-06-10,12:30,Instagram,Ways to grow your online audience,Marketing,Educational,1790,135,84,389,20936,synthetic-01410,79,true
2026-05-18,08:30,Instagram,Simple marketing strategies for beginners,Marketing,Promotional,1043,61,155,294,32262,synthetic-01411,7,true
2026-03-12,18:30,Facebook,Product update: new tools for users,Product,Educational,1552,191,170,157,38059,synthetic-01412,154,true
2026-09-15,14:30,X,Python tricks that save coding time,Python,Educational,1602,66,137,322,39354,synthetic-01413,107,true
2026-05-24,21:30,Facebook,5 Python tips every beginner should know,Python,Promotional,144,11,15,19,7521,synthetic-01414,33,true
2026-05-01,09:00,Instagram,5 Python tips every beginner should know,Python,Promotional,723,45,83,92,27646,synthetic-01415,16,true
2026-05-05,14:30,LinkedIn,Beginner guide to modern technology,Technology,Educational,579,62,72,82,11599,synthetic-01416,38,true
2026-07-26,18:30,Facebook,Simple study tips for better results,Education,Informational,1991,179,228,259,36924,synthetic-01417,45,true
2026-04-11,18:00,Facebook,Beginner guide to artificial intelligence,AI,Educational,1197,102,141,285,22811,synthetic-01418,88,true
2026-03-20,08:30,Facebook,How to learn technical skills faster,Education,Educational,333,25,19,66,8811,synthetic-01419,80,true
2026-01-23,17:00,Instagram,Social media tips for better engagement,Marketing,Entertainment,1049,89,57,129,21753,synthetic-01420,18,true
2026-06-11,20:30,Instagram,Simple study tips for better results,Education,Entertainment,962,71,43,180,19420,synthetic-01421,152,true
2026-08-14,09:30,LinkedIn,How to learn technical skills faster,Education,Educational,583,71,55,54,20000,synthetic-01422,40,true
2026-03-14,12:00,Instagram,Learn Python functions with simple examples,Python,Promotional,467,36,53,119,10511,synthetic-01423,181,true
2025-12-27,08:00,X,5 ways to improve your study routine,Education,Informational,874,94,85,211,25686,synthetic-01424,64,true
2026-06-08,17:00,LinkedIn,Content ideas that attract more viewers,Marketing,Promotional,1467,199,228,342,41763,synthetic-01425,12,true
2026-07-02,19:00,Instagram,Simple marketing strategies for beginners,Marketing,Promotional,2557,225,355,328,44577,synthetic-01426,89,true
2026-07-23,18:00,Facebook,5 Python tips every beginner should know,Python,Promotional,791,60,82,132,23529,synthetic-01427,57,true
2026-06-15,19:30,Instagram,How our new feature improves productivity,Product,Promotional,1307,60,72,200,30236,synthetic-01428,138,true
2026-03-05,10:00,X,Best learning habits for students,Education,Educational,2054,107,215,512,35982,synthetic-01429,165,true
2026-09-08,10:00,X,Best learning habits for students,Education,Entertainment,962,64,112,277,41185,synthetic-01430,124,true
2026-01-25,09:30,Facebook,Python tricks that save coding time,Python,Educational,1953,272,255,186,39140,synthetic-01431,115,true
2026-06-04,14:00,Instagram,Important skills every student should learn,Education,Informational,2675,250,187,425,34945,synthetic-01432,37,true
2026-04-14,17:30,LinkedIn,AI tools that save you 10 hours a week,AI,Entertainment,559,35,66,101,8144,synthetic-01433,32,true
2026-05-31,09:00,LinkedIn,Content ideas that attract more viewers,Marketing,Entertainment,1276,83,71,116,42845,synthetic-01434,65,true
2026-02-03,14:00,X,Technology trends to watch this year,Technology,Informational,2081,125,167,470,52003,synthetic-01435,23,true
2026-06-27,19:30,X,How to create engaging social media posts,Marketing,Informational,1892,205,134,193,44306,synthetic-01436,162,true
2026-09-05,12:00,Facebook,Latest AI trends you should know,AI,Entertainment,957,71,130,160,12124,synthetic-01437,140,true
2026-04-29,17:30,Instagram,Python tricks that save coding time,Python,Educational,3000,265,235,766,52594,synthetic-01438,52,true
2026-07-01,08:30,LinkedIn,Best learning habits for students,Education,Informational,306,23,20,54,9662,synthetic-01439,163,true
2026-02-07,10:30,Instagram,Our new dashboard feature is live,Product,Informational,935,83,87,168,10855,synthetic-01440,60,true
2026-04-29,19:30,X,How to create engaging social media posts,Marketing,Informational,2021,220,132,199,46730,synthetic-01441,162,true
2026-09-02,17:30,LinkedIn,Latest AI trends you should know,AI,Promotional,311,34,30,94,10198,synthetic-01442,175,true
2026-05-03,21:30,Facebook,Beginner guide to modern technology,Technology,Educational,2480,98,251,212,47956,synthetic-01443,193,true
2026-07-01,20:30,Facebook,Important skills every student should learn,Education,Entertainment,858,44,92,238,11974,synthetic-01444,99,true
2026-04-10,21:00,X,How AI is changing the way we work,AI,Educational,1770,191,96,351,38890,synthetic-01445,50,true
2026-03-08,17:30,Instagram,Top Python mistakes beginners make,Python,Promotional,3010,179,162,386,53564,synthetic-01446,112,true
2026-08-31,12:30,X,Simple marketing strategies for beginners,Marketing,Informational,792,56,60,108,41019,synthetic-01447,83,true
2026-06-18,19:30,X,The future of technology explained,Technology,Promotional,532,56,41,146,26085,synthetic-01448,75,true
2025-12-13,18:30,Instagram,How to create engaging social media posts,Marketing,Educational,559,23,73,158,7899,synthetic-01449,177,true
2026-02-28,18:30,Instagram,AI tools that save you 10 hours a week,AI,Promotional,1428,98,161,345,39332,synthetic-01450,105,true
2026-03-20,19:30,LinkedIn,Social media tips for better engagement,Marketing,Entertainment,2798,263,303,637,46282,synthetic-01451,113,true
2026-06-23,19:30,Instagram,Beginner guide to artificial intelligence,AI,Entertainment,1986,143,96,368,23303,synthetic-01452,114,true
2026-02-15,20:30,LinkedIn,Important skills every student should learn,Education,Educational,1504,66,208,389,30004,synthetic-01453,97,true
2026-04-05,21:30,Instagram,How our new feature improves productivity,Product,Informational,3239,353,250,508,41696,synthetic-01454,35,true
2026-08-01,10:30,Instagram,New product update is now available,Product,Informational,2167,124,269,527,48466,synthetic-01455,169,true
2026-06-09,18:30,Instagram,Learn Python functions with simple examples,Python,Promotional,942,116,118,124,38345,synthetic-01456,111,true
2026-03-02,21:30,Facebook,Learn Python functions with simple examples,Python,Informational,1124,75,121,212,42584,synthetic-01457,78,true
2026-01-19,17:00,Facebook,Simple study tips for better results,Education,Informational,1977,223,78,546,33737,synthetic-01458,70,true
2026-02-24,20:00,Instagram,Important skills every student should learn,Education,Educational,1117,70,129,174,24271,synthetic-01459,145,true
2026-03-21,09:30,LinkedIn,Simple study tips for better results,Education,Informational,382,32,49,67,10228,synthetic-01460,77,true
2025-12-17,09:30,Facebook,Our new dashboard feature is live,Product,Promotional,214,18,27,24,13456,synthetic-01461,131,true
2026-01-27,08:30,X,Product update: new tools for users,Product,Informational,1116,75,145,196,36074,synthetic-01462,200,true
2026-09-10,14:00,Facebook,How to learn technical skills faster,Education,Informational,524,31,66,149,11503,synthetic-01463,166,true
2026-08-30,10:30,Instagram,New product update is now available,Product,Informational,2110,116,242,523,46600,synthetic-01464,169,true
2026-01-29,19:00,X,Beginner guide to artificial intelligence,AI,Entertainment,1276,87,153,311,28116,synthetic-01465,149,true
2026-08-17,10:30,LinkedIn,How technology is changing daily life,Technology,Promotional,96,12,12,16,5404,synthetic-01466,30,true
2026-03-16,08:00,Facebook,Latest AI trends you should know,AI,Educational,658,67,46,79,8813,synthetic-01467,147,true
2026-07-12,17:00,Facebook,How to learn technical skills faster,Education,Educational,1101,86,60,94,34900,synthetic-01468,150,true
2026-09-16,20:30,LinkedIn,How technology is changing daily life,Technology,Educational,1667,80,186,168,33554,synthetic-01469,174,true
2025-12-16,10:00,LinkedIn,New product update is now available,Product,Informational,2410,125,196,610,49453,synthetic-01470,95,true
2026-05-22,08:30,Instagram,New product update is now available,Product,Entertainment,932,126,78,253,18967,synthetic-01471,31,true
2026-02-01,12:00,Instagram,Content ideas that attract more viewers,Marketing,Informational,1465,58,100,356,43568,synthetic-01472,49,true
2026-01-01,14:00,X,Technology trends to watch this year,Technology,Informational,1845,106,152,430,46963,synthetic-01473,23,true
2026-05-22,09:00,LinkedIn,Content ideas that attract more viewers,Marketing,Entertainment,1109,76,67,105,40573,synthetic-01474,65,true
2026-08-06,12:00,Instagram,Simple marketing strategies for beginners,Marketing,Educational,3005,135,134,807,44143,synthetic-01475,197,true
2026-05-24,10:30,Facebook,Easy Python projects for students,Python,Educational,1217,57,112,203,40971,synthetic-01476,96,true
2026-04-13,17:00,Instagram,5 useful AI tools for students,AI,Entertainment,4219,232,266,922,43390,synthetic-01477,186,true
2026-06-25,19:30,Instagram,How our new feature improves productivity,Product,Promotional,1271,53,67,184,31813,synthetic-01478,138,true
2026-04-25,18:00,Facebook,The future of technology explained,Technology,Educational,833,99,111,167,33530,synthetic-01479,109,true
2026-03-05,20:30,Facebook,Simple marketing strategies for beginners,Marketing,Educational,1688,162,234,361,23915,synthetic-01480,141,true
2026-04-11,19:30,X,Simple marketing strategies for beginners,Marketing,Informational,305,14,13,61,13848,synthetic-01481,15,true
2026-02-15,18:00,Facebook,Beginner guide to artificial intelligence,AI,Educational,1255,109,154,291,26575,synthetic-01482,88,true
2026-02-07,09:30,Instagram,Simple marketing strategies for beginners,Marketing,Informational,1073,119,144,232,24703,synthetic-01483,118,true
2026-05-18,21:00,Instagram,5 ways to improve your study routine,Education,Educational,696,30,59,95,13463,synthetic-01484,72,true
2026-06-29,20:00,LinkedIn,How AI is changing the way we work,AI,Educational,1110,142,91,124,38996,synthetic-01485,94,true
2026-01-27,12:00,Facebook,How to create engaging social media posts,Marketing,Educational,1283,130,110,214,34756,synthetic-01486,5,true
2025-12-30,10:30,Facebook,5 Python tips every beginner should know,Python,Promotional,524,32,29,69,12759,synthetic-01487,128,true
2026-02-01,18:30,LinkedIn,Beginner guide to artificial intelligence,AI,Educational,1161,140,165,306,19110,synthetic-01488,167,true
2026-01-11,12:00,X,How our new feature improves productivity,Product,Entertainment,997,66,138,240,30045,synthetic-01489,180,true
2026-03-24,14:30,LinkedIn,Simple study tips for better results,Education,Entertainment,2021,245,138,413,34156,synthetic-01490,73,true
2026-03-06,21:30,Facebook,Learn Python functions with simple examples,Python,Informational,1057,70,109,201,40204,synthetic-01491,78,true
2026-08-24,12:00,Instagram,Simple marketing strategies for beginners,Marketing,Educational,2527,103,117,708,38707,synthetic-01492,197,true
2026-06-12,19:30,Instagram,How our new feature improves productivity,Product,Promotional,1347,60,73,208,32318,synthetic-01493,138,true
2026-03-01,09:00,Facebook,Ways to grow your online audience,Marketing,Entertainment,679,44,62,65,8517,synthetic-01494,90,true
2026-03-01,17:00,Facebook,Python tricks that save coding time,Python,Educational,1967,100,261,574,58195,synthetic-01495,29,true
2026-04-24,09:00,Instagram,5 Python tips every beginner should know,Python,Promotional,720,46,85,95,30585,synthetic-01496,16,true
2026-06-10,21:00,Instagram,Easy Python projects for students,Python,Entertainment,2536,301,174,506,39575,synthetic-01497,62,true
2026-08-04,09:00,LinkedIn,Top Python mistakes beginners make,Python,Informational,1112,61,172,310,35033,synthetic-01498,179,true
2026-03-20,20:30,LinkedIn,Important skills every student should learn,Education,Educational,1577,65,247,437,33431,synthetic-01499,97,true
2026-01-31,14:30,Instagram,5 technologies shaping the future,Technology,Promotional,896,46,50,206,23208,synthetic-01500,104,true
2026-08-19,18:00,Instagram,Product update: new tools for users,Product,Educational,1753,202,151,285,21302,synthetic-01501,153,true
2026-07-19,12:30,X,Simple marketing strategies for beginners,Marketing,Informational,698,50,56,102,37902,synthetic-01502,83,true
2026-08-04,10:30,X,Our new dashboard feature is live,Product,Informational,499,32,36,101,19438,synthetic-01503,55,true
2026-05-13,12:30,Instagram,Ways to grow your online audience,Marketing,Educational,1510,132,77,345,19342,synthetic-01504,79,true
2026-02-14,18:30,Instagram,AI tools that save you 10 hours a week,AI,Promotional,1304,94,158,316,38616,synthetic-01505,105,true
2026-08-19,17:30,LinkedIn,Beginner guide to modern technology,Technology,Entertainment,419,51,43,72,7459,synthetic-01506,136,true
2026-02-22,08:30,Facebook,How to learn technical skills faster,Education,Educational,369,27,19,71,9198,synthetic-01507,80,true
2026-01-25,20:30,Facebook,Simple marketing strategies for beginners,Marketing,Educational,1848,188,281,400,27228,synthetic-01508,141,true
2026-02-12,10:00,LinkedIn,Python tricks that save coding time,Python,Promotional,1528,136,158,133,42647,synthetic-01509,1,true
2026-07-11,19:00,Instagram,Simple marketing strategies for beginners,Marketing,Promotional,2336,228,323,319,43338,synthetic-01510,89,true
2026-06-06,14:00,Facebook,How our new feature improves productivity,Product,Informational,650,43,82,180,11987,synthetic-01511,58,true
2026-01-29,21:00,Instagram,Ways to grow your online audience,Marketing,Entertainment,1998,100,143,286,33797,synthetic-01512,135,true
2026-05-12,12:00,X,Social media tips for better engagement,Marketing,Entertainment,188,25,12,50,6993,synthetic-01513,182,true
2026-01-09,14:30,LinkedIn,5 useful AI tools for students,AI,Promotional,491,40,41,52,30912,synthetic-01514,108,true
2026-03-03,09:00,Facebook,Ways to grow your online audience,Marketing,Entertainment,576,39,54,58,7499,synthetic-01515,90,true
2026-03-17,14:30,Instagram,5 useful AI tools for students,AI,Educational,2666,144,279,667,25789,synthetic-01516,51,true
2026-07-19,10:30,X,Our new dashboard feature is live,Product,Informational,558,36,39,114,20616,synthetic-01517,55,true
2026-04-11,20:30,Instagram,How to create engaging social media posts,Marketing,Informational,1029,65,84,253,26451,synthetic-01518,190,true
2026-09-06,19:00,LinkedIn,Learn Python functions with simple examples,Python,Entertainment,1746,184,197,268,37696,synthetic-01519,176,true
2026-04-28,09:00,Instagram,5 Python tips every beginner should know,Python,Promotional,605,40,71,81,28206,synthetic-01520,16,true
2026-01-22,14:30,Instagram,Product update: new tools for users,Product,Informational,2341,191,328,676,42193,synthetic-01521,168,true
2026-10-01,08:00,Facebook,How AI is changing the way we work,AI,Promotional,430,42,41,119,24805,synthetic-01522,21,true
2026-03-15,09:00,Instagram,Top Python mistakes beginners make,Python,Promotional,2655,187,370,511,45130,synthetic-01523,22,true
2026-01-03,10:00,LinkedIn,New product update is now available,Product,Informational,2037,100,161,490,39767,synthetic-01524,95,true
2026-07-01,18:00,Facebook,Ways to grow your online audience,Marketing,Educational,1016,118,90,221,30291,synthetic-01525,110,true
2026-05-03,09:30,Facebook,Beginner guide to modern technology,Technology,Educational,680,45,33,199,23898,synthetic-01526,27,true
2026-04-28,21:30,LinkedIn,5 technologies shaping the future,Technology,Promotional,1799,204,194,206,56399,synthetic-01527,85,true
2026-03-08,18:00,Facebook,Beginner guide to artificial intelligence,AI,Educational,1110,97,127,274,23420,synthetic-01528,88,true
2026-07-15,18:30,Facebook,Simple study tips for better results,Education,Informational,2364,209,239,279,44550,synthetic-01529,45,true
2026-08-04,10:00,Instagram,How technology is changing daily life,Technology,Promotional,844,76,66,219,40476,synthetic-01530,142,true
2026-06-14,10:30,X,Beginner guide to artificial intelligence,AI,Entertainment,337,31,24,71,12268,synthetic-01531,8,true
2026-09-13,09:30,LinkedIn,How AI is changing the way we work,AI,Promotional,342,30,39,64,13142,synthetic-01532,121,true
2026-05-04,20:00,X,Social media tips for better engagement,Marketing,Informational,298,22,31,72,10681,synthetic-01533,82,true
2026-03-30,14:30,Instagram,5 useful AI tools for students,AI,Educational,3239,189,347,802,34956,synthetic-01534,51,true
2026-03-31,09:00,X,Ways to grow your online audience,Marketing,Educational,512,57,53,59,13921,synthetic-01535,28,true
2026-08-26,09:30,LinkedIn,How AI is changing the way we work,AI,Promotional,272,24,31,53,9507,synthetic-01536,121,true
2026-07-09,20:00,LinkedIn,How AI is changing the way we work,AI,Educational,1333,148,104,147,45109,synthetic-01537,94,true
2026-08-23,19:30,Facebook,5 technologies shaping the future,Technology,Entertainment,1064,77,59,230,16460,synthetic-01538,191,true
2026-01-05,10:00,LinkedIn,New product update is now available,Product,Informational,2560,123,197,608,51856,synthetic-01539,95,true
2026-02-18,18:30,LinkedIn,Beginner guide to artificial intelligence,AI,Educational,1032,124,143,282,16215,synthetic-01540,167,true
2025-12-23,14:00,X,Technology trends to watch this year,Technology,Informational,1747,99,133,386,44340,synthetic-01541,23,true
2026-04-05,08:30,X,Product update: new tools for users,Product,Promotional,371,47,58,36,12521,synthetic-01542,116,true
2026-07-09,10:30,X,Our new dashboard feature is live,Product,Informational,496,31,38,104,19128,synthetic-01543,55,true
2026-06-02,19:30,X,Python tricks that save coding time,Python,Promotional,511,51,21,107,27594,synthetic-01544,171,true
2026-04-12,08:30,Instagram,New product update is now available,Product,Entertainment,839,110,70,242,17563,synthetic-01545,31,true
2026-03-16,09:30,LinkedIn,Simple study tips for better results,Education,Informational,422,31,50,68,10545,synthetic-01546,77,true
2026-04-27,08:30,X,Product update: new tools for users,Product,Promotional,390,45,57,40,14097,synthetic-01547,116,true
2026-09-12,18:00,Instagram,Product update: new tools for users,Product,Educational,1600,175,130,255,18888,synthetic-01548,153,true
2026-08-03,10:30,LinkedIn,How technology is changing daily life,Technology,Promotional,128,14,15,21,7211,synthetic-01549,30,true
2026-04-15,20:00,Facebook,Social media tips for better engagement,Marketing,Educational,2278,95,189,352,31817,synthetic-01550,130,true
2026-03-08,08:30,Facebook,How to learn technical skills faster,Education,Educational,322,23,17,60,7783,synthetic-01551,80,true
2026-07-11,20:00,LinkedIn,How AI is changing the way we work,AI,Educational,1193,151,101,142,43943,synthetic-01552,94,true
2026-06-19,21:00,X,Important skills every student should learn,Education,Promotional,730,53,63,157,24298,synthetic-01553,156,true
2026-04-29,08:00,Instagram,Technology trends to watch this year,Technology,Educational,1366,130,68,158,34537,synthetic-01554,192,true
2026-03-18,20:00,Facebook,Social media tips for better engagement,Marketing,Educational,2309,99,187,364,36145,synthetic-01555,130,true
2026-02-23,10:00,Facebook,Best learning habits for students,Education,Informational,2209,177,98,251,50808,synthetic-01556,155,true
2026-03-15,14:30,LinkedIn,Simple study tips for better results,Education,Entertainment,2067,242,127,406,31754,synthetic-01557,73,true
2026-02-02,20:30,LinkedIn,Important skills every student should learn,Education,Educational,1723,73,264,458,37866,synthetic-01558,97,true
2026-08-19,08:00,X,AI tools that save you 10 hours a week,AI,Educational,506,57,31,100,10196,synthetic-01559,19,true
2026-04-26,20:00,Facebook,Social media tips for better engagement,Marketing,Educational,2267,111,191,383,37355,synthetic-01560,130,true
2026-08-24,18:00,Facebook,Ways to grow your online audience,Marketing,Educational,1044,128,92,242,31322,synthetic-01561,110,true
2026-06-23,14:30,LinkedIn,Latest AI trends you should know,AI,Educational,1584,139,208,228,29026,synthetic-01562,74,true
2026-08-12,18:00,Facebook,Ways to grow your online audience,Marketing,Educational,727,94,68,168,22237,synthetic-01563,110,true
2026-07-13,12:00,Instagram,Product update: new tools for users,Product,Educational,1912,104,112,183,23386,synthetic-01564,63,true
2026-06-08,20:30,Instagram,Simple study tips for better results,Education,Entertainment,903,60,41,162,16507,synthetic-01565,152,true
2026-02-18,20:00,LinkedIn,How technology is changing daily life,Technology,Entertainment,1084,108,169,321,24774,synthetic-01566,14,true
2026-01-04,10:00,LinkedIn,New product update is now available,Product,Informational,2412,134,206,643,51118,synthetic-01567,95,true
2026-01-10,09:30,Facebook,Our new dashboard feature is live,Product,Promotional,252,22,32,29,15233,synthetic-01568,131,true
2026-01-18,14:30,Instagram,5 technologies shaping the future,Technology,Promotional,907,52,49,198,26075,synthetic-01569,104,true
2026-07-14,14:00,Facebook,How our new feature improves productivity,Product,Informational,712,47,79,196,13466,synthetic-01570,58,true
2026-02-20,21:00,Instagram,Ways to grow your online audience,Marketing,Entertainment,2154,105,162,314,39288,synthetic-01571,135,true
2026-04-06,21:00,X,How AI is changing the way we work,AI,Educational,1487,165,87,304,36761,synthetic-01572,50,true
2026-03-05,08:30,Facebook,How to learn technical skills faster,Education,Educational,333,27,21,65,9004,synthetic-01573,80,true
2026-05-11,14:30,LinkedIn,Beginner guide to modern technology,Technology,Educational,682,72,71,88,11539,synthetic-01574,38,true
2026-01-11,08:30,X,Product update: new tools for users,Product,Informational,1036,68,134,166,33019,synthetic-01575,200,true
2026-02-06,14:30,LinkedIn,Simple study tips for better results,Education,Entertainment,1852,232,127,361,30460,synthetic-01576,73,true
2026-06-25,18:30,Facebook,Simple study tips for better results,Education,Informational,2094,203,231,277,43487,synthetic-01577,45,true
2026-03-10,09:30,LinkedIn,Simple study tips for better results,Education,Informational,354,28,43,60,10251,synthetic-01578,77,true
2026-04-02,18:30,Instagram,Technology trends to watch this year,Technology,Informational,2004,156,201,219,39971,synthetic-01579,143,true
2026-08-28,14:00,Facebook,How to learn technical skills faster,Education,Informational,502,30,62,127,10131,synthetic-01580,166,true
2026-04-14,08:30,X,Product update: new tools for users,Product,Promotional,366,42,49,34,12048,synthetic-01581,116,true
2026-05-27,21:00,Instagram,5 ways to improve your study routine,Education,Educational,965,37,76,123,17368,synthetic-01582,72,true
2026-03-12,19:30,X,Content ideas that attract more viewers,Marketing,Promotional,216,23,17,37,15641,synthetic-01583,17,true
2026-06-17,21:30,Facebook,5 Python tips every beginner should know,Python,Promotional,154,12,20,24,8124,synthetic-01584,33,true
2026-03-12,08:30,Facebook,How to learn technical skills faster,Education,Educational,323,24,17,63,8451,synthetic-01585,80,true
2026-04-19,08:30,X,Product update: new tools for users,Product,Promotional,343,39,52,35,12421,synthetic-01586,116,true
2026-04-24,12:00,X,Social media tips for better engagement,Marketing,Entertainment,211,29,14,63,9243,synthetic-01587,182,true
2026-05-01,08:30,Instagram,Simple marketing strategies for beginners,Marketing,Promotional,962,56,147,252,29101,synthetic-01588,7,true
2026-02-07,19:30,X,Content ideas that attract more viewers,Marketing,Promotional,238,24,19,44,18700,synthetic-01589,17,true
2026-01-15,21:30,X,Technology trends to watch this year,Technology,Informational,133,15,17,28,7086,synthetic-01590,67,true
2026-06-10,09:30,Instagram,Learn Python functions with simple examples,Python,Entertainment,3705,425,380,904,46834,synthetic-01591,4,true
2026-06-16,08:00,LinkedIn,Simple marketing strategies for beginners,Marketing,Educational,1858,209,95,431,40568,synthetic-01592,139,true
2026-03-02,18:30,Instagram,Technology trends to watch this year,Technology,Informational,2245,160,214,231,41601,synthetic-01593,143,true
2026-08-06,09:00,Instagram,Beginner guide to artificial intelligence,AI,Educational,1332,136,165,269,32297,synthetic-01594,101,true
2026-03-17,19:30,X,Simple marketing strategies for beginners,Marketing,Informational,300,12,11,57,11879,synthetic-01595,15,true
2026-04-18,17:00,Instagram,5 useful AI tools for students,AI,Entertainment,4004,228,253,910,44765,synthetic-01596,186,true
2026-09-27,12:00,Facebook,5 ways to improve your study routine,Education,Informational,1509,86,136,305,24962,synthetic-01597,54,true
2026-07-02,12:30,Facebook,How our new feature improves productivity,Product,Promotional,1974,198,281,444,44801,synthetic-01598,36,true
2026-04-24,17:30,Instagram,Top Python mistakes beginners make,Python,Promotional,2539,143,137,305,43826,synthetic-01599,112,true
2026-05-07,09:00,LinkedIn,Social media tips for better engagement,Marketing,Informational,909,60,58,144,36489,synthetic-01600,26,true
2026-10-02,12:00,Facebook,5 Python tips every beginner should know,Python,Informational,1262,156,67,260,21886,synthetic-01601,13,true
2025-12-21,14:30,Instagram,Product update: new tools for users,Product,Informational,2852,232,417,730,45791,synthetic-01602,168,true
2026-03-31,20:00,X,Easy Python projects for students,Python,Entertainment,1075,75,94,184,34940,synthetic-01603,117,true
2026-04-17,20:30,LinkedIn,Learn Python functions with simple examples,Python,Entertainment,1718,173,158,431,35153,synthetic-01604,41,true
2026-07-08,14:00,Facebook,How our new feature improves productivity,Product,Informational,715,50,84,209,13557,synthetic-01605,58,true
2026-02-10,08:30,Facebook,How to learn technical skills faster,Education,Educational,382,29,22,71,9365,synthetic-01606,80,true
2026-08-29,12:00,Instagram,Simple marketing strategies for beginners,Marketing,Educational,2601,117,120,717,41306,synthetic-01607,197,true
2026-08-07,10:00,Facebook,Content ideas that attract more viewers,Marketing,Entertainment,2867,196,144,349,38333,synthetic-01608,199,true
2026-06-10,20:30,Instagram,Latest AI trends you should know,AI,Entertainment,407,23,25,119,6583,synthetic-01609,120,true
2026-03-26,14:30,Facebook,5 technologies shaping the future,Technology,Promotional,782,60,41,252,20703,synthetic-01610,87,true
2026-08-15,20:30,LinkedIn,How technology is changing daily life,Technology,Educational,1847,89,201,192,41089,synthetic-01611,174,true
2026-07-16,12:00,Facebook,5 technologies shaping the future,Technology,Entertainment,1407,89,198,200,26205,synthetic-01612,161,true
2026-02-09,18:30,LinkedIn,Beginner guide to artificial intelligence,AI,Educational,1072,130,139,296,18162,synthetic-01613,167,true
2026-04-14,18:30,X,How our new feature improves productivity,Product,Educational,2073,159,121,399,52758,synthetic-01614,46,true
2026-08-04,10:00,Instagram,How technology is changing daily life,Technology,Promotional,759,66,64,196,36913,synthetic-01615,142,true
2026-02-09,21:00,Instagram,5 useful AI tools for students,AI,Promotional,1810,113,184,358,29138,synthetic-01616,198,true
2026-05-26,20:30,Instagram,Latest AI trends you should know,AI,Entertainment,333,19,21,96,5783,synthetic-01617,120,true
2026-04-14,10:00,Facebook,See what is new in our latest release,Product,Educational,1066,57,62,181,23443,synthetic-01618,43,true
2026-06-01,08:30,Instagram,Top Python mistakes beginners make,Python,Promotional,796,63,51,153,21136,synthetic-01619,159,true
2026-05-10,17:30,LinkedIn,AI tools that save you 10 hours a week,AI,Entertainment,604,38,70,100,9360,synthetic-01620,32,true
2026-04-18,12:00,Facebook,Important skills every student should learn,Education,Entertainment,1900,210,251,246,25255,synthetic-01621,123,true
2026-05-15,14:00,Facebook,The future of technology explained,Technology,Promotional,1444,111,102,305,46213,synthetic-01622,183,true
2026-01-03,17:00,Facebook,Simple study tips for better results,Education,Informational,1555,196,63,469,27736,synthetic-01623,70,true
2026-05-21,08:30,LinkedIn,Python tricks that save coding time,Python,Promotional,1118,60,131,204,36936,synthetic-01624,127,true
2026-03-20,10:30,Instagram,Our new dashboard feature is live,Product,Informational,815,73,71,143,9861,synthetic-01625,60,true
2026-05-18,12:30,LinkedIn,Technology trends to watch this year,Technology,Educational,1556,98,145,377,35231,synthetic-01626,56,true
2026-03-20,17:30,X,Ways to grow your online audience,Marketing,Educational,1325,94,72,216,42180,synthetic-01627,184,true
2026-04-09,17:30,LinkedIn,5 ways to improve your study routine,Education,Entertainment,1164,62,103,263,29039,synthetic-01628,100,true
2026-03-29,20:00,Instagram,Important skills every student should learn,Education,Educational,1153,75,127,181,24735,synthetic-01629,145,true
2026-02-07,08:30,Facebook,Social media tips for better engagement,Marketing,Entertainment,515,31,60,57,14834,synthetic-01630,86,true
2026-03-28,09:00,Facebook,5 technologies shaping the future,Technology,Promotional,311,37,20,42,18900,synthetic-01631,164,true
2026-04-12,18:30,Facebook,Product update: new tools for users,Product,Educational,1837,231,205,183,49321,synthetic-01632,154,true
2026-07-11,19:00,Instagram,Simple marketing strategies for beginners,Marketing,Promotional,2572,255,380,333,49212,synthetic-01633,89,true
2026-02-23,09:00,Facebook,Ways to grow your online audience,Marketing,Entertainment,663,44,59,63,8689,synthetic-01634,90,true
2026-05-11,09:00,LinkedIn,Content ideas that attract more viewers,Marketing,Entertainment,1325,85,67,113,44155,synthetic-01635,65,true
2026-08-18,19:00,Facebook,How AI is changing the way we work,AI,Promotional,1169,83,108,179,41712,synthetic-01636,185,true
2026-02-21,17:00,Facebook,Python tricks that save coding time,Python,Educational,1825,84,227,455,44316,synthetic-01637,29,true
2026-01-30,12:00,Instagram,Content ideas that attract more viewers,Marketing,Informational,1490,64,101,383,49598,synthetic-01638,49,true
2026-02-27,17:30,Instagram,Top Python mistakes beginners make,Python,Promotional,2435,136,124,305,40271,synthetic-01639,112,true
2026-01-01,12:00,Facebook,How to create engaging social media posts,Marketing,Educational,1205,119,90,186,32895,synthetic-01640,5,true
2026-07-02,20:30,Instagram,Simple study tips for better results,Education,Entertainment,1023,79,48,210,21645,synthetic-01641,152,true
2026-05-13,08:30,LinkedIn,Simple study tips for better results,Education,Entertainment,1559,171,109,378,25978,synthetic-01642,20,true
2026-03-06,21:30,X,Technology trends to watch this year,Technology,Informational,114,14,16,24,6400,synthetic-01643,67,true
2026-01-24,08:30,Facebook,Beginner guide to modern technology,Technology,Promotional,493,47,62,75,14688,synthetic-01644,158,true
2026-09-02,09:30,LinkedIn,How to learn technical skills faster,Education,Educational,514,68,54,47,18317,synthetic-01645,40,true
2026-07-24,20:00,X,Important skills every student should learn,Education,Informational,2211,212,219,288,56277,synthetic-01646,10,true
2026-06-05,19:30,Instagram,Beginner guide to artificial intelligence,AI,Entertainment,2004,138,91,343,25936,synthetic-01647,114,true
2026-06-29,19:00,Instagram,Simple marketing strategies for beginners,Marketing,Promotional,2332,213,326,299,39363,synthetic-01648,89,true
2026-02-11,18:00,LinkedIn,Ways to grow your online audience,Marketing,Promotional,742,52,71,173,35773,synthetic-01649,188,true
2026-06-19,19:00,Instagram,Best learning habits for students,Education,Educational,748,64,43,111,10656,synthetic-01650,24,true
2026-08-21,12:30,Facebook,How our new feature improves productivity,Product,Promotional,2358,240,344,525,52078,synthetic-01651,36,true
2026-04-08,18:00,Facebook,The future of technology explained,Technology,Educational,908,107,130,192,37541,synthetic-01652,109,true
2026-02-07,10:30,Instagram,Our new dashboard feature is live,Product,Informational,981,94,90,169,12854,synthetic-01653,60,true
2026-04-09,08:30,LinkedIn,Simple study tips for better results,Education,Entertainment,1224,143,95,307,20596,synthetic-01654,20,true
2026-09-09,08:00,X,AI tools that save you 10 hours a week,AI,Educational,584,63,32,108,10986,synthetic-01655,19,true
2026-07-16,19:00,Instagram,Simple marketing strategies for beginners,Marketing,Promotional,2314,233,330,305,40754,synthetic-01656,89,true
2026-06-15,20:00,LinkedIn,How AI is changing the way we work,AI,Educational,1246,145,90,146,43043,synthetic-01657,94,true
2026-02-04,09:30,Facebook,Python tricks that save coding time,Python,Educational,2097,278,264,201,42471,synthetic-01658,115,true
2026-01-25,10:00,X,Best learning habits for students,Education,Educational,1965,98,216,521,35562,synthetic-01659,165,true
2026-08-13,09:30,LinkedIn,Ways to grow your online audience,Marketing,Promotional,141,6,9,13,7151,synthetic-01660,132,true
2026-01-24,09:30,Facebook,Our new dashboard feature is live,Product,Promotional,224,20,28,27,12717,synthetic-01661,131,true
2026-08-21,17:30,LinkedIn,Latest AI trends you should know,AI,Promotional,361,39,36,109,11409,synthetic-01662,175,true
2026-06-07,17:00,Instagram,5 useful AI tools for students,AI,Entertainment,3190,163,219,669,32975,synthetic-01663,186,true
2026-02-21,14:30,LinkedIn,Our new dashboard feature is live,Product,Informational,469,61,36,80,12086,synthetic-01664,119,true
2026-02-18,18:30,X,How our new feature improves productivity,Product,Entertainment,559,47,87,113,15702,synthetic-01665,134,true
2026-02-28,20:30,Instagram,How AI is changing the way we work,AI,Promotional,799,52,108,205,19869,synthetic-01666,2,true
2026-10-13,17:30,LinkedIn,Latest AI trends you should know,AI,Promotional,344,34,31,99,10960,synthetic-01667,175,true
2026-04-23,20:00,X,Social media tips for better engagement,Marketing,Informational,271,20,28,61,9311,synthetic-01668,82,true
2026-08-09,18:30,Facebook,Simple study tips for better results,Education,Informational,2167,191,236,272,39203,synthetic-01669,45,true
2026-07-21,17:00,Facebook,How to learn technical skills faster,Education,Educational,942,78,52,85,31274,synthetic-01670,150,true
2026-01-27,19:30,Instagram,Simple marketing strategies for beginners,Marketing,Promotional,624,57,63,115,19758,synthetic-01671,68,true
2026-04-22,17:30,LinkedIn,AI tools that save you 10 hours a week,AI,Entertainment,516,34,61,90,8327,synthetic-01672,32,true
2026-05-01,20:00,X,Social media tips for better engagement,Marketing,Informational,335,22,34,73,10761,synthetic-01673,82,true
2026-06-15,20:30,Instagram,Simple study tips for better results,Education,Entertainment,969,69,45,169,17409,synthetic-01674,152,true
2026-09-20,12:00,Facebook,5 Python tips every beginner should know,Python,Informational,1080,141,51,195,17740,synthetic-01675,13,true
2026-08-24,10:30,Facebook,Learn Python functions with simple examples,Python,Entertainment,969,129,70,242,14659,synthetic-01676,53,true
2026-08-16,09:00,X,Social media tips for better engagement,Marketing,Entertainment,1195,51,85,261,28499,synthetic-01677,98,true
2026-08-26,10:30,Instagram,New product update is now available,Product,Informational,2310,119,256,582,48282,synthetic-01678,169,true
2026-05-20,18:30,X,How our new feature improves productivity,Product,Educational,2348,166,130,400,51127,synthetic-01679,46,true
2026-08-04,18:00,Instagram,Product update: new tools for users,Product,Educational,1743,170,137,266,20928,synthetic-01680,153,true
2026-03-15,08:30,Facebook,How to learn technical skills faster,Education,Educational,299,23,17,62,7898,synthetic-01681,80,true
2026-03-21,21:30,X,How AI is changing the way we work,AI,Informational,453,30,38,67,11456,synthetic-01682,59,true
2026-01-03,09:00,Facebook,Ways to grow your online audience,Marketing,Entertainment,569,36,52,57,6870,synthetic-01683,90,true
2026-05-07,19:30,X,Simple marketing strategies for beginners,Marketing,Informational,298,13,12,60,12493,synthetic-01684,15,true
2026-08-26,12:00,Facebook,5 ways to improve your study routine,Education,Informational,1412,86,125,291,22083,synthetic-01685,54,true
2026-02-18,20:00,LinkedIn,How technology is changing daily life,Technology,Entertainment,892,88,131,254,20318,synthetic-01686,14,true
2026-05-01,09:00,Instagram,5 Python tips every beginner should know,Python,Promotional,627,39,71,83,27596,synthetic-01687,16,true
2026-05-26,08:00,X,Beginner guide to modern technology,Technology,Informational,605,62,77,91,21032,synthetic-01688,133,true
2026-04-28,18:30,X,How our new feature improves productivity,Product,Educational,2005,155,113,373,50630,synthetic-01689,46,true
2026-02-06,10:00,X,Best learning habits for students,Education,Educational,1938,107,216,552,37495,synthetic-01690,165,true
2026-05-07,18:30,X,How our new feature improves productivity,Product,Educational,2070,166,129,393,48804,synthetic-01691,46,true
2026-05-11,17:30,Instagram,Python tricks that save coding time,Python,Educational,2813,262,227,760,51127,synthetic-01692,52,true
2026-04-05,19:00,Instagram,AI tools that save you 10 hours a week,AI,Promotional,1342,128,81,336,37564,synthetic-01693,39,true
2026-06-20,21:00,X,Important skills every student should learn,Education,Promotional,840,58,72,187,25342,synthetic-01694,156,true
2026-02-15,08:30,Facebook,How to learn technical skills faster,Education,Educational,370,27,19,68,8858,synthetic-01695,80,true
2026-06-04,21:00,Instagram,5 ways to improve your study routine,Education,Educational,870,32,72,110,15172,synthetic-01696,72,true
2026-02-20,09:30,LinkedIn,Simple study tips for better results,Education,Informational,353,30,44,63,9885,synthetic-01697,77,true
2026-09-15,10:30,Instagram,New product update is now available,Product,Informational,1847,103,224,458,42614,synthetic-01698,169,true
2026-05-13,08:30,Instagram,Simple marketing strategies for beginners,Marketing,Promotional,927,56,137,271,28706,synthetic-01699,7,true
2026-08-06,08:30,LinkedIn,Best learning habits for students,Education,Informational,313,25,21,56,10322,synthetic-01700,163,true
2026-03-14,18:30,Facebook,Product update: new tools for users,Product,Educational,1642,201,187,182,44022,synthetic-01701,154,true
2026-05-27,08:30,Instagram,Top Python mistakes beginners make,Python,Promotional,1091,83,66,223,27156,synthetic-01702,159,true
2026-02-16,18:30,LinkedIn,Beginner guide to artificial intelligence,AI,Educational,1163,143,166,308,18945,synthetic-01703,167,true
2026-05-21,08:00,LinkedIn,Simple marketing strategies for beginners,Marketing,Educational,1787,208,95,433,43154,synthetic-01704,139,true
2026-03-30,14:30,Facebook,5 technologies shaping the future,Technology,Promotional,1074,74,55,314,28702,synthetic-01705,87,true
2026-05-26,19:30,Instagram,Beginner guide to artificial intelligence,AI,Entertainment,2189,151,101,368,25123,synthetic-01706,114,true
2026-02-02,18:30,LinkedIn,Beginner guide to artificial intelligence,AI,Educational,938,110,125,233,15979,synthetic-01707,167,true
2025-12-18,09:30,Facebook,Our new dashboard feature is live,Product,Promotional,243,21,30,29,13245,synthetic-01708,131,true
2026-06-21,08:00,LinkedIn,Simple marketing strategies for beginners,Marketing,Educational,1279,160,71,330,31244,synthetic-01709,139,true
2026-05-27,19:30,Instagram,Beginner guide to artificial intelligence,AI,Entertainment,1611,108,72,273,18679,synthetic-01710,114,true
2026-07-15,14:30,LinkedIn,Latest AI trends you should know,AI,Educational,1354,116,193,199,22761,synthetic-01711,74,true
2026-03-29,18:30,Instagram,Technology trends to watch this year,Technology,Informational,1999,169,204,236,41686,synthetic-01712,143,true
2026-08-20,19:30,Facebook,5 technologies shaping the future,Technology,Entertainment,1147,81,64,233,17077,synthetic-01713,191,true
2026-02-24,21:00,Instagram,Ways to grow your online audience,Marketing,Entertainment,1988,94,145,284,33982,synthetic-01714,135,true
2026-08-08,10:30,X,Our new dashboard feature is live,Product,Informational,471,28,33,94,16697,synthetic-01715,55,true
2026-06-04,14:00,Facebook,How our new feature improves productivity,Product,Informational,653,45,74,190,11846,synthetic-01716,58,true
2026-09-30,20:30,Facebook,Our new dashboard feature is live,Product,Promotional,419,42,21,98,12865,synthetic-01717,146,true
2026-07-03,12:30,Facebook,How our new feature improves productivity,Product,Promotional,2217,218,313,463,52617,synthetic-01718,36,true
2026-02-18,14:30,LinkedIn,Simple study tips for better results,Education,Entertainment,1700,216,120,342,27819,synthetic-01719,73,true
2026-05-22,21:30,LinkedIn,5 technologies shaping the future,Technology,Promotional,1327,156,167,152,41710,synthetic-01720,85,true
2026-04-24,17:00,Instagram,5 useful AI tools for students,AI,Entertainment,3825,228,281,886,43608,synthetic-01721,186,true
2026-04-29,21:30,X,How AI is changing the way we work,AI,Informational,521,34,43,82,12642,synthetic-01722,59,true
2026-05-14,08:00,LinkedIn,Simple marketing strategies for beginners,Marketing,Educational,1591,201,87,439,38438,synthetic-01723,139,true
2026-09-11,19:00,LinkedIn,Learn Python functions with simple examples,Python,Entertainment,1901,218,222,332,46482,synthetic-01724,176,true
2026-02-20,12:00,Instagram,Learn Python functions with simple examples,Python,Promotional,622,48,69,164,13584,synthetic-01725,181,true
2026-07-30,09:00,X,Social media tips for better engagement,Marketing,Entertainment,1330,60,89,289,27608,synthetic-01726,98,true
2026-08-21,18:00,Instagram,Product update: new tools for users,Product,Educational,1539,170,129,287,20827,synthetic-01727,153,true
2026-09-17,20:30,Facebook,Our new dashboard feature is live,Product,Promotional,425,39,19,89,11969,synthetic-01728,146,true
2026-03-10,21:00,X,How AI is changing the way we work,AI,Educational,1296,148,78,283,31153,synthetic-01729,50,true
2026-02-11,14:30,Instagram,5 technologies shaping the future,Technology,Promotional,1162,60,59,263,32256,synthetic-01730,104,true
2026-07-05,20:00,X,Important skills every student should learn,Education,Informational,1678,158,167,210,43545,synthetic-01731,10,true
2026-08-26,12:00,Instagram,Simple marketing strategies for beginners,Marketing,Educational,2596,114,122,727,38661,synthetic-01732,197,true
2026-05-03,08:00,Instagram,Technology trends to watch this year,Technology,Educational,1270,128,63,143,33854,synthetic-01733,192,true
2026-10-02,09:30,LinkedIn,How to learn technical skills faster,Education,Educational,552,66,50,51,18478,synthetic-01734,40,true
2025-12-22,14:30,Instagram,Product update: new tools for users,Product,Informational,3164,283,435,827,55695,synthetic-01735,168,true
2026-01-07,21:00,Instagram,5 useful AI tools for students,AI,Promotional,1896,125,186,370,32727,synthetic-01736,198,true
2026-04-10,21:00,Facebook,5 ways to improve your study routine,Education,Entertainment,2217,238,216,615,33104,synthetic-01737,91,true
2026-03-05,17:30,X,Ways to grow your online audience,Marketing,Educational,1110,84,65,192,39779,synthetic-01738,184,true
2026-03-07,12:00,Facebook,Simple marketing strategies for beginners,Marketing,Promotional,830,87,86,144,39934,synthetic-01739,173,true
2026-10-20,14:30,X,Python tricks that save coding time,Python,Educational,1769,78,151,389,42985,synthetic-01740,107,true
2026-07-25,12:30,Facebook,How our new feature improves productivity,Product,Promotional,1906,187,265,408,41061,synthetic-01741,36,true
2026-02-26,21:00,Facebook,5 ways to improve your study routine,Education,Entertainment,1995,210,200,518,30090,synthetic-01742,91,true
2026-05-22,14:00,Facebook,The future of technology explained,Technology,Promotional,1527,114,106,299,47348,synthetic-01743,183,true
2026-06-11,18:30,Instagram,Learn Python functions with simple examples,Python,Promotional,1063,120,125,130,40628,synthetic-01744,111,true
2026-06-16,14:00,Facebook,The future of technology explained,Technology,Promotional,1412,120,98,308,47723,synthetic-01745,183,true
2026-04-11,18:00,Facebook,Beginner guide to artificial intelligence,AI,Educational,1190,103,151,282,24023,synthetic-01746,88,true
2026-06-04,09:30,X,See what is new in our latest release,Product,Entertainment,1226,86,107,245,22417,synthetic-01747,189,true
2026-05-09,21:00,Facebook,Learn Python functions with simple examples,Python,Educational,2623,334,405,682,43335,synthetic-01748,84,true
2026-03-30,17:30,Instagram,Top Python mistakes beginners make,Python,Promotional,2901,188,170,349,56747,synthetic-01749,112,true
2026-06-25,19:30,Instagram,Beginner guide to artificial intelligence,AI,Entertainment,2006,136,95,343,23835,synthetic-01750,114,true
2026-01-25,09:00,Instagram,Content ideas that attract more viewers,Marketing,Informational,1088,102,148,111,21538,synthetic-01751,125,true
2026-08-24,10:30,LinkedIn,How technology is changing daily life,Technology,Promotional,128,14,15,20,6715,synthetic-01752,30,true
2026-05-16,09:30,X,See what is new in our latest release,Product,Entertainment,1302,95,107,239,21279,synthetic-01753,189,true
2026-03-01,21:30,X,Technology trends to watch this year,Technology,Informational,110,13,15,24,5792,synthetic-01754,67,true
2026-09-22,12:00,Facebook,5 Python tips every beginner should know,Python,Informational,1168,143,60,215,19593,synthetic-01755,13,true
2026-06-24,09:00,LinkedIn,New product update is now available,Product,Entertainment,354,19,44,76,12572,synthetic-01756,9,true
2026-08-02,14:30,X,Technology trends to watch this year,Technology,Informational,771,74,53,71,19772,synthetic-01757,148,true
2026-06-30,12:30,X,Beginner guide to modern technology,Technology,Educational,1433,140,162,407,27227,synthetic-01758,44,true
2026-08-14,12:30,Facebook,How our new feature improves productivity,Product,Promotional,2048,226,292,473,50310,synthetic-01759,36,true
2026-06-06,12:30,Instagram,Ways to grow your online audience,Marketing,Educational,1737,146,91,401,21226,synthetic-01760,79,true
2026-04-30,08:30,Instagram,Simple marketing strategies for beginners,Marketing,Promotional,1001,56,137,263,29731,synthetic-01761,7,true
2026-08-17,20:30,LinkedIn,Social media tips for better engagement,Marketing,Promotional,1366,92,202,245,49988,synthetic-01762,160,true
2026-02-08,09:30,Facebook,Our new dashboard feature is live,Product,Promotional,233,20,31,28,13250,synthetic-01763,131,true
2026-09-21,12:00,Facebook,5 Python tips every beginner should know,Python,Informational,1457,168,65,246,24196,synthetic-01764,13,true
2026-04-01,20:00,Instagram,Simple marketing strategies for beginners,Marketing,Promotional,645,44,99,149,17296,synthetic-01765,6,true
2026-06-20,19:00,Instagram,Best learning habits for students,Education,Educational,567,53,33,91,8761,synthetic-01766,24,true
2026-01-31,18:00,LinkedIn,Ways to grow your online audience,Marketing,Promotional,842,54,76,193,40358,synthetic-01767,188,true
2026-07-15,10:30,LinkedIn,How technology is changing daily life,Technology,Promotional,115,12,13,18,6267,synthetic-01768,30,true
2026-05-07,18:30,Facebook,Product update: new tools for users,Product,Educational,1660,215,189,162,41173,synthetic-01769,154,true
2026-03-23,20:00,X,Easy Python projects for students,Python,Entertainment,1145,70,96,174,32274,synthetic-01770,117,true
2026-07-13,14:00,Facebook,How our new feature improves productivity,Product,Informational,657,43,78,190,12696,synthetic-01771,58,true
2026-08-10,12:00,Facebook,5 Python tips every beginner should know,Python,Informational,1441,167,64,248,23474,synthetic-01772,13,true
2026-05-21,21:00,X,Important skills every student should learn,Education,Promotional,861,61,71,182,27815,synthetic-01773,156,true
2026-06-09,17:00,Instagram,5 useful AI tools for students,AI,Entertainment,4209,235,285,895,45608,synthetic-01774,186,true
2026-04-05,21:00,Instagram,How AI is changing the way we work,AI,Entertainment,3963,191,349,541,38630,synthetic-01775,81,true
2026-08-31,09:30,LinkedIn,How AI is changing the way we work,AI,Promotional,252,24,30,51,10475,synthetic-01776,121,true
2026-03-14,19:30,X,Content ideas that attract more viewers,Marketing,Promotional,273,25,19,46,20241,synthetic-01777,17,true
2026-03-15,14:30,Instagram,5 useful AI tools for students,AI,Educational,2603,158,293,674,26392,synthetic-01778,51,true
2026-06-11,14:00,Facebook,The future of technology explained,Technology,Promotional,1444,106,102,270,45866,synthetic-01779,183,true
2026-06-10,21:00,Instagram,Easy Python projects for students,Python,Entertainment,2700,322,188,517,39624,synthetic-01780,62,true
2026-07-19,18:00,Facebook,Ways to grow your online audience,Marketing,Educational,890,114,77,199,25045,synthetic-01781,110,true
2026-03-24,19:30,X,Content ideas that attract more viewers,Marketing,Promotional,257,23,18,41,18004,synthetic-01782,17,true
2026-07-26,14:30,LinkedIn,Latest AI trends you should know,AI,Educational,1497,134,196,221,27130,synthetic-01783,74,true
2026-05-21,14:00,Instagram,Important skills every student should learn,Education,Informational,2452,215,181,426,31992,synthetic-01784,37,true
2026-06-07,19:00,X,5 technologies shaping the future,Technology,Informational,743,38,69,110,28798,synthetic-01785,157,true
2026-02-11,14:30,Instagram,5 useful AI tools for students,AI,Educational,2559,140,261,652,25430,synthetic-01786,51,true
2026-07-07,19:30,Instagram,Beginner guide to artificial intelligence,AI,Entertainment,1561,117,77,295,20909,synthetic-01787,114,true
2026-05-03,20:30,Instagram,How to create engaging social media posts,Marketing,Informational,898,63,74,229,23991,synthetic-01788,190,true
2026-03-18,21:30,Instagram,How our new feature improves productivity,Product,Informational,3396,348,236,494,44927,synthetic-01789,35,true
2026-10-03,12:00,Facebook,5 ways to improve your study routine,Education,Informational,1226,71,102,239,19878,synthetic-01790,54,true
2026-06-02,09:30,Instagram,Learn Python functions with simple examples,Python,Entertainment,3600,434,375,898,45493,synthetic-01791,4,true
2026-08-29,14:00,Facebook,How to learn technical skills faster,Education,Informational,505,31,62,133,10078,synthetic-01792,166,true
2026-06-20,20:30,Facebook,Important skills every student should learn,Education,Entertainment,953,48,102,258,13531,synthetic-01793,99,true
2026-04-29,20:00,X,Easy Python projects for students,Python,Entertainment,904,55,72,137,24401,synthetic-01794,117,true
2026-05-24,20:30,Facebook,Important skills every student should learn,Education,Entertainment,862,44,98,238,11660,synthetic-01795,99,true
2026-06-21,09:00,LinkedIn,Top Python mistakes beginners make,Python,Informational,1280,70,198,359,43241,synthetic-01796,179,true
2026-02-16,17:00,Instagram,Social media tips for better engagement,Marketing,Entertainment,917,81,53,116,19523,synthetic-01797,18,true
2026-09-29,09:30,LinkedIn,How AI is changing the way we work,AI,Promotional,311,26,37,62,11450,synthetic-01798,121,true
2026-01-29,08:30,Facebook,How to learn technical skills faster,Education,Educational,344,24,19,61,8690,synthetic-01799,80,true
2026-03-26,21:00,X,How AI is changing the way we work,AI,Educational,1357,143,73,294,32300,synthetic-01800,50,true
2026-03-08,08:30,Facebook,Social media tips for better engagement,Marketing,Entertainment,423,27,50,53,13556,synthetic-01801,86,true
2026-07-30,12:00,Instagram,Product update: new tools for users,Product,Educational,1458,81,84,143,19589,synthetic-01802,63,true
2026-08-14,09:00,LinkedIn,New product update is now available,Product,Entertainment,346,18,38,70,10818,synthetic-01803,9,true
2026-02-06,18:30,Instagram,Social media tips for better engagement,Marketing,Entertainment,2622,232,287,247,37970,synthetic-01804,196,true
2026-06-18,20:00,LinkedIn,How AI is changing the way we work,AI,Educational,1096,132,78,121,35805,synthetic-01805,94,true
2026-07-29,10:30,X,Our new dashboard feature is live,Product,Informational,510,33,33,107,19918,synthetic-01806,55,true
2025-12-27,14:30,Instagram,5 technologies shaping the future,Technology,Promotional,897,56,49,202,27111,synthetic-01807,104,true
2026-07-15,21:30,Facebook,5 Python tips every beginner should know,Python,Promotional,133,10,15,18,6510,synthetic-01808,33,true
2026-08-23,18:00,Facebook,Ways to grow your online audience,Marketing,Educational,1060,128,93,226,30112,synthetic-01809,110,true
2026-06-11,20:30,X,Social media tips for better engagement,Marketing,Entertainment,789,90,86,96,15956,synthetic-01810,144,true
2026-02-07,19:30,Facebook,5 useful AI tools for students,AI,Promotional,1965,234,206,441,42540,synthetic-01811,25,true
2026-02-25,17:00,Instagram,Social media tips for better engagement,Marketing,Entertainment,875,75,46,110,17759,synthetic-01812,18,true
2026-06-14,17:00,LinkedIn,Content ideas that attract more viewers,Marketing,Promotional,1564,211,237,333,41091,synthetic-01813,12,true
2026-01-27,19:30,Instagram,Simple marketing strategies for beginners,Marketing,Promotional,763,71,85,136,27134,synthetic-01814,68,true
2026-07-25,14:30,LinkedIn,Latest AI trends you should know,AI,Educational,1417,121,185,213,25077,synthetic-01815,74,true
2026-05-26,19:00,Instagram,Best learning habits for students,Education,Educational,672,61,38,109,9617,synthetic-01816,24,true
2026-08-17,19:00,Facebook,How AI is changing the way we work,AI,Promotional,1246,90,123,209,42165,synthetic-01817,185,true
2026-02-26,14:30,Facebook,5 technologies shaping the future,Technology,Promotional,1074,79,55,305,27599,synthetic-01818,87,true
2026-01-15,14:00,X,Technology trends to watch this year,Technology,Informational,1799,108,157,394,47037,synthetic-01819,23,true
2026-05-04,20:30,X,Latest AI trends you should know,AI,Entertainment,369,19,59,74,11611,synthetic-01820,170,true
2026-08-23,17:30,LinkedIn,Latest AI trends you should know,AI,Promotional,459,45,42,125,13924,synthetic-01821,175,true
2026-07-03,10:30,X,Beginner guide to artificial intelligence,AI,Entertainment,373,32,24,75,13657,synthetic-01822,8,true
2026-05-03,20:00,Instagram,Simple marketing strategies for beginners,Marketing,Promotional,656,41,95,156,16646,synthetic-01823,6,true
2026-04-07,20:00,Facebook,Social media tips for better engagement,Marketing,Educational,2057,90,169,365,31467,synthetic-01824,130,true
2026-01-22,18:30,Instagram,AI tools that save you 10 hours a week,AI,Promotional,1083,84,133,293,32855,synthetic-01825,105,true
2026-08-21,12:00,Facebook,5 ways to improve your study routine,Education,Informational,1434,95,130,331,24631,synthetic-01826,54,true
2026-01-10,12:00,X,How our new feature improves productivity,Product,Entertainment,1334,85,178,310,40955,synthetic-01827,180,true
2026-03-25,09:30,X,Python tricks that save coding time,Python,Educational,845,83,41,94,42637,synthetic-01828,61,true
2026-02-21,14:30,LinkedIn,Our new dashboard feature is live,Product,Informational,475,61,34,78,11440,synthetic-01829,119,true
2026-03-09,19:30,X,Content ideas that attract more viewers,Marketing,Promotional,230,23,17,41,18398,synthetic-01830,17,true
2026-06-05,20:30,Facebook,Important skills every student should learn,Education,Entertainment,864,39,88,232,12147,synthetic-01831,99,true
2026-07-29,10:00,X,Best learning habits for students,Education,Entertainment,1029,63,103,269,39571,synthetic-01832,124,true
2026-08-28,08:30,LinkedIn,Learn Python functions with simple examples,Python,Informational,154,18,18,44,4199,synthetic-01833,34,true
2026-03-03,12:00,Instagram,Learn Python functions with simple examples,Python,Promotional,555,44,65,147,13009,synthetic-01834,181,true
2026-02-28,20:30,Instagram,How AI is changing the way we work,AI,Promotional,811,49,112,194,20303,synthetic-01835,2,true
2026-05-12,20:30,Instagram,How to create engaging social media posts,Marketing,Informational,780,56,65,197,20753,synthetic-01836,190,true
2026-03-02,12:00,Facebook,Simple marketing strategies for beginners,Marketing,Promotional,693,74,76,120,33384,synthetic-01837,173,true
2026-04-25,17:30,Instagram,Python tricks that save coding time,Python,Educational,3168,263,230,787,50993,synthetic-01838,52,true
2026-05-24,19:30,X,Python tricks that save coding time,Python,Promotional,477,46,19,101,23515,synthetic-01839,171,true
2026-08-06,09:00,LinkedIn,Top Python mistakes beginners make,Python,Informational,1395,69,197,373,40985,synthetic-01840,179,true
2026-08-08,12:00,Instagram,Simple marketing strategies for beginners,Marketing,Educational,2971,123,137,859,46362,synthetic-01841,197,true
2026-06-01,10:00,X,How technology is changing daily life,Technology,Promotional,1150,66,106,196,39532,synthetic-01842,122,true
2026-07-02,10:30,X,Beginner guide to artificial intelligence,AI,Entertainment,455,40,31,101,15206,synthetic-01843,8,true
2026-07-14,12:30,X,Simple marketing strategies for beginners,Marketing,Informational,586,42,49,94,31811,synthetic-01844,83,true
2026-02-04,14:30,LinkedIn,Simple study tips for better results,Education,Entertainment,1608,219,114,327,27781,synthetic-01845,73,true
2026-08-27,20:30,LinkedIn,Social media tips for better engagement,Marketing,Promotional,1414,103,203,232,54291,synthetic-01846,160,true
2026-09-10,09:30,LinkedIn,How AI is changing the way we work,AI,Promotional,296,25,34,54,11160,synthetic-01847,121,true
2026-06-18,20:30,X,Social media tips for better engagement,Marketing,Entertainment,633,64,71,72,11786,synthetic-01848,144,true
2025-12-03,10:00,LinkedIn,New product update is now available,Product,Informational,2265,119,192,621,45609,synthetic-01849,95,true
2026-06-02,12:30,X,Beginner guide to modern technology,Technology,Educational,1802,166,201,452,32446,synthetic-01850,44,true
2026-04-26,17:00,Instagram,5 useful AI tools for students,AI,Entertainment,3844,202,267,896,41234,synthetic-01851,186,true
2026-08-18,19:30,Facebook,5 technologies shaping the future,Technology,Entertainment,1099,81,63,239,17076,synthetic-01852,191,true
2026-09-29,19:30,Facebook,5 technologies shaping the future,Technology,Entertainment,946,65,55,198,14532,synthetic-01853,191,true
2026-02-22,10:00,Facebook,Ways to grow your online audience,Marketing,Informational,647,46,52,99,24529,synthetic-01854,3,true
2026-01-19,19:00,X,Beginner guide to artificial intelligence,AI,Entertainment,1039,70,131,253,23601,synthetic-01855,149,true
2026-02-08,18:30,Instagram,AI tools that save you 10 hours a week,AI,Promotional,1106,89,146,291,32448,synthetic-01856,105,true
2026-04-15,08:30,Instagram,Simple marketing strategies for beginners,Marketing,Promotional,845,53,125,228,25627,synthetic-01857,7,true
2026-01-01,18:30,LinkedIn,Beginner guide to artificial intelligence,AI,Educational,1066,123,138,293,17645,synthetic-01858,167,true
2026-05-19,21:30,Facebook,Beginner guide to modern technology,Technology,Educational,2319,99,241,194,50966,synthetic-01859,193,true
2026-05-25,17:00,Instagram,5 useful AI tools for students,AI,Entertainment,3756,219,292,910,44958,synthetic-01860,186,true
2026-05-09,10:00,Instagram,5 technologies shaping the future,Technology,Entertainment,937,60,98,124,13277,synthetic-01861,194,true
2026-01-26,18:30,Instagram,Social media tips for better engagement,Marketing,Entertainment,2936,298,336,280,41040,synthetic-01862,196,true
2026-05-23,08:30,Instagram,New product update is now available,Product,Entertainment,1188,140,83,307,22236,synthetic-01863,31,true
2026-04-25,17:30,X,Ways to grow your online audience,Marketing,Educational,1277,101,70,191,40959,synthetic-01864,184,true
2026-07-15,19:00,X,Python tricks that save coding time,Python,Promotional,795,96,77,88,26111,synthetic-01865,11,true
2026-02-03,12:30,LinkedIn,Easy Python projects for students,Python,Entertainment,1556,60,215,420,22306,synthetic-01866,187,true
2026-02-20,19:00,X,Beginner guide to artificial intelligence,AI,Entertainment,1244,83,144,305,28227,synthetic-01867,149,true
2026-08-12,08:30,LinkedIn,Best learning habits for students,Education,Informational,288,23,21,53,10561,synthetic-01868,163,true
2026-04-24,17:30,LinkedIn,5 ways to improve your study routine,Education,Entertainment,1281,66,112,299,32835,synthetic-01869,100,true
2026-06-19,10:30,X,Our new dashboard feature is live,Product,Informational,462,30,35,100,17779,synthetic-01870,55,true
2026-04-04,09:00,Instagram,Top Python mistakes beginners make,Python,Promotional,2798,215,379,581,47768,synthetic-01871,22,true
2026-06-20,17:30,LinkedIn,Beginner guide to modern technology,Technology,Promotional,526,45,51,94,15051,synthetic-01872,151,true
2026-07-03,09:30,Facebook,The future of technology explained,Technology,Entertainment,1358,162,126,249,20439,synthetic-01873,66,true
2026-02-27,21:30,X,Technology trends to watch this year,Technology,Informational,111,13,15,23,6466,synthetic-01874,67,true
2026-01-22,08:30,Facebook,How to learn technical skills faster,Education,Educational,384,27,21,78,9868,synthetic-01875,80,true
2026-06-17,12:00,Facebook,5 technologies shaping the future,Technology,Entertainment,1217,75,165,179,21341,synthetic-01876,161,true
2026-06-19,19:30,Instagram,How our new feature improves productivity,Product,Promotional,1154,48,62,168,27675,synthetic-01877,138,true
2026-03-06,18:30,Instagram,AI tools that save you 10 hours a week,AI,Promotional,1187,88,143,292,31625,synthetic-01878,105,true
2026-05-14,20:30,Instagram,Simple study tips for better results,Education,Entertainment,989,63,43,176,19092,synthetic-01879,152,true
2026-04-09,09:00,Facebook,5 technologies shaping the future,Technology,Promotional,387,50,24,51,23255,synthetic-01880,164,true
2026-02-18,18:30,Instagram,Technology trends to watch this year,Technology,Informational,1969,150,207,206,36839,synthetic-01881,143,true
2026-03-01,14:30,Facebook,5 technologies shaping the future,Technology,Promotional,987,70,53,289,26330,synthetic-01882,87,true
2026-08-15,17:30,LinkedIn,Beginner guide to modern technology,Technology,Entertainment,380,46,40,65,6887,synthetic-01883,136,true
2026-01-29,21:30,X,Technology trends to watch this year,Technology,Informational,103,14,14,22,5990,synthetic-01884,67,true
2026-01-13,18:30,LinkedIn,Beginner guide to artificial intelligence,AI,Educational,995,115,132,268,16137,synthetic-01885,167,true
2026-05-04,17:30,LinkedIn,AI tools that save you 10 hours a week,AI,Entertainment,524,37,62,89,8249,synthetic-01886,32,true
2026-06-18,09:30,Facebook,The future of technology explained,Technology,Entertainment,1738,233,163,349,28358,synthetic-01887,66,true
2026-06-16,21:00,Instagram,Easy Python projects for students,Python,Entertainment,2416,283,183,495,37131,synthetic-01888,62,true
2026-04-22,18:00,X,How to create engaging social media posts,Marketing,Promotional,853,87,105,134,30414,synthetic-01889,76,true
2026-07-01,08:30,LinkedIn,Python tricks that save coding time,Python,Promotional,1007,53,112,181,29288,synthetic-01890,127,true
2026-01-31,12:30,LinkedIn,Easy Python projects for students,Python,Entertainment,1520,61,220,426,21722,synthetic-01891,187,true
2026-03-31,17:30,X,Ways to grow your online audience,Marketing,Educational,1058,74,57,160,34720,synthetic-01892,184,true
2026-06-14,20:30,Facebook,Important skills every student should learn,Education,Entertainment,879,44,95,252,12905,synthetic-01893,99,true
2026-07-13,12:30,Facebook,How our new feature improves productivity,Product,Promotional,2144,235,308,491,50936,synthetic-01894,36,true
2026-05-23,08:30,Instagram,Top Python mistakes beginners make,Python,Promotional,1105,84,63,193,26857,synthetic-01895,159,true
2026-03-11,09:00,Instagram,Content ideas that attract more viewers,Marketing,Informational,1418,121,183,139,25368,synthetic-01896,125,true
2026-07-03,12:30,Facebook,How our new feature improves productivity,Product,Promotional,2013,225,305,464,44927,synthetic-01897,36,true
2026-05-17,10:30,X,Beginner guide to artificial intelligence,AI,Entertainment,336,31,24,73,12559,synthetic-01898,8,true
2026-07-23,09:00,X,Social media tips for better engagement,Marketing,Entertainment,1054,48,77,231,23310,synthetic-01899,98,true
2026-03-07,20:00,X,Easy Python projects for students,Python,Entertainment,1036,72,85,153,29867,synthetic-01900,117,true
2026-08-04,21:30,LinkedIn,Simple study tips for better results,Education,Informational,1420,65,105,158,41955,synthetic-01901,71,true
2026-02-26,21:00,X,How AI is changing the way we work,AI,Educational,1495,181,86,325,34818,synthetic-01902,50,true
2026-09-03,19:00,Facebook,How AI is changing the way we work,AI,Promotional,1121,89,111,193,42377,synthetic-01903,185,true
2026-07-13,10:00,Facebook,Content ideas that attract more viewers,Marketing,Entertainment,2612,200,137,354,40550,synthetic-01904,199,true
2026-01-05,08:00,X,5 ways to improve your study routine,Education,Informational,943,106,89,236,25527,synthetic-01905,64,true
2026-05-09,21:30,Facebook,Beginner guide to modern technology,Technology,Educational,2152,93,230,171,41959,synthetic-01906,193,true
2026-04-08,21:30,X,How AI is changing the way we work,AI,Informational,459,32,38,66,11163,synthetic-01907,59,true
2025-12-19,19:30,Instagram,Simple marketing strategies for beginners,Marketing,Promotional,774,73,80,144,25221,synthetic-01908,68,true
2026-05-26,10:30,X,Beginner guide to artificial intelligence,AI,Entertainment,480,42,31,100,15791,synthetic-01909,8,true
2026-08-17,12:00,Instagram,Product update: new tools for users,Product,Educational,1876,106,110,179,24810,synthetic-01910,63,true
2025-12-28,10:30,Facebook,5 Python tips every beginner should know,Python,Promotional,409,25,24,54,11412,synthetic-01911,128,true
2026-02-15,09:30,LinkedIn,Easy Python projects for students,Python,Educational,1544,128,133,224,33851,synthetic-01912,106,true
2026-03-25,14:30,LinkedIn,Beginner guide to modern technology,Technology,Educational,716,71,75,89,12141,synthetic-01913,38,true
2026-05-27,14:00,Instagram,Important skills every student should learn,Education,Informational,2201,191,161,373,27989,synthetic-01914,37,true
2026-02-20,08:00,Facebook,Latest AI trends you should know,AI,Educational,547,65,40,72,8232,synthetic-01915,147,true
2026-08-22,20:30,LinkedIn,How technology is changing daily life,Technology,Educational,1882,88,187,167,36040,synthetic-01916,174,true
2026-07-03,17:30,X,New product update is now available,Product,Informational,915,113,65,96,25494,synthetic-01917,48,true
2026-01-23,20:00,LinkedIn,How technology is changing daily life,Technology,Entertainment,975,84,129,267,19161,synthetic-01918,14,true
2026-03-15,10:00,LinkedIn,Python tricks that save coding time,Python,Promotional,1888,156,195,147,53128,synthetic-01919,1,true
2026-06-23,21:00,Instagram,Easy Python projects for students,Python,Entertainment,2275,290,157,486,34725,synthetic-01920,62,true
2026-05-21,20:30,Facebook,Important skills every student should learn,Education,Entertainment,773,40,94,215,11570,synthetic-01921,99,true
2026-05-05,09:00,Facebook,5 technologies shaping the future,Technology,Promotional,335,40,23,45,21257,synthetic-01922,164,true
2026-02-23,09:30,LinkedIn,Simple study tips for better results,Education,Informational,424,31,48,69,11501,synthetic-01923,77,true
2026-07-28,12:00,Instagram,Product update: new tools for users,Product,Educational,1509,83,85,142,19431,synthetic-01924,63,true
2026-01-16,20:00,LinkedIn,How technology is changing daily life,Technology,Entertainment,970,86,139,278,20543,synthetic-01925,14,true
2026-06-20,20:30,Facebook,Important skills every student should learn,Education,Entertainment,816,42,85,219,11960,synthetic-01926,99,true
2026-03-14,09:30,LinkedIn,Simple study tips for better results,Education,Informational,361,30,44,63,10074,synthetic-01927,77,true
2026-05-02,20:00,Facebook,Social media tips for better engagement,Marketing,Educational,1840,86,145,315,28648,synthetic-01928,130,true
2026-06-27,20:30,Instagram,Latest AI trends you should know,AI,Entertainment,430,21,27,121,6542,synthetic-01929,120,true
2026-03-10,20:30,X,Latest AI trends you should know,AI,Entertainment,328,17,51,65,9227,synthetic-01930,170,true
2026-02-04,10:00,X,Best learning habits for students,Education,Educational,1764,102,204,486,34078,synthetic-01931,165,true
2026-09-20,12:00,Facebook,5 ways to improve your study routine,Education,Informational,1257,82,115,268,21805,synthetic-01932,54,true
2026-01-12,10:30,Facebook,5 Python tips every beginner should know,Python,Promotional,471,26,25,56,11294,synthetic-01933,128,true
2026-05-18,10:30,X,5 Python tips every beginner should know,Python,Informational,1635,179,177,222,49156,synthetic-01934,172,true
2026-02-17,09:30,Facebook,Python tricks that save coding time,Python,Educational,1669,208,198,135,30910,synthetic-01935,115,true
2026-01-05,17:00,Instagram,Social media tips for better engagement,Marketing,Entertainment,1129,93,63,134,23392,synthetic-01936,18,true
2026-01-19,18:30,Instagram,How to create engaging social media posts,Marketing,Educational,688,30,95,204,10065,synthetic-01937,177,true
2026-01-28,09:30,Instagram,Simple marketing strategies for beginners,Marketing,Informational,1150,120,157,223,24328,synthetic-01938,118,true
2026-08-02,12:30,X,Simple marketing strategies for beginners,Marketing,Informational,741,57,62,113,42200,synthetic-01939,83,true
2026-05-30,08:30,Instagram,New product update is now available,Product,Entertainment,963,107,75,228,19296,synthetic-01940,31,true
2026-08-22,10:30,X,Python tricks that save coding time,Python,Promotional,1084,76,153,307,32018,synthetic-01941,178,true
2026-02-27,18:30,Instagram,Technology trends to watch this year,Technology,Informational,2006,160,205,221,39868,synthetic-01942,143,true
2026-06-18,09:00,LinkedIn,Top Python mistakes beginners make,Python,Informational,1443,70,204,387,43903,synthetic-01943,179,true
2026-06-25,19:30,Instagram,How our new feature improves productivity,Product,Promotional,1303,64,73,201,33644,synthetic-01944,138,true
2025-12-21,17:00,Facebook,Simple study tips for better results,Education,Informational,1745,192,64,450,29105,synthetic-01945,70,true
2026-06-15,18:30,Facebook,Simple study tips for better results,Education,Informational,2381,193,228,296,42184,synthetic-01946,45,true
2026-05-18,21:00,Instagram,Easy Python projects for students,Python,Entertainment,2240,285,160,479,36564,synthetic-01947,62,true
2026-07-06,12:30,Instagram,Ways to grow your online audience,Marketing,Educational,1539,129,82,334,18239,synthetic-01948,79,true
2026-09-17,12:00,Facebook,5 Python tips every beginner should know,Python,Informational,1114,141,57,215,20516,synthetic-01949,13,true
2026-03-15,09:30,X,Python tricks that save coding time,Python,Educational,781,74,34,87,37259,synthetic-01950,61,true
2026-01-01,08:30,Facebook,Beginner guide to modern technology,Technology,Promotional,510,51,62,80,14128,synthetic-01951,158,true
2026-05-18,08:30,Instagram,Top Python mistakes beginners make,Python,Promotional,1082,90,72,222,28089,synthetic-01952,159,true
2026-05-16,19:00,Instagram,Best learning habits for students,Education,Educational,609,57,36,97,9606,synthetic-01953,24,true
2026-08-06,14:30,X,Technology trends to watch this year,Technology,Informational,754,73,50,71,17895,synthetic-01954,148,true
2026-04-23,08:30,Instagram,Simple marketing strategies for beginners,Marketing,Promotional,830,53,131,237,28081,synthetic-01955,7,true
2026-02-02,14:30,Instagram,5 technologies shaping the future,Technology,Promotional,900,54,51,212,27002,synthetic-01956,104,true
2026-02-21,14:30,Instagram,5 useful AI tools for students,AI,Educational,2870,183,300,787,33659,synthetic-01957,51,true
2025-12-12,12:00,Instagram,Content ideas that attract more viewers,Marketing,Informational,1516,58,102,388,49241,synthetic-01958,49,true
2026-03-13,10:00,Facebook,Best learning habits for students,Education,Informational,1615,137,72,177,38719,synthetic-01959,155,true
2025-12-12,09:30,Facebook,Our new dashboard feature is live,Product,Promotional,207,18,27,22,11671,synthetic-01960,131,true
2026-08-09,17:30,X,New product update is now available,Product,Informational,995,115,70,102,27539,synthetic-01961,48,true
2026-02-07,17:00,X,Best learning habits for students,Education,Informational,386,38,26,101,14160,synthetic-01962,69,true
2026-08-05,09:00,LinkedIn,New product update is now available,Product,Entertainment,349,20,40,73,11656,synthetic-01963,9,true
2026-07-02,20:00,LinkedIn,How AI is changing the way we work,AI,Educational,1366,163,104,160,47605,synthetic-01964,94,true
2025-12-16,12:00,X,How our new feature improves productivity,Product,Entertainment,1235,86,175,301,40712,synthetic-01965,180,true
2026-06-16,08:30,LinkedIn,Best learning habits for students,Education,Informational,289,23,18,54,9503,synthetic-01966,163,true
2026-06-10,09:00,LinkedIn,Content ideas that attract more viewers,Marketing,Entertainment,1412,91,82,127,49225,synthetic-01967,65,true
2026-01-11,12:00,X,How our new feature improves productivity,Product,Entertainment,1287,84,183,305,38901,synthetic-01968,180,true
2026-03-14,20:30,X,Latest AI trends you should know,AI,Entertainment,414,21,57,71,11566,synthetic-01969,170,true
2026-08-19,17:30,LinkedIn,Beginner guide to modern technology,Technology,Entertainment,440,59,50,81,7887,synthetic-01970,136,true
2026-05-05,12:00,X,Social media tips for better engagement,Marketing,Entertainment,226,29,14,63,9025,synthetic-01971,182,true
2026-03-22,10:30,Instagram,Our new dashboard feature is live,Product,Informational,852,87,85,154,11156,synthetic-01972,60,true
2026-07-19,19:00,LinkedIn,Learn Python functions with simple examples,Python,Entertainment,1838,229,226,314,45019,synthetic-01973,176,true
2026-06-14,19:30,X,How to create engaging social media posts,Marketing,Informational,1535,173,107,166,36284,synthetic-01974,162,true
2026-06-16,08:00,X,Beginner guide to modern technology,Technology,Informational,683,77,93,110,26207,synthetic-01975,133,true
2026-06-03,14:00,Facebook,The future of technology explained,Technology,Promotional,1439,118,96,306,48046,synthetic-01976,183,true
2026-01-06,12:30,LinkedIn,Easy Python projects for students,Python,Entertainment,1516,67,234,435,25365,synthetic-01977,187,true
2026-03-12,20:30,Facebook,Simple marketing strategies for beginners,Marketing,Educational,1613,170,250,357,26733,synthetic-01978,141,true
2026-05-26,17:00,Instagram,5 useful AI tools for students,AI,Entertainment,3052,188,204,684,35242,synthetic-01979,186,true
2026-03-26,19:30,LinkedIn,Social media tips for better engagement,Marketing,Entertainment,2521,233,304,594,42116,synthetic-01980,113,true
2026-10-11,20:30,Facebook,Our new dashboard feature is live,Product,Promotional,520,48,25,118,13714,synthetic-01981,146,true
2026-05-10,10:00,Instagram,5 technologies shaping the future,Technology,Entertainment,922,58,102,134,12738,synthetic-01982,194,true
2026-04-08,12:00,X,Social media tips for better engagement,Marketing,Entertainment,230,31,15,63,9338,synthetic-01983,182,true
2026-04-02,09:00,Facebook,5 technologies shaping the future,Technology,Promotional,305,35,21,41,18108,synthetic-01984,164,true
2026-03-20,20:00,X,Easy Python projects for students,Python,Entertainment,1138,69,91,170,33444,synthetic-01985,117,true
2026-05-04,20:00,Instagram,Simple marketing strategies for beginners,Marketing,Promotional,586,38,77,139,13667,synthetic-01986,6,true
2026-01-13,18:30,Instagram,AI tools that save you 10 hours a week,AI,Promotional,1414,98,169,337,37239,synthetic-01987,105,true
2026-07-15,14:00,Facebook,How our new feature improves productivity,Product,Informational,609,39,69,163,10637,synthetic-01988,58,true
2026-07-26,08:00,X,AI tools that save you 10 hours a week,AI,Educational,484,53,27,86,9112,synthetic-01989,19,true
2026-07-13,12:00,Facebook,5 technologies shaping the future,Technology,Entertainment,1287,83,200,192,21889,synthetic-01990,161,true
2026-05-14,08:30,LinkedIn,Python tricks that save coding time,Python,Promotional,1066,62,124,207,34887,synthetic-01991,127,true
2026-03-21,19:30,X,Simple marketing strategies for beginners,Marketing,Informational,287,13,11,59,12024,synthetic-01992,15,true
2026-03-23,09:00,Facebook,5 technologies shaping the future,Technology,Promotional,386,44,23,46,21089,synthetic-01993,164,true
2026-07-02,10:00,Facebook,Content ideas that attract more viewers,Marketing,Entertainment,2505,175,139,342,40532,synthetic-01994,199,true
2026-02-05,09:00,Instagram,Content ideas that attract more viewers,Marketing,Informational,1242,99,154,118,22905,synthetic-01995,125,true
2026-07-23,19:00,Instagram,Simple marketing strategies for beginners,Marketing,Promotional,3026,275,407,361,52008,synthetic-01996,89,true
2025-12-31,14:30,Instagram,5 technologies shaping the future,Technology,Promotional,940,58,57,228,26125,synthetic-01997,104,true
2026-03-22,10:00,LinkedIn,Python tricks that save coding time,Python,Promotional,1480,135,165,129,50894,synthetic-01998,1,true
2026-02-25,08:30,Facebook,Social media tips for better engagement,Marketing,Entertainment,478,29,58,56,15574,synthetic-01999,86,true
2026-07-28,08:30,LinkedIn,Best learning habits for students,Education,Informational,333,26,21,58,10523,synthetic-02000,163,true
2026-03-29,20:30,X,Latest AI trends you should know,AI,Entertainment,334,16,52,66,9666,synthetic-02001,170,true
2026-06-06,21:00,Facebook,Learn Python functions with simple examples,Python,Educational,2509,278,343,566,39994,synthetic-02002,84,true
2026-03-23,09:30,X,Python tricks that save coding time,Python,Educational,673,61,30,76,31708,synthetic-02003,61,true
2026-05-24,20:30,Facebook,Important skills every student should learn,Education,Entertainment,849,38,86,217,11612,synthetic-02004,99,true
2026-05-14,21:30,LinkedIn,5 technologies shaping the future,Technology,Promotional,1812,188,198,194,52393,synthetic-02005,85,true
2026-01-05,08:00,X,5 ways to improve your study routine,Education,Informational,905,100,82,210,23634,synthetic-02006,64,true
2026-05-01,08:30,Instagram,Best learning habits for students,Education,Entertainment,2313,178,117,297,35797,synthetic-02007,126,true
2026-04-16,09:00,X,Ways to grow your online audience,Marketing,Educational,475,53,48,52,12606,synthetic-02008,28,true
2026-08-15,19:30,Facebook,5 technologies shaping the future,Technology,Entertainment,1155,89,68,230,17258,synthetic-02009,191,true
2026-08-07,18:30,Facebook,Simple study tips for better results,Education,Informational,2224,215,243,278,41440,synthetic-02010,45,true
2026-06-18,18:30,Instagram,Learn Python functions with simple examples,Python,Promotional,937,111,107,124,35540,synthetic-02011,111,true
2026-04-11,09:00,Instagram,Top Python mistakes beginners make,Python,Promotional,2563,180,352,520,44596,synthetic-02012,22,true
2026-08-17,10:00,Facebook,Content ideas that attract more viewers,Marketing,Entertainment,2586,187,132,327,38730,synthetic-02013,199,true
2026-05-26,21:00,Instagram,5 ways to improve your study routine,Education,Educational,896,37,79,116,16683,synthetic-02014,72,true
2026-04-03,08:30,Instagram,Simple marketing strategies for beginners,Marketing,Promotional,1170,67,173,311,37195,synthetic-02015,7,true
2026-03-13,09:00,X,Ways to grow your online audience,Marketing,Educational,589,69,63,64,16312,synthetic-02016,28,true
2026-08-06,09:00,X,Social media tips for better engagement,Marketing,Entertainment,1013,46,77,232,24739,synthetic-02017,98,true
2026-02-09,12:30,LinkedIn,Easy Python projects for students,Python,Entertainment,1488,61,202,421,22068,synthetic-02018,187,true
2026-08-01,10:30,Instagram,New product update is now available,Product,Informational,2243,123,253,567,47776,synthetic-02019,169,true
2026-05-14,18:00,Facebook,The future of technology explained,Technology,Educational,813,98,106,159,31076,synthetic-02020,109,true
2026-04-23,17:30,Instagram,Top Python mistakes beginners make,Python,Promotional,2290,140,133,272,38987,synthetic-02021,112,true
2025-12-31,10:00,LinkedIn,New product update is now available,Product,Informational,2135,118,177,530,44012,synthetic-02022,95,true
2026-09-10,17:30,LinkedIn,Latest AI trends you should know,AI,Promotional,333,36,32,90,10582,synthetic-02023,175,true
2026-02-25,10:00,LinkedIn,Python tricks that save coding time,Python,Promotional,1804,166,183,149,52887,synthetic-02024,1,true
2026-03-13,09:00,Instagram,Top Python mistakes beginners make,Python,Promotional,3092,240,475,656,57312,synthetic-02025,22,true
2026-06-07,20:00,X,Social media tips for better engagement,Marketing,Informational,304,22,31,65,10551,synthetic-02026,82,true
2026-05-04,17:30,Instagram,Python tricks that save coding time,Python,Educational,2676,238,208,676,49133,synthetic-02027,52,true
2026-05-29,10:30,X,Beginner guide to artificial intelligence,AI,Entertainment,410,36,29,85,13422,synthetic-02028,8,true
2026-05-09,08:00,X,Beginner guide to modern technology,Technology,Informational,628,74,92,101,25196,synthetic-02029,133,true
2026-06-02,09:00,LinkedIn,Social media tips for better engagement,Marketing,Informational,1040,71,67,174,43931,synthetic-02030,26,true
2026-04-05,10:00,Facebook,Ways to grow your online audience,Marketing,Informational,806,57,58,126,30208,synthetic-02031,3,true
2026-08-25,10:30,X,Python tricks that save coding time,Python,Promotional,1183,80,153,304,32803,synthetic-02032,178,true
2026-09-14,14:00,Facebook,How to learn technical skills faster,Education,Informational,459,28,58,123,9226,synthetic-02033,166,true
2026-02-10,17:00,Instagram,Social media tips for better engagement,Marketing,Entertainment,1172,99,63,145,22935,synthetic-02034,18,true
2026-06-22,20:30,Instagram,Latest AI trends you should know,AI,Entertainment,332,18,22,94,5393,synthetic-02035,120,true
2026-08-13,09:30,LinkedIn,Ways to grow your online audience,Marketing,Promotional,144,6,9,13,7248,synthetic-02036,132,true
2026-02-11,12:00,X,How our new feature improves productivity,Product,Entertainment,996,67,141,229,29067,synthetic-02037,180,true
2026-06-08,08:00,X,Beginner guide to modern technology,Technology,Informational,640,65,79,93,22870,synthetic-02038,133,true
2026-06-07,08:00,X,Beginner guide to modern technology,Technology,Informational,653,74,84,101,24048,synthetic-02039,133,true
2026-06-21,09:00,LinkedIn,Top Python mistakes beginners make,Python,Informational,1296,68,183,369,39905,synthetic-02040,179,true
2026-01-30,12:00,X,How our new feature improves productivity,Product,Entertainment,1162,78,168,257,35372,synthetic-02041,180,true
2026-06-18,20:00,LinkedIn,How AI is changing the way we work,AI,Educational,1471,166,113,155,48637,synthetic-02042,94,true
2026-06-17,18:30,Instagram,Learn Python functions with simple examples,Python,Promotional,823,99,103,104,33002,synthetic-02043,111,true
2026-09-24,20:30,LinkedIn,How technology is changing daily life,Technology,Educational,2034,94,207,199,42315,synthetic-02044,174,true
2026-05-08,20:30,Instagram,How to create engaging social media posts,Marketing,Informational,964,69,86,272,27780,synthetic-02045,190,true
2026-06-07,09:30,Facebook,The future of technology explained,Technology,Entertainment,1543,192,153,305,23586,synthetic-02046,66,true
2026-09-24,12:00,Facebook,5 Python tips every beginner should know,Python,Informational,1255,158,65,227,21254,synthetic-02047,13,true
2026-06-13,10:00,Instagram,5 technologies shaping the future,Technology,Entertainment,705,45,75,100,9639,synthetic-02048,194,true
2026-02-15,18:30,Instagram,AI tools that save you 10 hours a week,AI,Promotional,1369,97,152,323,36501,synthetic-02049,105,true
2026-08-18,09:30,Facebook,AI tools that save you 10 hours a week,AI,Informational,1103,89,124,277,38973,synthetic-02050,103,true
2026-06-13,18:30,Instagram,Learn Python functions with simple examples,Python,Promotional,989,121,122,136,41912,synthetic-02051,111,true
2026-02-08,10:00,LinkedIn,Python tricks that save coding time,Python,Promotional,1779,166,188,148,53663,synthetic-02052,1,true
2026-02-12,21:00,Instagram,Ways to grow your online audience,Marketing,Entertainment,2185,112,179,336,40271,synthetic-02053,135,true
2026-08-03,17:30,LinkedIn,Beginner guide to modern technology,Technology,Entertainment,388,49,45,67,7401,synthetic-02054,136,true
2026-01-20,09:30,Instagram,Simple marketing strategies for beginners,Marketing,Informational,1014,112,142,198,21640,synthetic-02055,118,true
2026-06-14,14:00,Facebook,The future of technology explained,Technology,Promotional,1317,106,92,274,43000,synthetic-02056,183,true
2026-06-11,08:00,X,Beginner guide to modern technology,Technology,Informational,568,62,75,80,20807,synthetic-02057,133,true
2026-02-16,17:00,X,Best learning habits for students,Education,Informational,442,43,29,116,17510,synthetic-02058,69,true
2026-02-23,21:00,Instagram,Ways to grow your online audience,Marketing,Entertainment,1901,104,162,297,34176,synthetic-02059,135,true
2026-01-10,14:00,X,Technology trends to watch this year,Technology,Informational,2000,123,153,456,49929,synthetic-02060,23,true
2026-05-25,09:30,Instagram,Learn Python functions with simple examples,Python,Entertainment,4106,513,435,1049,54840,synthetic-02061,4,true
2026-08-16,10:30,X,Python tricks that save coding time,Python,Promotional,935,69,118,251,27303,synthetic-02062,178,true
2026-08-24,12:30,X,Beginner guide to artificial intelligence,AI,Informational,1217,73,108,291,39751,synthetic-02063,42,true
2026-02-14,20:30,Instagram,How AI is changing the way we work,AI,Promotional,857,58,120,225,22642,synthetic-02064,2,true
2026-09-11,17:30,LinkedIn,Latest AI trends you should know,AI,Promotional,400,43,35,113,13460,synthetic-02065,175,true
2026-01-18,18:30,Instagram,How to create engaging social media posts,Marketing,Educational,635,26,85,182,8722,synthetic-02066,177,true
2026-06-25,17:00,LinkedIn,Content ideas that attract more viewers,Marketing,Promotional,1681,206,224,335,44967,synthetic-02067,12,true
2026-04-29,21:30,LinkedIn,5 technologies shaping the future,Technology,Promotional,1909,194,226,196,58404,synthetic-02068,85,true
2026-06-05,19:30,Instagram,Beginner guide to artificial intelligence,AI,Entertainment,1604,112,77,298,21384,synthetic-02069,114,true
2026-09-10,17:30,LinkedIn,Latest AI trends you should know,AI,Promotional,317,36,30,94,11227,synthetic-02070,175,true
2026-02-28,10:00,Facebook,Best learning habits for students,Education,Informational,1797,152,79,207,42054,synthetic-02071,155,true
2026-03-10,21:00,Instagram,How AI is changing the way we work,AI,Entertainment,3798,207,345,556,39316,synthetic-02072,81,true
2026-06-04,10:00,Instagram,5 technologies shaping the future,Technology,Entertainment,844,52,91,120,11667,synthetic-02073,194,true
2026-07-01,21:30,Facebook,5 Python tips every beginner should know,Python,Promotional,146,10,17,20,7153,synthetic-02074,33,true
2026-03-24,09:00,Instagram,5 Python tips every beginner should know,Python,Promotional,660,40,72,88,27209,synthetic-02075,16,true
2026-04-04,21:30,Facebook,Learn Python functions with simple examples,Python,Informational,1125,82,140,226,46966,synthetic-02076,78,true
2026-05-13,10:00,Facebook,See what is new in our latest release,Product,Educational,980,49,63,165,23523,synthetic-02077,43,true
2026-07-18,10:00,Instagram,How technology is changing daily life,Technology,Promotional,678,62,60,189,33513,synthetic-02078,142,true
2025-12-22,14:30,Instagram,5 technologies shaping the future,Technology,Promotional,1128,62,58,253,28438,synthetic-02079,104,true
2026-07-01,19:00,X,Python tricks that save coding time,Python,Promotional,628,67,63,67,19162,synthetic-02080,11,true
2026-01-21,19:30,Instagram,Simple marketing strategies for beginners,Marketing,Promotional,728,68,79,148,27811,synthetic-02081,68,true
2026-03-26,19:30,X,Simple marketing strategies for beginners,Marketing,Informational,326,14,14,68,13655,synthetic-02082,15,true
2026-08-02,17:30,LinkedIn,Beginner guide to modern technology,Technology,Entertainment,353,47,40,61,6502,synthetic-02083,136,true
2026-09-12,12:00,Facebook,5 Python tips every beginner should know,Python,Informational,1256,151,56,232,20946,synthetic-02084,13,true
2026-02-09,21:30,X,Technology trends to watch this year,Technology,Informational,132,15,15,27,6674,synthetic-02085,67,true
2026-04-29,10:30,X,5 Python tips every beginner should know,Python,Informational,1282,166,156,207,40509,synthetic-02086,172,true
2026-03-30,09:30,LinkedIn,Simple study tips for better results,Education,Informational,482,36,58,80,13140,synthetic-02087,77,true
2026-06-27,19:00,X,Python tricks that save coding time,Python,Promotional,715,74,69,72,21367,synthetic-02088,11,true
2026-06-06,09:30,Facebook,The future of technology explained,Technology,Entertainment,1722,198,147,293,25707,synthetic-02089,66,true
2026-02-13,17:00,Instagram,Social media tips for better engagement,Marketing,Entertainment,1231,108,67,133,22015,synthetic-02090,18,true
2026-01-30,14:30,Instagram,5 useful AI tools for students,AI,Educational,3136,189,348,901,34302,synthetic-02091,51,true
2026-03-19,18:30,Instagram,Technology trends to watch this year,Technology,Informational,1932,165,203,213,39852,synthetic-02092,143,true
2026-05-31,09:30,Facebook,The future of technology explained,Technology,Entertainment,1618,194,148,305,26634,synthetic-02093,66,true
2026-05-06,18:30,Facebook,Product update: new tools for users,Product,Educational,1373,178,158,150,37365,synthetic-02094,154,true
2026-05-29,14:00,Instagram,Important skills every student should learn,Education,Informational,2608,251,190,449,33956,synthetic-02095,37,true
2026-07-14,18:00,X,Social media tips for better engagement,Marketing,Informational,860,61,90,105,26738,synthetic-02096,102,true
2026-03-23,10:00,X,Best learning habits for students,Education,Educational,1886,103,208,503,37054,synthetic-02097,165,true
2026-02-20,12:30,LinkedIn,Easy Python projects for students,Python,Entertainment,1683,64,226,468,23330,synthetic-02098,187,true
2026-07-01,17:00,Facebook,How to learn technical skills faster,Education,Educational,1047,91,59,97,34269,synthetic-02099,150,true
2026-06-05,21:00,Instagram,Easy Python projects for students,Python,Entertainment,2253,270,161,444,35423,synthetic-02100,62,true
2026-04-28,10:30,X,5 Python tips every beginner should know,Python,Informational,1444,174,163,210,46420,synthetic-02101,172,true
2026-08-15,09:30,LinkedIn,How AI is changing the way we work,AI,Promotional,281,26,36,54,10216,synthetic-02102,121,true
2026-02-06,20:00,LinkedIn,How technology is changing daily life,Technology,Entertainment,1013,91,145,272,21787,synthetic-02103,14,true
2026-08-05,19:00,Instagram,Simple marketing strategies for beginners,Marketing,Promotional,2315,210,330,293,40404,synthetic-02104,89,true
2026-05-14,19:00,X,5 technologies shaping the future,Technology,Informational,761,40,72,114,32872,synthetic-02105,157,true
2026-06-08,09:30,Instagram,Learn Python functions with simple examples,Python,Entertainment,3319,399,372,831,41452,synthetic-02106,4,true
2026-03-15,19:30,X,Simple marketing strategies for beginners,Marketing,Informational,337,14,13,63,14275,synthetic-02107,15,true
2026-03-01,10:00,Facebook,Ways to grow your online audience,Marketing,Informational,568,43,48,87,23547,synthetic-02108,3,true
2026-03-09,12:00,Facebook,Simple marketing strategies for beginners,Marketing,Promotional,765,89,80,144,38201,synthetic-02109,173,true
2026-04-02,21:00,Instagram,The future of technology explained,Technology,Entertainment,842,43,70,74,10598,synthetic-02110,47,true
2026-01-24,17:00,Facebook,Simple study tips for better results,Education,Informational,2002,241,80,534,32913,synthetic-02111,70,true
2026-04-18,21:30,Facebook,Beginner guide to modern technology,Technology,Educational,2303,101,243,206,51139,synthetic-02112,193,true
2026-03-13,21:00,Instagram,The future of technology explained,Technology,Entertainment,1028,53,89,93,12076,synthetic-02113,47,true
2026-06-28,18:30,Facebook,Simple study tips for better results,Education,Informational,1886,166,204,241,37014,synthetic-02114,45,true
2026-01-24,21:00,Instagram,Ways to grow your online audience,Marketing,Entertainment,1927,97,149,302,37378,synthetic-02115,135,true
2026-03-04,20:30,Instagram,How AI is changing the way we work,AI,Promotional,738,48,101,193,19529,synthetic-02116,2,true
2026-09-19,09:30,Facebook,AI tools that save you 10 hours a week,AI,Informational,1366,112,136,346,47478,synthetic-02117,103,true
2026-02-02,12:30,LinkedIn,Easy Python projects for students,Python,Entertainment,1395,54,199,402,21321,synthetic-02118,187,true
2026-04-15,09:00,Facebook,5 technologies shaping the future,Technology,Promotional,384,43,23,46,21646,synthetic-02119,164,true
2026-03-07,20:00,LinkedIn,How technology is changing daily life,Technology,Entertainment,1238,104,162,335,25168,synthetic-02120,14,true
2026-06-25,09:00,LinkedIn,Top Python mistakes beginners make,Python,Informational,1248,63,188,304,39216,synthetic-02121,179,true
2026-03-14,09:00,Instagram,Top Python mistakes beginners make,Python,Promotional,3288,252,465,652,54213,synthetic-02122,22,true
2026-09-09,10:30,Instagram,New product update is now available,Product,Informational,2409,136,269,597,57278,synthetic-02123,169,true
2026-05-26,08:00,LinkedIn,Simple marketing strategies for beginners,Marketing,Educational,1675,187,87,394,39584,synthetic-02124,139,true
2026-10-04,19:30,Facebook,5 technologies shaping the future,Technology,Entertainment,875,62,48,180,13878,synthetic-02125,191,true
2026-02-16,14:30,Instagram,5 useful AI tools for students,AI,Educational,2421,150,273,651,25161,synthetic-02126,51,true
2025-12-26,14:30,Instagram,5 technologies shaping the future,Technology,Promotional,1108,57,62,228,29371,synthetic-02127,104,true
2026-09-27,09:30,LinkedIn,How AI is changing the way we work,AI,Promotional,329,30,41,64,12431,synthetic-02128,121,true
2026-02-06,09:00,Facebook,Ways to grow your online audience,Marketing,Entertainment,604,37,56,59,7706,synthetic-02129,90,true
2025-12-22,10:30,Facebook,5 Python tips every beginner should know,Python,Promotional,515,31,26,64,12782,synthetic-02130,128,true
2026-01-16,17:00,Instagram,Social media tips for better engagement,Marketing,Entertainment,945,82,54,116,19060,synthetic-02131,18,true
2026-05-05,19:30,X,Python tricks that save coding time,Python,Promotional,544,59,24,126,29779,synthetic-02132,171,true
2026-05-28,19:00,X,5 technologies shaping the future,Technology,Informational,825,37,65,118,30314,synthetic-02133,157,true
2026-04-23,08:00,Instagram,Technology trends to watch this year,Technology,Educational,1335,125,61,150,30753,synthetic-02134,192,true
2026-07-25,14:30,LinkedIn,Latest AI trends you should know,AI,Educational,1533,137,214,214,28060,synthetic-02135,74,true
2025-12-26,08:00,X,5 ways to improve your study routine,Education,Informational,739,81,69,175,20503,synthetic-02136,64,true
2026-03-29,20:30,Instagram,How to create engaging social media posts,Marketing,Informational,973,66,75,261,26429,synthetic-02137,190,true
2026-01-17,17:00,X,Best learning habits for students,Education,Informational,350,37,24,95,14181,synthetic-02138,69,true
2026-03-05,12:00,Instagram,Learn Python functions with simple examples,Python,Promotional,622,47,65,165,12508,synthetic-02139,181,true
2026-03-01,08:30,Facebook,Social media tips for better engagement,Marketing,Entertainment,371,24,46,44,12275,synthetic-02140,86,true
2026-01-30,21:00,Instagram,Ways to grow your online audience,Marketing,Entertainment,2129,107,159,307,36077,synthetic-02141,135,true
2026-07-19,21:00,X,Important skills every student should learn,Education,Promotional,705,54,60,166,24103,synthetic-02142,156,true
2026-07-23,17:30,LinkedIn,Beginner guide to modern technology,Technology,Promotional,574,50,58,104,16834,synthetic-02143,151,true
2026-01-14,08:30,X,Product update: new tools for users,Product,Informational,1099,81,163,193,34580,synthetic-02144,200,true
2026-01-29,17:00,X,Best learning habits for students,Education,Informational,348,33,23,95,13147,synthetic-02145,69,true
2026-09-10,17:30,LinkedIn,Latest AI trends you should know,AI,Promotional,421,44,39,117,13815,synthetic-02146,175,true
2026-08-20,12:00,Instagram,Product update: new tools for users,Product,Educational,1640,85,89,148,20196,synthetic-02147,63,true
2026-10-07,10:30,Facebook,Learn Python functions with simple examples,Python,Entertainment,972,118,63,244,13451,synthetic-02148,53,true
2026-05-08,08:30,Instagram,Top Python mistakes beginners make,Python,Promotional,1071,79,59,191,25812,synthetic-02149,159,true
2026-01-29,19:00,X,Beginner guide to artificial intelligence,AI,Entertainment,1199,78,136,286,28542,synthetic-02150,149,true
2025-12-18,09:30,Facebook,Our new dashboard feature is live,Product,Promotional,204,17,26,25,12265,synthetic-02151,131,true
2026-05-02,18:00,Facebook,The future of technology explained,Technology,Educational,951,122,127,212,40894,synthetic-02152,109,true
2026-06-14,19:30,Instagram,How our new feature improves productivity,Product,Promotional,1251,55,64,193,32349,synthetic-02153,138,true
2026-04-03,18:30,Facebook,Product update: new tools for users,Product,Educational,1454,184,179,153,40269,synthetic-02154,154,true
2026-03-18,08:30,X,Product update: new tools for users,Product,Promotional,372,43,56,37,12640,synthetic-02155,116,true
2026-05-12,10:00,Facebook,See what is new in our latest release,Product,Educational,836,47,51,139,20038,synthetic-02156,43,true
2026-03-25,14:30,LinkedIn,Our new dashboard feature is live,Product,Informational,605,68,39,97,15214,synthetic-02157,119,true
2026-09-10,14:00,Facebook,How to learn technical skills faster,Education,Informational,513,31,57,141,10236,synthetic-02158,166,true
2026-09-22,10:30,Instagram,New product update is now available,Product,Informational,2188,123,236,552,45330,synthetic-02159,169,true
2026-01-16,14:30,LinkedIn,5 useful AI tools for students,AI,Promotional,381,33,33,42,24445,synthetic-02160,108,true
2026-09-08,17:30,LinkedIn,Latest AI trends you should know,AI,Promotional,427,41,40,109,13249,synthetic-02161,175,true
2026-04-09,21:30,Facebook,Beginner guide to modern technology,Technology,Educational,2667,100,259,217,52671,synthetic-02162,193,true
2026-03-15,21:00,X,How AI is changing the way we work,AI,Educational,1418,148,85,320,32034,synthetic-02163,50,true
2026-04-01,18:00,Facebook,Beginner guide to artificial intelligence,AI,Educational,1066,95,121,270,21404,synthetic-02164,88,true
2026-07-05,08:00,X,Beginner guide to modern technology,Technology,Informational,714,80,97,112,25284,synthetic-02165,133,true
2026-03-18,18:30,Instagram,Technology trends to watch this year,Technology,Informational,1989,160,209,229,39342,synthetic-02166,143,true
2026-09-02,09:00,X,Social media tips for better engagement,Marketing,Entertainment,932,44,69,210,21923,synthetic-02167,98,true
2026-08-14,19:00,Instagram,Simple marketing strategies for beginners,Marketing,Promotional,2750,230,379,329,46657,synthetic-02168,89,true
2026-05-17,10:30,X,5 Python tips every beginner should know,Python,Informational,1537,199,185,234,52856,synthetic-02169,172,true
2026-04-20,17:30,LinkedIn,5 ways to improve your study routine,Education,Entertainment,1167,56,103,274,27178,synthetic-02170,100,true
2026-05-17,09:00,LinkedIn,Content ideas that attract more viewers,Marketing,Entertainment,1544,96,83,131,49664,synthetic-02171,65,true
2026-05-19,14:00,Facebook,The future of technology explained,Technology,Promotional,1584,122,121,338,50020,synthetic-02172,183,true
2026-03-12,21:30,Instagram,How our new feature improves productivity,Product,Informational,4070,425,331,608,58740,synthetic-02173,35,true
2026-09-14,14:30,X,Python tricks that save coding time,Python,Educational,1656,70,148,349,40824,synthetic-02174,107,true
2026-02-19,18:30,X,How our new feature improves productivity,Product,Entertainment,648,54,90,137,17874,synthetic-02175,134,true
2026-03-26,19:30,LinkedIn,Social media tips for better engagement,Marketing,Entertainment,3518,313,382,762,52869,synthetic-02176,113,true
2026-05-06,10:00,Facebook,See what is new in our latest release,Product,Educational,790,45,49,133,18951,synthetic-02177,43,true
2026-04-15,18:30,X,How our new feature improves productivity,Product,Educational,2122,155,117,366,51972,synthetic-02178,46,true
2026-03-16,18:00,LinkedIn,Ways to grow your online audience,Marketing,Promotional,922,66,93,216,42765,synthetic-02179,188,true
2026-01-31,08:00,X,5 ways to improve your study routine,Education,Informational,990,99,89,234,25442,synthetic-02180,64,true
2026-03-23,08:00,Instagram,Technology trends to watch this year,Technology,Educational,1396,129,62,154,33460,synthetic-02181,192,true
2026-05-19,19:30,Instagram,Beginner guide to artificial intelligence,AI,Entertainment,2023,134,89,352,24133,synthetic-02182,114,true
2026-07-30,10:00,Instagram,How technology is changing daily life,Technology,Promotional,706,64,57,178,30529,synthetic-02183,142,true
2026-08-16,19:00,Facebook,How AI is changing the way we work,AI,Promotional,1284,101,118,216,43632,synthetic-02184,185,true
2025-12-29,12:00,Instagram,Content ideas that attract more viewers,Marketing,Informational,1359,60,90,366,46046,synthetic-02185,49,true
2026-02-18,18:00,Facebook,Beginner guide to artificial intelligence,AI,Educational,1256,107,145,303,23226,synthetic-02186,88,true
2026-05-27,10:00,Instagram,5 technologies shaping the future,Technology,Entertainment,945,53,100,123,13038,synthetic-02187,194,true
2026-04-20,12:00,Facebook,Important skills every student should learn,Education,Entertainment,1645,182,244,208,22381,synthetic-02188,123,true
2026-05-30,21:00,X,Important skills every student should learn,Education,Promotional,729,48,63,167,23335,synthetic-02189,156,true
2026-04-05,09:30,X,Python tricks that save coding time,Python,Educational,683,65,31,82,35880,synthetic-02190,61,true
2026-01-04,14:30,Instagram,Product update: new tools for users,Product,Informational,2651,242,409,757,48236,synthetic-02191,168,true
2026-08-15,10:30,X,Python tricks that save coding time,Python,Promotional,1148,89,157,317,33129,synthetic-02192,178,true
2026-08-17,12:00,Facebook,Latest AI trends you should know,AI,Entertainment,881,74,135,166,13006,synthetic-02193,140,true
2026-04-09,21:30,Facebook,Learn Python functions with simple examples,Python,Informational,1178,83,131,224,46464,synthetic-02194,78,true
2026-08-10,08:00,Facebook,How AI is changing the way we work,AI,Promotional,458,41,41,123,25823,synthetic-02195,21,true
2026-09-09,08:30,LinkedIn,Learn Python functions with simple examples,Python,Informational,204,22,24,59,5504,synthetic-02196,34,true
2026-04-22,21:30,LinkedIn,5 technologies shaping the future,Technology,Promotional,1583,174,189,166,46417,synthetic-02197,85,true
2026-03-10,09:30,LinkedIn,Easy Python projects for students,Python,Educational,1585,121,134,210,30487,synthetic-02198,106,true
2026-07-25,14:30,X,Technology trends to watch this year,Technology,Informational,804,87,57,77,21041,synthetic-02199,148,true
2026-02-13,20:00,Instagram,Important skills every student should learn,Education,Educational,1017,70,128,159,23106,synthetic-02200,145,true
2026-08-07,08:00,X,AI tools that save you 10 hours a week,AI,Educational,495,56,26,84,9289,synthetic-02201,19,true
2026-05-16,10:00,Instagram,5 technologies shaping the future,Technology,Entertainment,721,45,79,98,9891,synthetic-02202,194,true
2026-02-28,17:30,Instagram,Top Python mistakes beginners make,Python,Promotional,2646,171,157,340,48712,synthetic-02203,112,true
2026-02-15,08:30,X,Product update: new tools for users,Product,Informational,933,64,132,170,31082,synthetic-02204,200,true
2026-03-31,14:30,LinkedIn,Our new dashboard feature is live,Product,Informational,553,67,41,85,13479,synthetic-02205,119,true
2026-05-01,08:30,Instagram,Top Python mistakes beginners make,Python,Promotional,963,75,63,183,27236,synthetic-02206,159,true
2026-07-07,20:00,X,Important skills every student should learn,Education,Informational,1734,174,169,239,46214,synthetic-02207,10,true
2026-03-04,21:00,X,How AI is changing the way we work,AI,Educational,1226,135,77,264,31653,synthetic-02208,50,true
2026-04-05,08:00,Facebook,Latest AI trends you should know,AI,Educational,478,58,36,62,6643,synthetic-02209,147,true
2026-09-06,10:30,Instagram,New product update is now available,Product,Informational,2357,132,270,565,55102,synthetic-02210,169,true
2026-06-02,20:30,Facebook,Important skills every student should learn,Education,Entertainment,814,39,85,212,11478,synthetic-02211,99,true
2026-03-11,09:00,Instagram,Top Python mistakes beginners make,Python,Promotional,2599,197,342,509,42314,synthetic-02212,22,true
2026-05-04,17:00,Instagram,5 useful AI tools for students,AI,Entertainment,3974,212,260,882,41221,synthetic-02213,186,true
2026-08-17,09:30,LinkedIn,How to learn technical skills faster,Education,Educational,468,64,49,45,17538,synthetic-02214,40,true
2026-04-30,08:30,Instagram,New product update is now available,Product,Entertainment,969,119,80,270,20898,synthetic-02215,31,true
2026-01-18,14:30,LinkedIn,5 useful AI tools for students,AI,Promotional,440,36,35,45,26205,synthetic-02216,108,true
2026-08-05,12:30,Facebook,How our new feature improves productivity,Product,Promotional,2337,234,326,505,51616,synthetic-02217,36,true
2026-05-05,21:00,Instagram,5 ways to improve your study routine,Education,Educational,966,36,79,117,16734,synthetic-02218,72,true
2026-06-10,09:00,LinkedIn,Social media tips for better engagement,Marketing,Informational,848,56,52,132,37263,synthetic-02219,26,true
2026-06-18,09:00,Instagram,Beginner guide to artificial intelligence,AI,Educational,1565,158,189,317,39334,synthetic-02220,101,true
2026-02-28,21:30,Facebook,Learn Python functions with simple examples,Python,Informational,978,68,112,209,42279,synthetic-02221,78,true
2026-09-03,14:30,X,Python tricks that save coding time,Python,Educational,1709,76,151,360,41573,synthetic-02222,107,true
2026-02-20,21:00,Instagram,The future of technology explained,Technology,Entertainment,920,50,86,86,11666,synthetic-02223,47,true
2026-05-06,17:00,LinkedIn,Content ideas that attract more viewers,Marketing,Promotional,1808,208,245,388,45923,synthetic-02224,12,true
2026-04-12,19:30,X,Simple marketing strategies for beginners,Marketing,Informational,319,14,12,60,13384,synthetic-02225,15,true
2026-05-27,10:00,Facebook,See what is new in our latest release,Product,Educational,722,38,45,134,17788,synthetic-02226,43,true
2026-05-26,20:30,Instagram,Simple study tips for better results,Education,Entertainment,1117,78,46,199,22256,synthetic-02227,152,true
2026-02-20,14:30,LinkedIn,Our new dashboard feature is live,Product,Informational,602,73,43,95,15821,synthetic-02228,119,true
2026-09-01,12:00,Facebook,Latest AI trends you should know,AI,Entertainment,862,74,121,155,11839,synthetic-02229,140,true
2026-01-11,09:30,Facebook,Our new dashboard feature is live,Product,Promotional,239,22,31,28,14853,synthetic-02230,131,true
2026-04-06,21:30,Instagram,How our new feature improves productivity,Product,Informational,3318,343,242,492,43994,synthetic-02231,35,true
2026-05-25,19:30,X,Python tricks that save coding time,Python,Promotional,531,49,21,109,27701,synthetic-02232,171,true
2026-02-10,12:00,Instagram,Learn Python functions with simple examples,Python,Promotional,502,40,59,131,10337,synthetic-02233,181,true
2026-08-22,17:30,LinkedIn,Latest AI trends you should know,AI,Promotional,355,39,33,101,11452,synthetic-02234,175,true
2026-08-30,12:00,Facebook,Latest AI trends you should know,AI,Entertainment,907,68,123,153,12013,synthetic-02235,140,true
2026-03-13,20:30,Instagram,How AI is changing the way we work,AI,Promotional,929,59,120,218,20914,synthetic-02236,2,true
2026-05-28,10:30,X,5 Python tips every beginner should know,Python,Informational,1355,165,152,187,44405,synthetic-02237,172,true
2026-08-29,12:00,Instagram,Simple marketing strategies for beginners,Marketing,Educational,2376,106,118,663,36493,synthetic-02238,197,true
2026-07-08,14:30,X,Technology trends to watch this year,Technology,Informational,941,96,66,96,23105,synthetic-02239,148,true
2025-12-23,12:00,X,How our new feature improves productivity,Product,Entertainment,1368,89,190,336,37835,synthetic-02240,180,true
2026-04-11,09:00,Instagram,5 Python tips every beginner should know,Python,Promotional,749,46,79,99,29895,synthetic-02241,16,true
2026-02-22,12:00,Facebook,How to create engaging social media posts,Marketing,Educational,1191,111,91,193,30304,synthetic-02242,5,true
2026-07-19,10:00,X,Best learning habits for students,Education,Entertainment,1258,76,136,315,47412,synthetic-02243,124,true
2026-05-24,20:30,LinkedIn,Learn Python functions with simple examples,Python,Entertainment,1645,189,161,469,35811,synthetic-02244,41,true
2026-07-24,20:00,X,Important skills every student should learn,Education,Informational,1712,171,168,232,44782,synthetic-02245,10,true
2026-03-31,21:00,X,How AI is changing the way we work,AI,Educational,1488,153,81,295,34395,synthetic-02246,50,true
2026-04-22,10:00,Facebook,Ways to grow your online audience,Marketing,Informational,584,45,45,97,23214,synthetic-02247,3,true
2026-04-06,19:30,X,Content ideas that attract more viewers,Marketing,Promotional,208,21,16,36,16777,synthetic-02248,17,true
2026-09-25,18:00,Instagram,Product update: new tools for users,Product,Educational,2061,233,159,343,25520,synthetic-02249,153,true
2026-02-01,12:00,Facebook,Simple marketing strategies for beginners,Marketing,Promotional,739,74,77,121,33992,synthetic-02250,173,true
2026-06-20,19:00,Instagram,Simple marketing strategies for beginners,Marketing,Promotional,2795,224,373,341,47945,synthetic-02251,89,true
2026-08-08,14:00,Facebook,How to learn technical skills faster,Education,Informational,553,30,60,134,10886,synthetic-02252,166,true
2026-05-18,09:00,LinkedIn,Content ideas that attract more viewers,Marketing,Entertainment,1301,74,70,120,44201,synthetic-02253,65,true
2026-02-03,21:00,Instagram,Ways to grow your online audience,Marketing,Entertainment,2188,115,175,342,37073,synthetic-02254,135,true
2026-05-21,09:00,LinkedIn,Content ideas that attract more viewers,Marketing,Entertainment,1201,72,67,112,38854,synthetic-02255,65,true
2026-02-08,10:00,LinkedIn,Python tricks that save coding time,Python,Promotional,1642,142,162,132,51984,synthetic-02256,1,true
2026-04-05,12:00,Facebook,Important skills every student should learn,Education,Entertainment,1876,208,276,231,23927,synthetic-02257,123,true
2026-02-19,08:00,Facebook,Latest AI trends you should know,AI,Educational,539,60,35,65,7847,synthetic-02258,147,true
2026-09-11,17:30,LinkedIn,Beginner guide to modern technology,Technology,Entertainment,397,46,41,67,6690,synthetic-02259,136,true
2026-03-24,17:30,LinkedIn,5 ways to improve your study routine,Education,Entertainment,1379,74,122,320,35342,synthetic-02260,100,true
2026-08-10,09:30,Facebook,AI tools that save you 10 hours a week,AI,Informational,1159,90,116,304,39011,synthetic-02261,103,true
2026-01-28,10:00,LinkedIn,New product update is now available,Product,Informational,2675,134,217,702,56021,synthetic-02262,95,true
2026-07-07,10:00,Instagram,How technology is changing daily life,Technology,Promotional,703,69,57,183,34619,synthetic-02263,142,true
2026-06-04,21:00,X,Important skills every student should learn,Education,Promotional,829,58,68,189,26117,synthetic-02264,156,true
2026-04-20,20:30,Instagram,How to create engaging social media posts,Marketing,Informational,900,61,78,242,24447,synthetic-02265,190,true
2026-02-23,18:30,Instagram,AI tools that save you 10 hours a week,AI,Promotional,1374,94,149,331,37863,synthetic-02266,105,true
2026-03-13,18:00,X,How to create engaging social media posts,Marketing,Promotional,603,63,77,101,20813,synthetic-02267,76,true
2026-04-16,09:00,Instagram,Top Python mistakes beginners make,Python,Promotional,2793,213,390,623,52951,synthetic-02268,22,true
2026-05-01,20:00,Instagram,Simple marketing strategies for beginners,Marketing,Promotional,581,36,83,140,15063,synthetic-02269,6,true
2026-07-08,18:30,Facebook,Simple study tips for better results,Education,Informational,2231,187,231,281,42409,synthetic-02270,45,true
2026-05-27,09:30,Facebook,Beginner guide to modern technology,Technology,Educational,540,38,27,170,20495,synthetic-02271,27,true
2026-01-15,10:30,Facebook,5 Python tips every beginner should know,Python,Promotional,473,31,25,66,13165,synthetic-02272,128,true
2026-07-13,12:30,X,Beginner guide to modern technology,Technology,Educational,1585,160,186,442,34783,synthetic-02273,44,true
2026-07-25,09:00,LinkedIn,Top Python mistakes beginners make,Python,Informational,1217,60,160,294,38133,synthetic-02274,179,true
2026-04-02,18:30,Facebook,Product update: new tools for users,Product,Educational,1396,183,147,149,36193,synthetic-02275,154,true
2026-02-26,19:30,Facebook,5 useful AI tools for students,AI,Promotional,1887,218,182,462,42379,synthetic-02276,25,true
2026-04-22,18:30,X,How our new feature improves productivity,Product,Educational,2178,168,132,435,51843,synthetic-02277,46,true
2026-01-25,17:00,X,Best learning habits for students,Education,Informational,428,42,31,134,18330,synthetic-02278,69,true
2026-05-29,19:00,X,5 technologies shaping the future,Technology,Informational,833,40,74,123,32764,synthetic-02279,157,true
2025-12-26,12:00,X,How our new feature improves productivity,Product,Entertainment,1214,77,179,308,39761,synthetic-02280,180,true
2026-05-25,19:00,X,5 technologies shaping the future,Technology,Informational,841,41,70,130,35341,synthetic-02281,157,true
2026-04-18,17:00,Instagram,5 useful AI tools for students,AI,Entertainment,3831,218,268,955,46622,synthetic-02282,186,true
2026-08-09,09:30,LinkedIn,Ways to grow your online audience,Marketing,Promotional,147,6,9,13,7262,synthetic-02283,132,true
2026-03-24,21:30,Facebook,Learn Python functions with simple examples,Python,Informational,1220,82,127,219,47414,synthetic-02284,78,true
2026-02-11,10:00,LinkedIn,Python tricks that save coding time,Python,Promotional,1323,124,145,115,42884,synthetic-02285,1,true
2026-02-21,10:00,Facebook,Best learning habits for students,Education,Informational,2074,167,87,215,45155,synthetic-02286,155,true
2026-03-15,08:00,Facebook,Latest AI trends you should know,AI,Educational,536,57,37,72,8106,synthetic-02287,147,true
2026-03-15,14:30,Instagram,5 useful AI tools for students,AI,Educational,2672,162,266,661,26603,synthetic-02288,51,true
2026-09-20,19:30,Facebook,5 technologies shaping the future,Technology,Entertainment,902,64,48,192,13219,synthetic-02289,191,true
2026-09-05,08:30,LinkedIn,Learn Python functions with simple examples,Python,Informational,191,19,20,53,5044,synthetic-02290,34,true
2026-02-01,10:00,LinkedIn,New product update is now available,Product,Informational,2248,117,166,547,45798,synthetic-02291,95,true
2026-04-29,21:30,X,How AI is changing the way we work,AI,Informational,507,32,39,75,12504,synthetic-02292,59,true
2026-08-17,12:00,Facebook,Latest AI trends you should know,AI,Entertainment,937,72,134,153,12226,synthetic-02293,140,true
2026-03-07,21:00,Instagram,Ways to grow your online audience,Marketing,Entertainment,2462,127,196,347,43800,synthetic-02294,135,true
2026-04-18,08:30,Instagram,Best learning habits for students,Education,Entertainment,2123,159,106,288,35906,synthetic-02295,126,true
2026-03-11,10:30,Instagram,Our new dashboard feature is live,Product,Informational,867,81,80,153,10972,synthetic-02296,60,true
2026-04-18,08:00,Facebook,Latest AI trends you should know,AI,Educational,510,54,33,62,6592,synthetic-02297,147,true
2026-01-15,18:30,LinkedIn,Beginner guide to artificial intelligence,AI,Educational,1136,152,157,303,18426,synthetic-02298,167,true
2026-03-19,18:30,X,How our new feature improves productivity,Product,Entertainment,726,63,110,148,19601,synthetic-02299,134,true
2026-05-26,19:00,X,5 technologies shaping the future,Technology,Informational,899,44,70,119,33693,synthetic-02300,157,true
2026-07-12,17:00,Facebook,How to learn technical skills faster,Education,Educational,978,74,54,83,31677,synthetic-02301,150,true
2026-03-12,09:30,LinkedIn,Simple study tips for better results,Education,Informational,445,36,50,75,12610,synthetic-02302,77,true
2026-08-22,20:30,LinkedIn,Social media tips for better engagement,Marketing,Promotional,1338,93,203,230,53048,synthetic-02303,160,true
2026-05-18,09:00,LinkedIn,Social media tips for better engagement,Marketing,Informational,886,56,53,145,35935,synthetic-02304,26,true
2026-07-19,12:30,X,Simple marketing strategies for beginners,Marketing,Informational,744,53,58,107,38600,synthetic-02305,83,true
2026-03-23,10:00,X,Best learning habits for students,Education,Educational,1928,111,240,559,36981,synthetic-02306,165,true
2026-08-16,09:30,Facebook,AI tools that save you 10 hours a week,AI,Informational,1231,101,135,327,41863,synthetic-02307,103,true
2026-08-29,14:30,X,Technology trends to watch this year,Technology,Informational,744,74,52,75,19861,synthetic-02308,148,true
2026-02-02,09:30,LinkedIn,Easy Python projects for students,Python,Educational,1781,147,148,248,37288,synthetic-02309,106,true
2026-02-16,21:00,Instagram,5 useful AI tools for students,AI,Promotional,2005,127,210,402,31584,synthetic-02310,198,true
2026-07-03,21:30,Facebook,5 Python tips every beginner should know,Python,Promotional,152,11,17,21,7246,synthetic-02311,33,true
2026-02-06,19:30,Instagram,Simple marketing strategies for beginners,Marketing,Promotional,754,69,78,137,24623,synthetic-02312,68,true
2026-05-23,08:30,LinkedIn,Python tricks that save coding time,Python,Promotional,1078,54,116,192,33550,synthetic-02313,127,true
2026-08-09,10:30,X,Our new dashboard feature is live,Product,Informational,501,31,37,101,20249,synthetic-02314,55,true
2026-03-20,21:00,Instagram,How AI is changing the way we work,AI,Entertainment,4309,225,379,572,41006,synthetic-02315,81,true
2025-12-30,21:00,Instagram,5 useful AI tools for students,AI,Promotional,2090,146,229,424,37550,synthetic-02316,198,true
2026-08-30,17:30,LinkedIn,Latest AI trends you should know,AI,Promotional,368,38,33,100,11462,synthetic-02317,175,true
2026-06-23,08:30,LinkedIn,Python tricks that save coding time,Python,Promotional,1079,54,126,185,35678,synthetic-02318,127,true
2026-03-20,20:00,Instagram,Important skills every student should learn,Education,Educational,1143,78,133,183,26528,synthetic-02319,145,true
2026-06-15,08:00,X,Beginner guide to modern technology,Technology,Informational,584,67,80,98,22316,synthetic-02320,133,true
2026-05-24,10:00,X,How technology is changing daily life,Technology,Promotional,1194,66,104,199,38720,synthetic-02321,122,true
2026-06-16,09:00,Instagram,Beginner guide to artificial intelligence,AI,Educational,1271,138,172,275,34442,synthetic-02322,101,true
2026-04-05,09:00,X,Ways to grow your online audience,Marketing,Educational,523,66,55,61,14382,synthetic-02323,28,true
2026-03-17,17:00,Facebook,Python tricks that save coding time,Python,Educational,1720,83,211,463,50129,synthetic-02324,29,true
2026-04-27,19:30,X,Simple marketing strategies for beginners,Marketing,Informational,305,14,12,62,13816,synthetic-02325,15,true
2026-02-01,19:30,Facebook,5 useful AI tools for students,AI,Promotional,2011,226,188,452,40978,synthetic-02326,25,true
2026-08-05,12:00,Facebook,Latest AI trends you should know,AI,Entertainment,1216,93,158,211,15384,synthetic-02327,140,true
2026-08-08,09:30,LinkedIn,How AI is changing the way we work,AI,Promotional,303,26,36,60,11335,synthetic-02328,121,true
2026-07-17,12:30,X,Simple marketing strategies for beginners,Marketing,Informational,668,48,48,94,36004,synthetic-02329,83,true
2025-12-03,10:00,LinkedIn,New product update is now available,Product,Informational,2484,119,193,634,49316,synthetic-02330,95,true
2026-02-17,19:00,X,Beginner guide to artificial intelligence,AI,Entertainment,1301,95,166,339,31375,synthetic-02331,149,true
2026-02-18,12:00,Instagram,Learn Python functions with simple examples,Python,Promotional,532,37,59,144,11225,synthetic-02332,181,true
2026-03-08,10:30,Instagram,Our new dashboard feature is live,Product,Informational,962,87,92,173,12565,synthetic-02333,60,true
2026-06-08,12:30,X,Beginner guide to modern technology,Technology,Educational,1312,122,152,365,24768,synthetic-02334,44,true
2026-08-27,12:30,Facebook,How our new feature improves productivity,Product,Promotional,2281,212,302,452,47494,synthetic-02335,36,true
2026-09-18,21:30,LinkedIn,Simple study tips for better results,Education,Informational,1666,77,119,191,54340,synthetic-02336,71,true
2026-05-06,20:30,LinkedIn,Learn Python functions with simple examples,Python,Entertainment,1465,156,147,370,29344,synthetic-02337,41,true
2026-04-08,19:30,X,Python tricks that save coding time,Python,Promotional,515,54,23,112,28530,synthetic-02338,171,true
2026-08-21,09:00,X,Social media tips for better engagement,Marketing,Entertainment,910,43,64,222,21720,synthetic-02339,98,true
2026-04-29,20:00,Facebook,Social media tips for better engagement,Marketing,Educational,1875,80,153,319,26185,synthetic-02340,130,true
2026-01-02,14:30,Instagram,Product update: new tools for users,Product,Informational,2751,217,386,686,44084,synthetic-02341,168,true
2026-03-02,08:30,Facebook,How to learn technical skills faster,Education,Educational,340,26,19,69,8691,synthetic-02342,80,true
2026-07-02,09:00,LinkedIn,Top Python mistakes beginners make,Python,Informational,1137,63,181,321,36790,synthetic-02343,179,true
2026-07-27,18:30,Facebook,Simple study tips for better results,Education,Informational,2413,211,268,316,47896,synthetic-02344,45,true
2026-02-19,08:30,Facebook,How to learn technical skills faster,Education,Educational,316,23,18,63,7674,synthetic-02345,80,true
2025-12-20,10:00,LinkedIn,New product update is now available,Product,Informational,2485,125,214,667,50977,synthetic-02346,95,true
2026-03-08,18:00,X,How to create engaging social media posts,Marketing,Promotional,678,76,94,115,23542,synthetic-02347,76,true
2026-05-08,17:30,Instagram,Python tricks that save coding time,Python,Educational,3163,277,251,865,55127,synthetic-02348,52,true
2026-04-27,21:30,Instagram,How our new feature improves productivity,Product,Informational,3409,353,261,495,47412,synthetic-02349,35,true
2026-03-13,18:00,LinkedIn,Ways to grow your online audience,Marketing,Promotional,1001,64,88,222,49741,synthetic-02350,188,true
2026-10-09,17:30,LinkedIn,Latest AI trends you should know,AI,Promotional,359,34,32,96,11000,synthetic-02351,175,true
2026-08-11,18:00,Facebook,Ways to grow your online audience,Marketing,Educational,811,107,70,192,22977,synthetic-02352,110,true
2026-02-26,20:00,Instagram,Important skills every student should learn,Education,Educational,1176,86,146,179,28712,synthetic-02353,145,true
2026-05-23,12:30,LinkedIn,Technology trends to watch this year,Technology,Educational,1473,98,140,374,33206,synthetic-02354,56,true
2026-01-22,12:00,Instagram,Content ideas that attract more viewers,Marketing,Informational,1575,64,105,439,52476,synthetic-02355,49,true
2026-04-12,08:30,Instagram,Simple marketing strategies for beginners,Marketing,Promotional,1081,62,148,299,34789,synthetic-02356,7,true
2026-07-30,08:30,LinkedIn,Best learning habits for students,Education,Informational,286,22,20,54,9599,synthetic-02357,163,true
2026-09-12,12:00,Facebook,5 Python tips every beginner should know,Python,Informational,1339,164,68,236,23553,synthetic-02358,13,true
2026-09-27,08:30,LinkedIn,Learn Python functions with simple examples,Python,Informational,158,18,19,45,4404,synthetic-02359,34,true
2026-05-19,09:30,Facebook,The future of technology explained,Technology,Entertainment,1451,171,133,270,20269,synthetic-02360,66,true
2026-06-10,08:00,LinkedIn,Simple marketing strategies for beginners,Marketing,Educational,1331,157,69,325,32668,synthetic-02361,139,true
2026-02-27,09:30,LinkedIn,Simple study tips for better results,Education,Informational,442,35,52,70,11568,synthetic-02362,77,true
2026-07-17,09:30,Facebook,Learn Python functions with simple examples,Python,Promotional,424,41,41,36,10723,synthetic-02363,93,true
2026-06-02,08:30,LinkedIn,Python tricks that save coding time,Python,Promotional,1266,64,156,236,41528,synthetic-02364,127,true
2026-04-16,08:30,Instagram,Best learning habits for students,Education,Entertainment,2097,161,100,254,32146,synthetic-02365,126,true
2026-02-11,21:00,Instagram,The future of technology explained,Technology,Entertainment,696,38,66,67,8895,synthetic-02366,47,true
2026-04-10,10:30,X,5 Python tips every beginner should know,Python,Informational,1880,211,203,260,58906,synthetic-02367,172,true
2026-07-06,10:30,Facebook,Easy Python projects for students,Python,Educational,1269,59,112,212,45751,synthetic-02368,96,true
2026-08-09,09:00,X,Social media tips for better engagement,Marketing,Entertainment,1062,49,68,231,23528,synthetic-02369,98,true
2026-03-05,08:30,X,Product update: new tools for users,Product,Informational,967,71,133,173,32269,synthetic-02370,200,true
2026-05-12,17:00,Instagram,5 useful AI tools for students,AI,Entertainment,3138,171,217,674,32908,synthetic-02371,186,true
2026-05-03,21:00,Instagram,How AI is changing the way we work,AI,Entertainment,4282,207,372,533,40121,synthetic-02372,81,true
2026-01-21,19:30,Instagram,Simple marketing strategies for beginners,Marketing,Promotional,652,59,74,119,21822,synthetic-02373,68,true
2026-06-08,19:00,X,Python tricks that save coding time,Python,Promotional,786,77,73,78,21184,synthetic-02374,11,true
2026-05-22,09:30,Instagram,Learn Python functions with simple examples,Python,Entertainment,4120,487,435,1000,51790,synthetic-02375,4,true
2026-04-28,20:30,LinkedIn,Learn Python functions with simple examples,Python,Entertainment,1664,161,160,414,31263,synthetic-02376,41,true
2025-12-15,08:00,X,5 ways to improve your study routine,Education,Informational,976,103,88,215,25189,synthetic-02377,64,true
2026-04-11,21:30,Facebook,Learn Python functions with simple examples,Python,Informational,1235,87,144,258,52412,synthetic-02378,78,true
2026-05-10,19:30,X,How to create engaging social media posts,Marketing,Informational,1705,193,113,182,35711,synthetic-02379,162,true
2026-07-20,10:00,X,Best learning habits for students,Education,Entertainment,994,61,101,250,39149,synthetic-02380,124,true
2026-05-14,10:00,Instagram,5 technologies shaping the future,Technology,Entertainment,832,54,91,119,11479,synthetic-02381,194,true
2026-02-20,14:30,Facebook,5 technologies shaping the future,Technology,Promotional,1020,69,56,285,25771,synthetic-02382,87,true
2025-12-16,18:30,Instagram,How to create engaging social media posts,Marketing,Educational,592,25,83,177,8703,synthetic-02383,177,true
2026-01-27,17:00,Instagram,Social media tips for better engagement,Marketing,Entertainment,986,80,52,109,20321,synthetic-02384,18,true
2026-02-02,12:00,Instagram,Content ideas that attract more viewers,Marketing,Informational,1370,56,88,343,44728,synthetic-02385,49,true
2026-05-13,21:00,Instagram,Easy Python projects for students,Python,Entertainment,2743,315,202,545,44787,synthetic-02386,62,true
2026-07-24,09:00,LinkedIn,New product update is now available,Product,Entertainment,303,16,37,66,10260,synthetic-02387,9,true
2026-01-22,17:00,Instagram,Social media tips for better engagement,Marketing,Entertainment,1214,106,69,149,22851,synthetic-02388,18,true
2026-03-28,19:30,LinkedIn,Social media tips for better engagement,Marketing,Entertainment,2917,265,302,589,43648,synthetic-02389,113,true
2026-03-21,20:00,Instagram,Simple marketing strategies for beginners,Marketing,Promotional,734,43,97,156,18042,synthetic-02390,6,true
2026-08-02,09:00,Instagram,Beginner guide to artificial intelligence,AI,Educational,1195,126,149,250,32665,synthetic-02391,101,true
2026-08-06,09:30,LinkedIn,Ways to grow your online audience,Marketing,Promotional,133,5,8,12,6521,synthetic-02392,132,true
2026-01-01,12:00,Instagram,Content ideas that attract more viewers,Marketing,Informational,1347,54,94,346,43963,synthetic-02393,49,true
2026-07-10,10:30,Facebook,Easy Python projects for students,Python,Educational,1346,62,121,224,43996,synthetic-02394,96,true
2026-07-15,19:00,X,Python tricks that save coding time,Python,Promotional,605,67,57,65,18325,synthetic-02395,11,true
2026-04-30,08:30,LinkedIn,Simple study tips for better results,Education,Entertainment,1532,168,108,353,21862,synthetic-02396,20,true
2026-03-13,21:00,Facebook,5 ways to improve your study routine,Education,Entertainment,2100,232,224,539,33716,synthetic-02397,91,true
2026-05-15,18:00,Facebook,The future of technology explained,Technology,Educational,844,100,114,185,34679,synthetic-02398,109,true
2026-01-14,18:30,Instagram,How to create engaging social media posts,Marketing,Educational,639,30,87,186,9577,synthetic-02399,177,true
2026-01-14,19:30,Facebook,5 useful AI tools for students,AI,Promotional,2090,250,218,486,47376,synthetic-02400,25,true
2026-03-12,17:00,X,Best learning habits for students,Education,Informational,466,44,31,123,16834,synthetic-02401,69,true
2026-06-18,18:30,Instagram,How our new feature improves productivity,Product,Informational,1994,197,136,532,44711,synthetic-02402,195,true
2026-07-09,18:00,X,Social media tips for better engagement,Marketing,Informational,919,61,94,120,27149,synthetic-02403,102,true
2026-05-09,20:30,X,Latest AI trends you should know,AI,Entertainment,348,17,49,58,9326,synthetic-02404,170,true
2026-02-20,19:00,X,Beginner guide to artificial intelligence,AI,Entertainment,1200,77,128,273,26915,synthetic-02405,149,true
2026-03-26,21:30,X,How AI is changing the way we work,AI,Informational,546,33,41,80,12162,synthetic-02406,59,true
2026-07-22,19:00,Instagram,Simple marketing strategies for beginners,Marketing,Promotional,2296,213,333,295,39701,synthetic-02407,89,true
2026-07-21,20:00,X,Important skills every student should learn,Education,Informational,2070,190,200,261,54868,synthetic-02408,10,true
2026-02-05,20:30,Instagram,How AI is changing the way we work,AI,Promotional,880,51,107,199,21796,synthetic-02409,2,true
2026-02-19,18:00,Facebook,Beginner guide to artificial intelligence,AI,Educational,1035,87,123,230,20628,synthetic-02410,88,true
2026-01-24,18:30,LinkedIn,Beginner guide to artificial intelligence,AI,Educational,1169,140,167,321,19405,synthetic-02411,167,true
2026-05-15,12:00,Facebook,Important skills every student should learn,Education,Entertainment,2049,221,282,252,26741,synthetic-02412,123,true
2026-06-12,09:30,X,See what is new in our latest release,Product,Entertainment,1571,122,135,350,30333,synthetic-02413,189,true
2026-06-13,09:00,LinkedIn,Content ideas that attract more viewers,Marketing,Entertainment,1244,76,63,104,39179,synthetic-02414,65,true
2026-02-12,08:30,Facebook,Beginner guide to modern technology,Technology,Promotional,461,50,60,79,14055,synthetic-02415,158,true
2026-04-17,08:00,Instagram,Technology trends to watch this year,Technology,Educational,1262,121,56,144,28147,synthetic-02416,192,true
2026-06-13,20:30,Instagram,Latest AI trends you should know,AI,Entertainment,401,22,27,117,6859,synthetic-02417,120,true
2026-07-04,10:30,Facebook,Easy Python projects for students,Python,Educational,1152,53,102,187,35978,synthetic-02418,96,true
2026-04-01,12:00,Facebook,Simple marketing strategies for beginners,Marketing,Promotional,617,66,70,111,31665,synthetic-02419,173,true
2026-07-01,18:30,Instagram,Learn Python functions with simple examples,Python,Promotional,904,111,113,124,37189,synthetic-02420,111,true
2026-02-20,20:30,Facebook,Simple marketing strategies for beginners,Marketing,Educational,1491,149,217,302,21092,synthetic-02421,141,true
2026-04-12,18:00,X,How to create engaging social media posts,Marketing,Promotional,640,63,81,102,21192,synthetic-02422,76,true
2026-08-02,12:30,Facebook,How our new feature improves productivity,Product,Promotional,2235,205,278,432,44848,synthetic-02423,36,true
2026-05-21,17:00,Instagram,5 useful AI tools for students,AI,Entertainment,3744,221,272,810,42499,synthetic-02424,186,true
2026-07-04,10:30,X,Our new dashboard feature is live,Product,Informational,470,29,34,99,18800,synthetic-02425,55,true
2026-03-23,20:30,LinkedIn,Important skills every student should learn,Education,Educational,1675,76,255,468,36965,synthetic-02426,97,true
2026-02-08,20:00,LinkedIn,How technology is changing daily life,Technology,Entertainment,1019,97,149,277,22155,synthetic-02427,14,true
2026-05-24,17:30,LinkedIn,AI tools that save you 10 hours a week,AI,Entertainment,682,43,77,120,10454,synthetic-02428,32,true
2026-03-02,08:30,Facebook,Social media tips for better engagement,Marketing,Entertainment,384,25,47,47,12093,synthetic-02429,86,true
2026-02-04,19:30,Facebook,5 useful AI tools for students,AI,Promotional,1962,226,179,438,39766,synthetic-02430,25,true
2026-06-29,19:00,Instagram,Best learning habits for students,Education,Educational,724,62,38,110,10228,synthetic-02431,24,true
2026-06-18,12:30,X,Beginner guide to modern technology,Technology,Educational,1374,128,154,355,28116,synthetic-02432,44,true
2026-04-27,20:30,LinkedIn,Learn Python functions with simple examples,Python,Entertainment,1764,195,160,461,36805,synthetic-02433,41,true
2026-06-13,19:00,Instagram,Best learning habits for students,Education,Educational,579,46,32,88,8432,synthetic-02434,24,true
2026-02-02,12:00,Facebook,Simple marketing strategies for beginners,Marketing,Promotional,813,80,81,140,36466,synthetic-02435,173,true
2026-07-30,20:00,X,Important skills every student should learn,Education,Informational,2010,210,196,300,53507,synthetic-02436,10,true
2026-05-23,21:00,Facebook,Learn Python functions with simple examples,Python,Educational,2717,307,384,745,43411,synthetic-02437,84,true
2026-05-31,20:30,Facebook,Important skills every student should learn,Education,Entertainment,777,42,86,218,11064,synthetic-02438,99,true
2026-04-23,12:00,Facebook,Important skills every student should learn,Education,Entertainment,2313,256,323,273,28067,synthetic-02439,123,true
2026-05-06,20:30,Instagram,How to create engaging social media posts,Marketing,Informational,992,69,78,269,26910,synthetic-02440,190,true
2026-04-10,09:30,LinkedIn,Simple study tips for better results,Education,Informational,350,29,41,63,9642,synthetic-02441,77,true
2026-02-24,09:30,LinkedIn,Easy Python projects for students,Python,Educational,1587,138,136,213,32526,synthetic-02442,106,true
2026-06-30,18:30,Instagram,Learn Python functions with simple examples,Python,Promotional,823,96,103,107,35936,synthetic-02443,111,true
2026-06-01,08:30,LinkedIn,Python tricks that save coding time,Python,Promotional,1273,63,142,227,40663,synthetic-02444,127,true
2026-02-14,08:30,X,Product update: new tools for users,Product,Informational,1157,78,169,200,36327,synthetic-02445,200,true
2026-04-20,20:00,Instagram,Simple marketing strategies for beginners,Marketing,Promotional,552,36,79,132,14262,synthetic-02446,6,true
2026-01-22,09:00,Facebook,Ways to grow your online audience,Marketing,Entertainment,591,40,54,59,7940,synthetic-02447,90,true
2026-06-04,12:30,Instagram,Ways to grow your online audience,Marketing,Educational,1750,143,88,390,22250,synthetic-02448,79,true
2025-12-11,09:30,Facebook,Our new dashboard feature is live,Product,Promotional,229,19,29,25,13536,synthetic-02449,131,true
2026-04-10,19:00,Instagram,AI tools that save you 10 hours a week,AI,Promotional,1354,141,87,320,35951,synthetic-02450,39,true
2026-01-06,10:00,LinkedIn,New product update is now available,Product,Informational,2083,110,160,511,39676,synthetic-02451,95,true
2026-08-21,09:30,LinkedIn,How to learn technical skills faster,Education,Educational,560,68,53,49,18729,synthetic-02452,40,true
2026-04-23,20:00,Instagram,Simple marketing strategies for beginners,Marketing,Promotional,621,38,85,138,15084,synthetic-02453,6,true
2026-07-07,14:00,Facebook,The future of technology explained,Technology,Promotional,1495,126,104,322,48812,synthetic-02454,183,true
2026-06-15,19:00,Instagram,Best learning habits for students,Education,Educational,689,56,38,110,9329,synthetic-02455,24,true
2026-06-24,09:30,Facebook,Learn Python functions with simple examples,Python,Promotional,419,43,45,35,12040,synthetic-02456,93,true
2026-03-09,09:00,Instagram,Top Python mistakes beginners make,Python,Promotional,3079,232,464,655,56307,synthetic-02457,22,true
2026-08-15,21:30,LinkedIn,Simple study tips for better results,Education,Informational,1389,63,101,161,44436,synthetic-02458,71,true
2026-05-20,18:30,X,How our new feature improves productivity,Product,Educational,2222,179,137,421,54426,synthetic-02459,46,true
2026-03-26,20:30,X,Latest AI trends you should know,AI,Entertainment,342,17,48,59,9893,synthetic-02460,170,true
2026-04-20,18:30,Facebook,Product update: new tools for users,Product,Educational,1533,201,168,167,39483,synthetic-02461,154,true
2026-07-05,20:00,LinkedIn,How AI is changing the way we work,AI,Educational,1389,163,106,161,47644,synthetic-02462,94,true
2026-04-16,19:30,LinkedIn,Social media tips for better engagement,Marketing,Entertainment,3200,310,366,692,55249,synthetic-02463,113,true
2026-03-24,18:00,LinkedIn,Ways to grow your online audience,Marketing,Promotional,832,57,81,192,42262,synthetic-02464,188,true
2026-01-21,14:30,Instagram,Product update: new tools for users,Product,Informational,3259,258,431,793,54206,synthetic-02465,168,true
2025-12-31,17:00,Instagram,Social media tips for better engagement,Marketing,Entertainment,1025,96,56,118,21869,synthetic-02466,18,true
2026-09-29,08:00,Facebook,How AI is changing the way we work,AI,Promotional,382,33,34,101,22500,synthetic-02467,21,true
2026-06-18,08:00,LinkedIn,Simple marketing strategies for beginners,Marketing,Educational,1447,185,80,369,34857,synthetic-02468,139,true
2026-10-02,12:00,Facebook,5 Python tips every beginner should know,Python,Informational,1205,140,54,209,20592,synthetic-02469,13,true
2026-06-11,18:00,X,Social media tips for better engagement,Marketing,Informational,760,58,75,103,22962,synthetic-02470,102,true
2026-02-26,10:00,X,Best learning habits for students,Education,Educational,2165,110,227,586,40094,synthetic-02471,165,true
2026-05-24,17:30,Instagram,Python tricks that save coding time,Python,Educational,2827,235,234,800,50426,synthetic-02472,52,true
2026-02-25,20:00,LinkedIn,How technology is changing daily life,Technology,Entertainment,1169,102,158,308,23109,synthetic-02473,14,true
2026-07-19,09:00,LinkedIn,Top Python mistakes beginners make,Python,Informational,1102,56,164,306,35925,synthetic-02474,179,true
2026-04-20,12:00,X,Social media tips for better engagement,Marketing,Entertainment,238,28,14,65,9134,synthetic-02475,182,true
2026-07-10,09:00,LinkedIn,Top Python mistakes beginners make,Python,Informational,1531,77,212,397,46889,synthetic-02476,179,true
2026-03-26,09:30,LinkedIn,Simple study tips for better results,Education,Informational,445,38,57,78,12127,synthetic-02477,77,true
2026-05-16,20:30,Instagram,Simple study tips for better results,Education,Entertainment,969,67,43,177,19443,synthetic-02478,152,true
2026-08-20,19:00,LinkedIn,Learn Python functions with simple examples,Python,Entertainment,1631,183,194,261,34077,synthetic-02479,176,true
2026-07-18,20:30,Instagram,Latest AI trends you should know,AI,Entertainment,341,17,22,92,5105,synthetic-02480,120,true
2026-05-04,14:30,LinkedIn,Beginner guide to modern technology,Technology,Educational,565,64,68,79,10805,synthetic-02481,38,true
2026-09-13,19:00,Facebook,How AI is changing the way we work,AI,Promotional,1187,97,124,209,43798,synthetic-02482,185,true
2026-06-30,17:00,Facebook,How to learn technical skills faster,Education,Educational,1288,99,69,115,37693,synthetic-02483,150,true
2026-05-26,21:30,Facebook,5 Python tips every beginner should know,Python,Promotional,146,11,18,21,7707,synthetic-02484,33,true
2026-03-14,09:30,LinkedIn,Easy Python projects for students,Python,Educational,1478,124,124,195,28358,synthetic-02485,106,true
2026-05-05,14:00,Instagram,Important skills every student should learn,Education,Informational,2690,258,223,495,38226,synthetic-02486,37,true
2026-08-28,10:30,Instagram,New product update is now available,Product,Informational,1908,100,217,484,43224,synthetic-02487,169,true
2025-12-14,14:30,LinkedIn,5 useful AI tools for students,AI,Promotional,375,33,36,42,24009,synthetic-02488,108,true
2026-06-30,14:30,LinkedIn,Latest AI trends you should know,AI,Educational,1713,158,239,245,29701,synthetic-02489,74,true
2026-01-21,19:30,Facebook,5 useful AI tools for students,AI,Promotional,2483,273,226,508,50540,synthetic-02490,25,true
2026-08-14,17:30,LinkedIn,Beginner guide to modern technology,Technology,Promotional,599,51,58,118,17961,synthetic-02491,151,true
2026-09-11,08:00,X,AI tools that save you 10 hours a week,AI,Educational,494,58,28,90,9832,synthetic-02492,19,true
2026-02-21,18:30,Instagram,AI tools that save you 10 hours a week,AI,Promotional,1160,85,135,266,33565,synthetic-02493,105,true
2026-07-03,20:30,Instagram,Latest AI trends you should know,AI,Entertainment,360,21,24,107,6270,synthetic-02494,120,true
2026-10-05,20:30,Facebook,Our new dashboard feature is live,Product,Promotional,529,48,26,109,13869,synthetic-02495,146,true
2026-07-27,17:30,X,New product update is now available,Product,Informational,847,103,56,85,21295,synthetic-02496,48,true
2026-04-28,09:00,LinkedIn,Content ideas that attract more viewers,Marketing,Entertainment,1514,105,89,148,54778,synthetic-02497,65,true
2026-01-04,18:30,LinkedIn,Beginner guide to artificial intelligence,AI,Educational,1162,130,163,314,19555,synthetic-02498,167,true
2026-07-26,12:00,Facebook,Latest AI trends you should know,AI,Entertainment,997,83,140,167,13210,synthetic-02499,140,true
2026-04-26,08:30,Instagram,New product update is now available,Product,Entertainment,861,112,69,228,18372,synthetic-02500,31,true
2025-12-29,17:00,Facebook,Simple study tips for better results,Education,Informational,2082,255,82,592,35370,synthetic-02501,70,true
2026-03-25,21:30,Facebook,Learn Python functions with simple examples,Python,Informational,1352,99,160,273,54083,synthetic-02502,78,true
2026-04-23,09:30,Facebook,Beginner guide to modern technology,Technology,Educational,620,40,35,178,22801,synthetic-02503,27,true
2026-01-11,19:00,X,Beginner guide to artificial intelligence,AI,Entertainment,1196,77,136,275,28141,synthetic-02504,149,true
2026-06-27,21:30,Facebook,5 Python tips every beginner should know,Python,Promotional,159,11,19,22,8465,synthetic-02505,33,true
2026-01-27,14:30,Instagram,5 technologies shaping the future,Technology,Promotional,984,52,51,229,27161,synthetic-02506,104,true
2026-06-01,20:30,Instagram,Latest AI trends you should know,AI,Entertainment,346,18,22,101,5977,synthetic-02507,120,true
2026-09-15,12:00,Facebook,5 Python tips every beginner should know,Python,Informational,1249,169,63,231,23347,synthetic-02508,13,true
2026-02-10,09:30,Instagram,Simple marketing strategies for beginners,Marketing,Informational,971,119,141,216,24917,synthetic-02509,118,true
2026-09-06,20:00,X,5 Python tips every beginner should know,Python,Educational,459,17,36,90,15549,synthetic-02510,129,true
2026-10-05,14:30,X,Python tricks that save coding time,Python,Educational,1535,60,115,297,36421,synthetic-02511,107,true
2026-07-31,18:00,Instagram,Product update: new tools for users,Product,Educational,1892,202,150,330,23193,synthetic-02512,153,true
2026-07-01,09:00,LinkedIn,Social media tips for better engagement,Marketing,Informational,941,61,54,144,37268,synthetic-02513,26,true
2026-03-03,09:30,LinkedIn,Easy Python projects for students,Python,Educational,1562,144,150,215,32571,synthetic-02514,106,true
2026-08-18,12:00,Facebook,Latest AI trends you should know,AI,Entertainment,1029,86,143,174,14284,synthetic-02515,140,true
2026-02-12,18:30,LinkedIn,Beginner guide to artificial intelligence,AI,Educational,867,110,128,244,16033,synthetic-02516,167,true
2026-10-09,20:30,Facebook,Our new dashboard feature is live,Product,Promotional,423,41,21,93,12404,synthetic-02517,146,true
2026-05-18,12:00,Facebook,Important skills every student should learn,Education,Entertainment,2360,254,317,268,26742,synthetic-02518,123,true
2026-04-11,20:00,X,Social media tips for better engagement,Marketing,Informational,266,19,29,58,9407,synthetic-02519,82,true
2026-05-26,20:30,LinkedIn,Learn Python functions with simple examples,Python,Entertainment,2008,191,173,504,39008,synthetic-02520,41,true
2026-01-29,12:30,LinkedIn,Easy Python projects for students,Python,Entertainment,1689,64,223,479,23404,synthetic-02521,187,true
2026-02-14,18:00,LinkedIn,Ways to grow your online audience,Marketing,Promotional,787,52,66,171,34831,synthetic-02522,188,true
2026-05-08,21:30,Instagram,How our new feature improves productivity,Product,Informational,3284,358,248,487,43786,synthetic-02523,35,true
2026-03-22,17:00,Facebook,Python tricks that save coding time,Python,Educational,1604,87,215,462,48077,synthetic-02524,29,true
2026-01-23,19:30,Instagram,Simple marketing strategies for beginners,Marketing,Promotional,718,63,77,140,23410,synthetic-02525,68,true
2026-07-15,18:30,Facebook,Simple study tips for better results,Education,Informational,1822,157,203,245,35967,synthetic-02526,45,true
2026-05-01,21:30,Instagram,How our new feature improves productivity,Product,Informational,3598,358,266,565,47244,synthetic-02527,35,true
2026-04-29,08:30,Instagram,New product update is now available,Product,Entertainment,1130,142,86,283,21604,synthetic-02528,31,true
2026-04-26,17:30,LinkedIn,5 ways to improve your study routine,Education,Entertainment,1464,68,128,336,35927,synthetic-02529,100,true
2026-03-22,17:30,LinkedIn,5 ways to improve your study routine,Education,Entertainment,1286,66,112,293,31313,synthetic-02530,100,true
2026-04-29,20:00,X,Easy Python projects for students,Python,Entertainment,1003,64,90,163,29428,synthetic-02531,117,true
2026-04-19,18:30,X,How our new feature improves productivity,Product,Educational,1994,165,121,382,48908,synthetic-02532,46,true
2026-03-21,14:30,LinkedIn,Simple study tips for better results,Education,Entertainment,2001,257,136,416,34170,synthetic-02533,73,true
2026-05-10,17:30,LinkedIn,AI tools that save you 10 hours a week,AI,Entertainment,657,42,75,105,10259,synthetic-02534,32,true
2026-03-28,14:30,LinkedIn,Simple study tips for better results,Education,Entertainment,2116,259,135,429,36443,synthetic-02535,73,true
2026-08-12,12:00,Facebook,Latest AI trends you should know,AI,Entertainment,1177,92,161,207,15466,synthetic-02536,140,true
2026-04-08,21:00,Facebook,5 ways to improve your study routine,Education,Entertainment,1773,206,203,511,31826,synthetic-02537,91,true
2026-05-23,19:00,X,5 technologies shaping the future,Technology,Informational,739,38,65,109,30384,synthetic-02538,157,true
2026-03-02,08:30,Facebook,How to learn technical skills faster,Education,Educational,328,25,20,68,9022,synthetic-02539,80,true
2026-07-12,10:30,X,Our new dashboard feature is live,Product,Informational,478,29,33,102,18280,synthetic-02540,55,true
2026-03-29,18:00,Facebook,The future of technology explained,Technology,Educational,782,94,102,161,29212,synthetic-02541,109,true
2025-12-09,14:30,Instagram,Product update: new tools for users,Product,Informational,2598,218,341,707,41414,synthetic-02542,168,true
2026-06-10,21:00,Facebook,Learn Python functions with simple examples,Python,Educational,2482,280,338,583,38115,synthetic-02543,84,true
2026-07-11,09:30,Facebook,Learn Python functions with simple examples,Python,Promotional,451,43,47,38,11304,synthetic-02544,93,true
2026-05-27,12:00,Facebook,5 technologies shaping the future,Technology,Entertainment,1197,69,159,171,19014,synthetic-02545,161,true
2025-12-28,09:30,Facebook,Python tricks that save coding time,Python,Educational,2035,279,262,180,38740,synthetic-02546,115,true
2026-07-03,14:00,Instagram,Important skills every student should learn,Education,Informational,2726,251,205,457,36936,synthetic-02547,37,true
2026-05-09,19:00,Instagram,Best learning habits for students,Education,Educational,546,47,30,94,8126,synthetic-02548,24,true
2026-04-09,10:00,Facebook,See what is new in our latest release,Product,Educational,990,51,61,155,21770,synthetic-02549,43,true
2026-01-18,18:30,Instagram,Social media tips for better engagement,Marketing,Entertainment,3185,304,378,324,43764,synthetic-02550,196,true
2026-09-22,09:30,LinkedIn,Ways to grow your online audience,Marketing,Promotional,146,6,9,13,7432,synthetic-02551,132,true
2026-05-03,18:00,Facebook,The future of technology explained,Technology,Educational,851,112,115,175,33108,synthetic-02552,109,true
2026-02-11,19:30,Facebook,5 useful AI tools for students,AI,Promotional,2385,260,238,495,48628,synthetic-02553,25,true
2026-03-22,18:30,X,How our new feature improves productivity,Product,Entertainment,724,60,93,129,17946,synthetic-02554,134,true
2025-12-20,08:30,Facebook,Beginner guide to modern technology,Technology,Promotional,495,56,64,82,15414,synthetic-02555,158,true
2026-06-15,10:00,X,How technology is changing daily life,Technology,Promotional,1544,79,129,257,50842,synthetic-02556,122,true
2026-03-21,17:30,X,Ways to grow your online audience,Marketing,Educational,1380,100,76,221,47886,synthetic-02557,184,true
2026-03-01,21:30,Facebook,Learn Python functions with simple examples,Python,Informational,1029,76,128,219,41177,synthetic-02558,78,true
2026-03-29,12:00,Instagram,Learn Python functions with simple examples,Python,Promotional,557,45,69,153,13134,synthetic-02559,181,true
2026-03-01,21:00,X,How AI is changing the way we work,AI,Educational,1290,141,77,283,31409,synthetic-02560,50,true
2026-07-05,20:00,X,Important skills every student should learn,Education,Informational,1820,202,194,266,53724,synthetic-02561,10,true
2026-07-09,08:00,LinkedIn,Simple marketing strategies for beginners,Marketing,Educational,1664,212,85,394,40396,synthetic-02562,139,true
2026-03-25,21:00,Instagram,How AI is changing the way we work,AI,Entertainment,4275,202,369,519,39176,synthetic-02563,81,true
2026-03-23,20:30,LinkedIn,Important skills every student should learn,Education,Educational,1369,61,217,389,28729,synthetic-02564,97,true
2026-05-28,12:00,Facebook,5 technologies shaping the future,Technology,Entertainment,1603,91,218,228,28119,synthetic-02565,161,true
2026-01-22,09:30,LinkedIn,Easy Python projects for students,Python,Educational,1459,126,145,221,30581,synthetic-02566,106,true
2026-06-08,21:00,X,Important skills every student should learn,Education,Promotional,956,59,71,204,28625,synthetic-02567,156,true
2026-04-18,09:00,Facebook,5 technologies shaping the future,Technology,Promotional,328,39,20,42,17208,synthetic-02568,164,true
2026-04-20,18:30,Facebook,Product update: new tools for users,Product,Educational,1409,175,159,155,35193,synthetic-02569,154,true
2026-01-22,17:00,Facebook,Simple study tips for better results,Education,Informational,1695,183,65,427,27434,synthetic-02570,70,true
2026-04-30,19:00,Instagram,AI tools that save you 10 hours a week,AI,Promotional,1229,122,77,306,30833,synthetic-02571,39,true
2026-08-09,21:30,LinkedIn,Simple study tips for better results,Education,Informational,1580,71,104,171,46260,synthetic-02572,71,true
2026-06-10,19:30,X,The future of technology explained,Technology,Promotional,439,50,36,134,22753,synthetic-02573,75,true
2026-05-02,12:00,Facebook,Important skills every student should learn,Education,Entertainment,2016,226,279,241,25858,synthetic-02574,123,true
2026-01-05,09:30,Facebook,Our new dashboard feature is live,Product,Promotional,263,21,32,28,14863,synthetic-02575,131,true
2026-04-30,12:00,Facebook,Important skills every student should learn,Education,Entertainment,1910,211,277,238,25843,synthetic-02576,123,true
2026-08-09,10:00,Facebook,Content ideas that attract more viewers,Marketing,Entertainment,2346,163,115,298,32507,synthetic-02577,199,true
2026-02-06,08:30,Facebook,How to learn technical skills faster,Education,Educational,300,24,18,58,7829,synthetic-02578,80,true
2026-01-30,18:30,LinkedIn,Beginner guide to artificial intelligence,AI,Educational,1030,127,138,289,17739,synthetic-02579,167,true
2026-07-17,10:30,LinkedIn,How technology is changing daily life,Technology,Promotional,138,16,16,24,7884,synthetic-02580,30,true
2026-03-22,18:30,Instagram,Technology trends to watch this year,Technology,Informational,1763,144,192,189,36431,synthetic-02581,143,true
2026-10-19,14:30,X,Python tricks that save coding time,Python,Educational,1487,59,122,301,36202,synthetic-02582,107,true
2026-07-02,08:30,LinkedIn,Best learning habits for students,Education,Informational,279,23,19,53,10019,synthetic-02583,163,true
2026-07-29,19:00,LinkedIn,Learn Python functions with simple examples,Python,Entertainment,1666,180,188,261,39541,synthetic-02584,176,true
2026-04-12,20:00,X,Easy Python projects for students,Python,Entertainment,1039,69,87,154,28643,synthetic-02585,117,true
2026-08-24,08:00,Facebook,How AI is changing the way we work,AI,Promotional,424,39,40,115,25710,synthetic-02586,21,true
2026-04-18,08:30,Instagram,New product update is now available,Product,Entertainment,1172,139,86,303,21852,synthetic-02587,31,true
2026-08-30,17:30,LinkedIn,Latest AI trends you should know,AI,Promotional,376,38,35,103,11227,synthetic-02588,175,true
2026-08-13,19:00,Facebook,How AI is changing the way we work,AI,Promotional,1318,101,122,212,43539,synthetic-02589,185,true
2026-09-01,12:00,Instagram,Product update: new tools for users,Product,Educational,1404,82,88,152,20515,synthetic-02590,63,true
2026-05-14,17:30,LinkedIn,5 ways to improve your study routine,Education,Entertainment,1038,55,93,247,28000,synthetic-02591,100,true
2026-01-22,20:30,Facebook,Simple marketing strategies for beginners,Marketing,Educational,1872,195,246,412,26237,synthetic-02592,141,true
2026-03-02,10:30,Instagram,Our new dashboard feature is live,Product,Informational,781,78,71,135,10436,synthetic-02593,60,true
2026-09-25,12:00,Facebook,5 Python tips every beginner should know,Python,Informational,1262,162,57,220,20582,synthetic-02594,13,true
2026-01-29,09:30,LinkedIn,Easy Python projects for students,Python,Educational,1432,117,130,216,30958,synthetic-02595,106,true
2026-08-23,19:00,LinkedIn,Learn Python functions with simple examples,Python,Entertainment,1545,179,183,282,36183,synthetic-02596,176,true
2026-07-30,12:00,Instagram,Product update: new tools for users,Product,Educational,1593,83,97,159,20986,synthetic-02597,63,true
2026-01-14,08:30,X,Product update: new tools for users,Product,Informational,881,66,123,158,28990,synthetic-02598,200,true
2026-01-06,18:30,LinkedIn,Beginner guide to artificial intelligence,AI,Educational,880,106,130,228,14644,synthetic-02599,167,true
2026-03-12,20:30,LinkedIn,Important skills every student should learn,Education,Educational,1833,78,265,480,40845,synthetic-02600,97,true
2026-03-18,18:30,Facebook,Product update: new tools for users,Product,Educational,1438,185,153,155,36910,synthetic-02601,154,true
2026-02-28,20:30,Facebook,Simple marketing strategies for beginners,Marketing,Educational,1879,183,269,382,27840,synthetic-02602,141,true
2026-05-25,18:00,Facebook,The future of technology explained,Technology,Educational,890,112,127,191,33274,synthetic-02603,109,true
2026-03-26,08:00,Facebook,Latest AI trends you should know,AI,Educational,659,74,45,83,9003,synthetic-02604,147,true
2026-02-21,08:00,Facebook,Learn Python functions with simple examples,Python,Promotional,1719,131,90,233,43829,synthetic-02605,137,true
2026-05-13,19:30,X,How to create engaging social media posts,Marketing,Informational,1750,194,126,187,40990,synthetic-02606,162,true
2026-06-13,09:00,LinkedIn,Content ideas that attract more viewers,Marketing,Entertainment,1264,78,74,115,46579,synthetic-02607,65,true
2026-07-21,18:30,Instagram,Learn Python functions with simple examples,Python,Promotional,967,118,111,117,37777,synthetic-02608,111,true
2026-03-01,12:00,Instagram,Learn Python functions with simple examples,Python,Promotional,469,35,51,124,9846,synthetic-02609,181,true
2026-03-23,08:00,Facebook,Latest AI trends you should know,AI,Educational,603,67,42,72,8414,synthetic-02610,147,true
2026-05-23,08:30,Instagram,New product update is now available,Product,Entertainment,868,103,65,229,16550,synthetic-02611,31,true
2026-02-05,14:30,Instagram,5 useful AI tools for students,AI,Educational,2889,172,312,759,32477,synthetic-02612,51,true
2026-06-24,19:30,Instagram,Beginner guide to artificial intelligence,AI,Entertainment,1453,103,75,287,18728,synthetic-02613,114,true
2026-01-25,18:30,LinkedIn,Beginner guide to artificial intelligence,AI,Educational,1001,117,141,249,16510,synthetic-02614,167,true
2026-07-02,19:00,X,5 technologies shaping the future,Technology,Informational,821,42,72,115,30596,synthetic-02615,157,true
2026-07-16,10:00,X,How technology is changing daily life,Technology,Promotional,1563,83,128,263,52793,synthetic-02616,122,true
2026-04-16,21:30,Facebook,Learn Python functions with simple examples,Python,Informational,1311,90,143,265,53908,synthetic-02617,78,true
2026-08-13,10:30,Facebook,Learn Python functions with simple examples,Python,Entertainment,1174,156,87,319,18214,synthetic-02618,53,true
2026-07-31,09:30,Facebook,Learn Python functions with simple examples,Python,Promotional,390,36,38,31,9969,synthetic-02619,93,true
2026-03-08,14:30,Facebook,5 technologies shaping the future,Technology,Promotional,1058,77,57,292,28076,synthetic-02620,87,true
2026-07-05,21:00,X,Important skills every student should learn,Education,Promotional,921,58,74,187,26619,synthetic-02621,156,true
2026-04-02,09:00,Instagram,5 Python tips every beginner should know,Python,Promotional,677,42,81,87,29949,synthetic-02622,16,true
2025-12-25,14:30,Instagram,Product update: new tools for users,Product,Informational,2724,235,401,743,46413,synthetic-02623,168,true
2026-05-14,10:30,X,Beginner guide to artificial intelligence,AI,Entertainment,345,30,24,68,11859,synthetic-02624,8,true
2026-08-04,12:30,X,Simple marketing strategies for beginners,Marketing,Informational,718,55,59,98,40134,synthetic-02625,83,true
2026-05-24,12:30,Instagram,Ways to grow your online audience,Marketing,Educational,1724,143,93,395,21241,synthetic-02626,79,true
2026-04-25,09:00,LinkedIn,Content ideas that attract more viewers,Marketing,Entertainment,1229,77,72,108,40961,synthetic-02627,65,true
2026-02-18,12:00,Instagram,Learn Python functions with simple examples,Python,Promotional,640,48,67,170,13814,synthetic-02628,181,true
2026-08-06,14:30,X,Technology trends to watch this year,Technology,Informational,809,87,58,86,21297,synthetic-02629,148,true
2026-03-16,10:00,LinkedIn,Python tricks that save coding time,Python,Promotional,1514,136,172,131,48841,synthetic-02630,1,true
2026-07-13,12:00,Instagram,Product update: new tools for users,Product,Educational,1825,96,102,178,24238,synthetic-02631,63,true
2026-08-12,18:00,Instagram,Product update: new tools for users,Product,Educational,1893,208,150,314,22134,synthetic-02632,153,true
2026-05-13,17:30,LinkedIn,AI tools that save you 10 hours a week,AI,Entertainment,550,36,60,93,8397,synthetic-02633,32,true
2026-06-09,19:00,X,Python tricks that save coding time,Python,Promotional,798,83,78,81,25501,synthetic-02634,11,true
2026-07-19,09:00,LinkedIn,Top Python mistakes beginners make,Python,Informational,1034,52,164,300,35319,synthetic-02635,179,true
2026-07-21,17:30,LinkedIn,Beginner guide to modern technology,Technology,Entertainment,454,56,50,78,8051,synthetic-02636,136,true
2026-02-13,17:00,Instagram,Social media tips for better engagement,Marketing,Entertainment,975,83,50,111,18521,synthetic-02637,18,true
2026-05-01,09:30,Instagram,Learn Python functions with simple examples,Python,Entertainment,3834,440,407,911,48081,synthetic-02638,4,true
2025-12-26,10:00,LinkedIn,New product update is now available,Product,Informational,2226,123,190,562,44879,synthetic-02639,95,true
2026-06-27,10:30,X,Our new dashboard feature is live,Product,Informational,422,29,32,97,16086,synthetic-02640,55,true
2026-04-30,19:00,LinkedIn,Python tricks that save coding time,Python,Entertainment,718,69,72,214,26133,synthetic-02641,92,true
2026-04-30,14:30,LinkedIn,Beginner guide to modern technology,Technology,Educational,683,73,76,88,12549,synthetic-02642,38,true
2026-08-14,21:30,LinkedIn,Simple study tips for better results,Education,Informational,1541,66,106,162,45478,synthetic-02643,71,true
2026-07-25,18:30,Facebook,Simple study tips for better results,Education,Informational,2311,207,255,292,43888,synthetic-02644,45,true
2026-02-07,10:00,Facebook,Best learning habits for students,Education,Informational,1967,175,87,216,47690,synthetic-02645,155,true
2026-05-19,19:30,X,Python tricks that save coding time,Python,Promotional,522,52,21,113,29602,synthetic-02646,171,true
2026-03-04,14:30,LinkedIn,Our new dashboard feature is live,Product,Informational,452,55,32,74,11248,synthetic-02647,119,true
2026-10-07,08:00,Facebook,How AI is changing the way we work,AI,Promotional,442,40,40,118,23923,synthetic-02648,21,true
2026-01-28,09:30,Facebook,Our new dashboard feature is live,Product,Promotional,225,20,28,27,13735,synthetic-02649,131,true
2026-08-21,14:30,X,Python tricks that save coding time,Python,Educational,1761,70,148,374,40385,synthetic-02650,107,true
2026-06-18,19:00,Instagram,Best learning habits for students,Education,Educational,710,65,40,111,10916,synthetic-02651,24,true
2026-03-04,08:30,Facebook,Social media tips for better engagement,Marketing,Entertainment,364,24,46,45,11812,synthetic-02652,86,true
2026-08-19,17:30,LinkedIn,Beginner guide to modern technology,Technology,Entertainment,423,50,44,79,8296,synthetic-02653,136,true
2026-05-26,09:30,Facebook,The future of technology explained,Technology,Entertainment,1477,176,129,273,23355,synthetic-02654,66,true
2026-01-24,08:00,Facebook,Learn Python functions with simple examples,Python,Promotional,1516,123,77,208,41065,synthetic-02655,137,true
2026-04-29,09:30,Instagram,Learn Python functions with simple examples,Python,Entertainment,3224,345,342,775,36811,synthetic-02656,4,true
2026-09-13,14:30,X,Python tricks that save coding time,Python,Educational,1521,72,128,341,36519,synthetic-02657,107,true
2026-08-03,09:00,LinkedIn,Top Python mistakes beginners make,Python,Informational,1300,69,198,366,39972,synthetic-02658,179,true
2026-04-02,09:30,LinkedIn,Simple study tips for better results,Education,Informational,484,39,58,78,12426,synthetic-02659,77,true
2026-04-11,08:30,Instagram,New product update is now available,Product,Entertainment,960,117,75,264,19301,synthetic-02660,31,true
2026-05-07,19:00,LinkedIn,Python tricks that save coding time,Python,Entertainment,659,72,68,205,26984,synthetic-02661,92,true
2026-05-10,21:30,LinkedIn,5 technologies shaping the future,Technology,Promotional,1389,156,163,148,39716,synthetic-02662,85,true
2026-06-07,09:00,LinkedIn,Social media tips for better engagement,Marketing,Informational,1009,66,64,168,41669,synthetic-02663,26,true
2026-07-26,14:30,LinkedIn,Latest AI trends you should know,AI,Educational,1479,137,201,225,24742,synthetic-02664,74,true
2026-03-29,20:30,Instagram,How to create engaging social media posts,Marketing,Informational,1069,73,80,281,29036,synthetic-02665,190,true
2026-04-09,09:00,X,Ways to grow your online audience,Marketing,Educational,499,51,51,53,12899,synthetic-02666,28,true
2026-08-27,09:00,X,Social media tips for better engagement,Marketing,Entertainment,1120,51,77,232,24884,synthetic-02667,98,true
2026-01-20,12:00,X,How our new feature improves productivity,Product,Entertainment,1081,75,161,274,34238,synthetic-02668,180,true
2026-01-18,21:30,X,Technology trends to watch this year,Technology,Informational,135,16,18,29,7891,synthetic-02669,67,true
2026-05-28,19:30,X,The future of technology explained,Technology,Promotional,442,48,35,138,24982,synthetic-02670,75,true
2026-05-29,20:30,LinkedIn,Learn Python functions with simple examples,Python,Entertainment,1653,179,150,413,31122,synthetic-02671,41,true
2026-04-15,09:30,LinkedIn,Simple study tips for better results,Education,Informational,496,39,59,79,12277,synthetic-02672,77,true
2026-02-27,20:00,Instagram,Important skills every student should learn,Education,Educational,1118,70,128,174,23854,synthetic-02673,145,true
2026-05-20,19:00,LinkedIn,Python tricks that save coding time,Python,Entertainment,853,78,82,223,29240,synthetic-02674,92,true
2026-04-14,09:00,X,Ways to grow your online audience,Marketing,Educational,571,67,59,72,16997,synthetic-02675,28,true
2026-05-22,08:30,Instagram,Best learning habits for students,Education,Entertainment,2248,165,111,297,36376,synthetic-02676,126,true
2026-01-04,09:00,Facebook,Ways to grow your online audience,Marketing,Entertainment,620,45,63,63,8323,synthetic-02677,90,true
2026-05-29,12:30,X,Beginner guide to modern technology,Technology,Educational,1529,144,184,437,32375,synthetic-02678,44,true
2026-02-28,12:00,Facebook,Simple marketing strategies for beginners,Marketing,Promotional,827,88,86,132,41735,synthetic-02679,173,true
2026-08-01,19:30,Instagram,How our new feature improves productivity,Product,Promotional,1029,48,60,164,24770,synthetic-02680,138,true
2026-01-02,10:30,Facebook,5 Python tips every beginner should know,Python,Promotional,553,33,28,69,13752,synthetic-02681,128,true
2026-09-03,18:00,Facebook,5 Python tips every beginner should know,Python,Promotional,867,65,89,134,23897,synthetic-02682,57,true
2026-05-13,10:00,Facebook,See what is new in our latest release,Product,Educational,732,44,46,131,17868,synthetic-02683,43,true
2026-08-07,12:00,Instagram,Product update: new tools for users,Product,Educational,1874,94,102,174,24749,synthetic-02684,63,true
2026-02-28,12:00,Facebook,Simple marketing strategies for beginners,Marketing,Promotional,838,93,86,136,38758,synthetic-02685,173,true
2026-06-20,12:30,LinkedIn,Technology trends to watch this year,Technology,Educational,1452,89,128,344,32373,synthetic-02686,56,true
2026-06-26,20:00,X,Important skills every student should learn,Education,Informational,2250,206,226,317,60363,synthetic-02687,10,true
2026-04-10,19:30,X,Python tricks that save coding time,Python,Promotional,519,59,23,127,29198,synthetic-02688,171,true
2026-03-02,21:00,Instagram,Ways to grow your online audience,Marketing,Entertainment,2396,116,188,351,43666,synthetic-02689,135,true
2026-07-03,10:00,Facebook,Content ideas that attract more viewers,Marketing,Entertainment,2446,155,112,304,36019,synthetic-02690,199,true
2026-08-12,20:00,X,Important skills every student should learn,Education,Informational,1833,168,162,238,45867,synthetic-02691,10,true
2026-03-08,14:30,LinkedIn,Our new dashboard feature is live,Product,Informational,499,66,35,82,12764,synthetic-02692,119,true
2026-03-23,20:30,X,Latest AI trends you should know,AI,Entertainment,415,20,61,72,11077,synthetic-02693,170,true
2026-02-17,19:30,Facebook,5 useful AI tools for students,AI,Promotional,1939,215,183,468,42965,synthetic-02694,25,true
2026-07-28,10:00,Facebook,Content ideas that attract more viewers,Marketing,Entertainment,2259,155,109,306,31750,synthetic-02695,199,true
2026-05-03,18:30,X,How our new feature improves productivity,Product,Educational,2028,162,117,408,48678,synthetic-02696,46,true
2026-01-19,17:00,Facebook,Simple study tips for better results,Education,Informational,1835,208,74,508,30357,synthetic-02697,70,true
2026-03-08,12:00,Facebook,Simple marketing strategies for beginners,Marketing,Promotional,683,73,73,115,32200,synthetic-02698,173,true
2026-02-09,19:30,Instagram,Simple marketing strategies for beginners,Marketing,Promotional,615,55,66,115,21740,synthetic-02699,68,true
2026-05-11,19:30,X,The future of technology explained,Technology,Promotional,472,50,38,132,24641,synthetic-02700,75,true
2026-07-12,14:30,LinkedIn,Latest AI trends you should know,AI,Educational,1842,151,242,271,29974,synthetic-02701,74,true
2026-06-29,17:30,X,New product update is now available,Product,Informational,790,92,56,74,21922,synthetic-02702,48,true
2026-06-10,09:30,Facebook,Beginner guide to modern technology,Technology,Educational,681,49,38,205,25342,synthetic-02703,27,true
2026-03-16,17:00,X,Best learning habits for students,Education,Informational,360,36,25,113,15522,synthetic-02704,69,true
2025-12-21,19:30,Instagram,Simple marketing strategies for beginners,Marketing,Promotional,590,53,60,109,20757,synthetic-02705,68,true
2026-05-30,19:30,X,The future of technology explained,Technology,Promotional,452,50,38,140,24039,synthetic-02706,75,true
2026-08-17,14:00,Facebook,How to learn technical skills faster,Education,Informational,563,36,71,155,11543,synthetic-02707,166,true
2026-04-13,17:30,X,Ways to grow your online audience,Marketing,Educational,1298,102,66,205,41078,synthetic-02708,184,true
2026-01-29,10:00,LinkedIn,New product update is now available,Product,Informational,2217,127,192,616,50962,synthetic-02709,95,true
2026-04-17,08:30,Instagram,Top Python mistakes beginners make,Python,Promotional,1101,79,63,207,28648,synthetic-02710,159,true
2026-06-27,08:30,LinkedIn,Python tricks that save coding time,Python,Promotional,1281,61,141,231,37077,synthetic-02711,127,true
2026-06-25,12:30,Instagram,Ways to grow your online audience,Marketing,Educational,1468,117,76,321,19168,synthetic-02712,79,true
2026-05-14,17:00,Instagram,5 useful AI tools for students,AI,Entertainment,3779,229,271,851,43457,synthetic-02713,186,true
2026-09-06,09:30,Facebook,AI tools that save you 10 hours a week,AI,Informational,1174,92,110,277,36696,synthetic-02714,103,true
2026-03-03,20:00,LinkedIn,How technology is changing daily life,Technology,Entertainment,959,97,137,279,22853,synthetic-02715,14,true
2026-08-26,20:30,Facebook,Our new dashboard feature is live,Product,Promotional,451,43,20,102,12682,synthetic-02716,146,true
2026-05-28,19:30,Instagram,Beginner guide to artificial intelligence,AI,Entertainment,1681,122,86,337,21991,synthetic-02717,114,true
2026-03-02,08:30,Facebook,Social media tips for better engagement,Marketing,Entertainment,386,26,49,44,11772,synthetic-02718,86,true
2026-08-14,10:30,X,Python tricks that save coding time,Python,Promotional,1064,75,133,270,28401,synthetic-02719,178,true
2026-01-22,20:00,LinkedIn,How technology is changing daily life,Technology,Entertainment,938,90,136,261,20542,synthetic-02720,14,true
2026-05-03,19:30,X,Simple marketing strategies for beginners,Marketing,Informational,301,14,11,57,12896,synthetic-02721,15,true
2026-03-10,19:30,X,Content ideas that attract more viewers,Marketing,Promotional,222,21,18,38,16115,synthetic-02722,17,true
2026-09-11,14:00,Facebook,How to learn technical skills faster,Education,Informational,456,27,52,114,9743,synthetic-02723,166,true
2026-03-16,09:00,Instagram,Content ideas that attract more viewers,Marketing,Informational,1114,100,155,123,21592,synthetic-02724,125,true
2026-06-04,21:00,Instagram,Easy Python projects for students,Python,Entertainment,2234,259,159,468,33344,synthetic-02725,62,true
2026-04-10,09:00,Instagram,5 Python tips every beginner should know,Python,Promotional,616,39,74,81,25874,synthetic-02726,16,true
2026-06-10,14:00,Facebook,How our new feature improves productivity,Product,Informational,595,41,77,186,12271,synthetic-02727,58,true
2026-07-20,17:30,LinkedIn,Beginner guide to modern technology,Technology,Promotional,629,55,60,126,20161,synthetic-02728,151,true
2026-08-12,18:00,Instagram,Product update: new tools for users,Product,Educational,1758,203,152,318,22743,synthetic-02729,153,true
2026-09-21,09:30,Facebook,AI tools that save you 10 hours a week,AI,Informational,1180,93,110,298,36420,synthetic-02730,103,true
2026-03-12,08:00,Facebook,Latest AI trends you should know,AI,Educational,612,64,44,81,9140,synthetic-02731,147,true
2026-02-16,20:30,Instagram,How AI is changing the way we work,AI,Promotional,689,42,91,175,17174,synthetic-02732,2,true
2026-04-03,17:30,LinkedIn,5 ways to improve your study routine,Education,Entertainment,1405,68,123,320,31383,synthetic-02733,100,true
2026-07-20,09:00,LinkedIn,New product update is now available,Product,Entertainment,328,18,39,71,10691,synthetic-02734,9,true
2026-04-18,21:00,X,How AI is changing the way we work,AI,Educational,1775,189,97,384,42871,synthetic-02735,50,true
2026-05-18,21:30,Facebook,Beginner guide to modern technology,Technology,Educational,2577,105,274,219,51752,synthetic-02736,193,true
2025-12-30,17:00,Instagram,Social media tips for better engagement,Marketing,Entertainment,989,78,50,116,19646,synthetic-02737,18,true
2026-08-22,20:30,LinkedIn,How technology is changing daily life,Technology,Educational,1601,74,177,157,35373,synthetic-02738,174,true
2026-03-19,20:00,X,Easy Python projects for students,Python,Entertainment,1083,71,93,177,34273,synthetic-02739,117,true
2026-07-08,20:30,X,Social media tips for better engagement,Marketing,Entertainment,629,73,69,74,12137,synthetic-02740,144,true
2026-05-21,12:00,X,Social media tips for better engagement,Marketing,Entertainment,240,33,17,67,10201,synthetic-02741,182,true
2026-02-15,09:30,Instagram,Simple marketing strategies for beginners,Marketing,Informational,1192,135,166,247,26885,synthetic-02742,118,true
2026-09-06,20:00,X,5 Python tips every beginner should know,Python,Educational,424,17,35,89,14362,synthetic-02743,129,true
2026-06-16,20:30,Instagram,Latest AI trends you should know,AI,Entertainment,375,19,24,101,5641,synthetic-02744,120,true
2026-06-07,20:30,Instagram,Simple study tips for better results,Education,Entertainment,1049,79,46,195,20293,synthetic-02745,152,true
2026-05-23,10:30,X,Beginner guide to artificial intelligence,AI,Entertainment,489,44,31,98,16496,synthetic-02746,8,true
2026-02-08,18:30,LinkedIn,Beginner guide to artificial intelligence,AI,Educational,917,125,135,277,16959,synthetic-02747,167,true
2026-01-05,12:30,LinkedIn,Easy Python projects for students,Python,Entertainment,1637,67,228,483,25698,synthetic-02748,187,true
2026-05-07,12:30,LinkedIn,Technology trends to watch this year,Technology,Educational,1597,97,141,367,35397,synthetic-02749,56,true
2026-03-05,21:00,Instagram,How AI is changing the way we work,AI,Entertainment,3518,174,315,476,34772,synthetic-02750,81,true
2026-05-13,19:30,X,How to create engaging social media posts,Marketing,Informational,1956,238,143,227,47825,synthetic-02751,162,true
2026-06-05,09:00,LinkedIn,Content ideas that attract more viewers,Marketing,Entertainment,1438,88,75,127,50120,synthetic-02752,65,true
2026-06-13,14:00,Facebook,The future of technology explained,Technology,Promotional,1386,104,105,290,44012,synthetic-02753,183,true
2026-03-29,21:30,Instagram,How our new feature improves productivity,Product,Informational,4462,428,320,598,54866,synthetic-02754,35,true
2025-12-28,19:30,Instagram,Simple marketing strategies for beginners,Marketing,Promotional,753,71,82,134,24692,synthetic-02755,68,true
2026-07-19,09:00,LinkedIn,Top Python mistakes beginners make,Python,Informational,1033,56,160,278,32581,synthetic-02756,179,true
2026-08-11,12:30,Facebook,How our new feature improves productivity,Product,Promotional,2452,256,353,561,53751,synthetic-02757,36,true
2026-04-08,17:30,LinkedIn,AI tools that save you 10 hours a week,AI,Entertainment,645,44,69,115,10146,synthetic-02758,32,true
2026-08-08,12:30,X,Simple marketing strategies for beginners,Marketing,Informational,655,49,51,92,35289,synthetic-02759,83,true
2026-01-27,10:30,Facebook,5 Python tips every beginner should know,Python,Promotional,479,28,25,65,11315,synthetic-02760,128,true
2026-07-24,20:00,X,Important skills every student should learn,Education,Informational,1894,187,190,273,50324,synthetic-02761,10,true
2026-08-27,10:00,X,Best learning habits for students,Education,Entertainment,986,64,108,268,39808,synthetic-02762,124,true
2026-06-13,20:30,Facebook,Important skills every student should learn,Education,Entertainment,727,34,75,199,10519,synthetic-02763,99,true
2026-01-12,18:30,Instagram,Social media tips for better engagement,Marketing,Entertainment,2795,286,321,282,40093,synthetic-02764,196,true
2026-03-30,17:00,Facebook,Python tricks that save coding time,Python,Educational,2082,102,252,561,59565,synthetic-02765,29,true
2026-02-16,10:00,LinkedIn,Python tricks that save coding time,Python,Promotional,1459,131,151,126,45581,synthetic-02766,1,true
2026-03-20,17:30,X,Ways to grow your online audience,Marketing,Educational,1019,80,57,177,36939,synthetic-02767,184,true
2026-02-05,21:30,X,Technology trends to watch this year,Technology,Informational,125,17,17,26,7326,synthetic-02768,67,true
2026-07-31,12:00,Instagram,Simple marketing strategies for beginners,Marketing,Educational,2679,110,132,761,42749,synthetic-02769,197,true
2026-03-24,20:00,Instagram,Important skills every student should learn,Education,Educational,1056,72,115,149,22220,synthetic-02770,145,true
2026-01-12,12:00,Instagram,Content ideas that attract more viewers,Marketing,Informational,1419,64,101,392,49479,synthetic-02771,49,true
2026-01-27,09:30,Instagram,Simple marketing strategies for beginners,Marketing,Informational,1201,139,178,237,28570,synthetic-02772,118,true
2026-04-18,21:00,Instagram,How AI is changing the way we work,AI,Entertainment,3967,211,361,560,40162,synthetic-02773,81,true
2026-02-28,21:00,Facebook,5 ways to improve your study routine,Education,Entertainment,2005,236,222,557,31967,synthetic-02774,91,true
2026-08-01,18:00,Facebook,5 Python tips every beginner should know,Python,Promotional,876,64,88,136,21952,synthetic-02775,57,true
2026-05-12,17:30,LinkedIn,5 ways to improve your study routine,Education,Entertainment,1318,65,117,324,34190,synthetic-02776,100,true
2026-05-16,19:30,Instagram,Beginner guide to artificial intelligence,AI,Entertainment,1632,115,72,292,20155,synthetic-02777,114,true
2025-12-17,12:00,Instagram,Content ideas that attract more viewers,Marketing,Informational,1615,69,106,422,55200,synthetic-02778,49,true
2026-01-04,19:00,X,Beginner guide to artificial intelligence,AI,Entertainment,1349,94,166,301,29047,synthetic-02779,149,true
2026-03-04,21:00,Instagram,Ways to grow your online audience,Marketing,Entertainment,2542,121,203,352,44710,synthetic-02780,135,true
2026-06-28,21:00,Instagram,Easy Python projects for students,Python,Entertainment,2205,254,150,472,36139,synthetic-02781,62,true
2026-01-22,10:00,LinkedIn,New product update is now available,Product,Informational,2606,145,207,697,52556,synthetic-02782,95,true
2026-04-05,12:00,Facebook,Important skills every student should learn,Education,Entertainment,1849,193,243,215,22852,synthetic-02783,123,true
2026-05-05,20:00,Facebook,Social media tips for better engagement,Marketing,Educational,1807,74,138,280,26238,synthetic-02784,130,true
2026-06-30,21:00,X,Important skills every student should learn,Education,Promotional,980,70,78,215,28154,synthetic-02785,156,true
2026-04-30,20:00,Facebook,Social media tips for better engagement,Marketing,Educational,2009,93,162,344,30868,synthetic-02786,130,true
2026-03-16,20:30,LinkedIn,Important skills every student should learn,Education,Educational,1783,73,244,467,37265,synthetic-02787,97,true
2026-02-23,21:00,Instagram,Ways to grow your online audience,Marketing,Entertainment,2639,134,202,390,43653,synthetic-02788,135,true
2026-07-14,10:30,LinkedIn,How technology is changing daily life,Technology,Promotional,111,13,12,18,6253,synthetic-02789,30,true
2026-06-13,19:00,X,5 technologies shaping the future,Technology,Informational,847,41,77,126,33465,synthetic-02790,157,true
2026-08-06,09:00,X,Social media tips for better engagement,Marketing,Entertainment,1242,51,83,255,26712,synthetic-02791,98,true
2026-02-04,19:30,Facebook,5 useful AI tools for students,AI,Promotional,1918,206,192,427,43525,synthetic-02792,25,true
2026-02-16,10:00,X,Best learning habits for students,Education,Educational,2041,110,226,574,37728,synthetic-02793,165,true
2026-05-11,20:00,X,Social media tips for better engagement,Marketing,Informational,310,22,35,71,11330,synthetic-02794,82,true
2026-09-04,18:00,Instagram,Product update: new tools for users,Product,Educational,1658,165,135,259,19444,synthetic-02795,153,true
2026-01-19,09:00,Facebook,Ways to grow your online audience,Marketing,Entertainment,603,39,54,61,7875,synthetic-02796,90,true
2026-08-04,10:00,Instagram,How technology is changing daily life,Technology,Promotional,730,68,62,180,34551,synthetic-02797,142,true
2026-02-12,21:00,Instagram,The future of technology explained,Technology,Entertainment,858,42,75,74,10034,synthetic-02798,47,true
2026-07-18,14:30,X,Technology trends to watch this year,Technology,Informational,786,83,57,76,18858,synthetic-02799,148,true
2026-08-10,10:00,X,Best learning habits for students,Education,Entertainment,1111,71,122,310,44844,synthetic-02800,124,true
2026-08-06,12:00,Instagram,Simple marketing strategies for beginners,Marketing,Educational,2576,113,126,721,42137,synthetic-02801,197,true
2026-04-09,21:30,Facebook,Learn Python functions with simple examples,Python,Informational,1316,87,148,256,52036,synthetic-02802,78,true
2026-05-28,19:00,LinkedIn,Python tricks that save coding time,Python,Entertainment,694,70,73,215,25019,synthetic-02803,92,true
2026-05-21,21:00,X,Important skills every student should learn,Education,Promotional,904,59,72,195,26733,synthetic-02804,156,true
2026-05-30,09:30,Facebook,The future of technology explained,Technology,Entertainment,1446,183,133,280,22411,synthetic-02805,66,true
2026-02-01,17:00,X,Best learning habits for students,Education,Informational,347,33,24,98,12704,synthetic-02806,69,true
2026-04-26,17:30,X,Ways to grow your online audience,Marketing,Educational,1224,89,69,193,42870,synthetic-02807,184,true
2026-06-26,09:00,LinkedIn,Social media tips for better engagement,Marketing,Informational,940,61,57,134,37237,synthetic-02808,26,true
2026-01-21,12:00,Facebook,How to create engaging social media posts,Marketing,Educational,1010,96,81,162,26906,synthetic-02809,5,true
2026-05-07,20:30,LinkedIn,Learn Python functions with simple examples,Python,Entertainment,1658,177,167,448,34156,synthetic-02810,41,true
2026-08-16,19:00,Facebook,How AI is changing the way we work,AI,Promotional,1231,91,112,198,42989,synthetic-02811,185,true
2026-04-06,09:00,Instagram,Top Python mistakes beginners make,Python,Promotional,3267,247,454,681,54464,synthetic-02812,22,true
2026-06-15,09:00,LinkedIn,Top Python mistakes beginners make,Python,Informational,1450,70,213,355,41783,synthetic-02813,179,true
2026-04-03,20:00,Instagram,Simple marketing strategies for beginners,Marketing,Promotional,670,43,96,154,17405,synthetic-02814,6,true
2026-08-30,18:00,Facebook,5 Python tips every beginner should know,Python,Promotional,1075,74,107,158,27876,synthetic-02815,57,true
2026-04-23,09:00,LinkedIn,Content ideas that attract more viewers,Marketing,Entertainment,1599,95,91,146,55395,synthetic-02816,65,true
2026-04-23,18:00,X,How to create engaging social media posts,Marketing,Promotional,722,71,90,112,24009,synthetic-02817,76,true
2026-09-13,14:30,X,Python tricks that save coding time,Python,Educational,1755,85,159,381,45558,synthetic-02818,107,true
2026-02-17,12:00,Instagram,Learn Python functions with simple examples,Python,Promotional,573,46,67,150,12762,synthetic-02819,181,true
2026-03-30,18:30,Instagram,Technology trends to watch this year,Technology,Informational,1932,150,211,218,37329,synthetic-02820,143,true
2026-02-01,10:00,LinkedIn,New product update is now available,Product,Informational,2261,107,176,544,42427,synthetic-02821,95,true
2026-04-05,21:30,LinkedIn,5 technologies shaping the future,Technology,Promotional,1670,198,207,195,52641,synthetic-02822,85,true
2026-02-27,09:00,Instagram,Top Python mistakes beginners make,Python,Promotional,3290,254,483,676,54186,synthetic-02823,22,true
2026-05-20,12:30,X,Beginner guide to modern technology,Technology,Educational,1712,148,200,452,34070,synthetic-02824,44,true
2026-01-26,09:30,LinkedIn,Easy Python projects for students,Python,Educational,1647,127,141,219,32200,synthetic-02825,106,true
2026-07-10,14:30,X,Technology trends to watch this year,Technology,Informational,703,74,51,73,17774,synthetic-02826,148,true
2026-03-30,09:30,X,Python tricks that save coding time,Python,Educational,899,82,38,99,39176,synthetic-02827,61,true
2026-01-18,14:30,LinkedIn,5 useful AI tools for students,AI,Promotional,439,41,41,50,27002,synthetic-02828,108,true
2026-04-06,08:30,Instagram,Top Python mistakes beginners make,Python,Promotional,990,79,61,204,27245,synthetic-02829,159,true
2026-04-24,20:00,X,Social media tips for better engagement,Marketing,Informational,233,17,26,52,8172,synthetic-02830,82,true
2026-01-20,09:30,Instagram,Simple marketing strategies for beginners,Marketing,Informational,990,122,151,227,22807,synthetic-02831,118,true
2026-02-06,21:30,X,Technology trends to watch this year,Technology,Informational,124,14,16,24,6314,synthetic-02832,67,true
2026-10-08,14:30,X,Python tricks that save coding time,Python,Educational,1502,72,126,336,35773,synthetic-02833,107,true
2026-01-26,14:30,Instagram,5 technologies shaping the future,Technology,Promotional,953,54,54,238,29079,synthetic-02834,104,true
2026-05-24,08:30,Instagram,New product update is now available,Product,Entertainment,1063,120,81,257,20579,synthetic-02835,31,true
2026-08-30,18:00,Facebook,5 Python tips every beginner should know,Python,Promotional,1026,77,104,167,27259,synthetic-02836,57,true
2026-04-24,10:30,X,5 Python tips every beginner should know,Python,Informational,1491,165,166,207,45723,synthetic-02837,172,true
2026-03-16,21:00,Facebook,5 ways to improve your study routine,Education,Entertainment,2048,236,214,613,34635,synthetic-02838,91,true
2026-03-16,19:30,LinkedIn,Social media tips for better engagement,Marketing,Entertainment,2968,285,350,657,50414,synthetic-02839,113,true
2026-03-27,21:30,Facebook,Learn Python functions with simple examples,Python,Informational,1057,70,120,196,41886,synthetic-02840,78,true
2026-01-16,12:00,Instagram,Content ideas that attract more viewers,Marketing,Informational,1455,55,91,372,43756,synthetic-02841,49,true
2026-09-28,09:30,LinkedIn,How AI is changing the way we work,AI,Promotional,310,27,40,59,11896,synthetic-02842,121,true
2026-01-23,21:00,Instagram,5 useful AI tools for students,AI,Promotional,1605,113,161,359,28563,synthetic-02843,198,true
2026-04-02,18:00,Facebook,Beginner guide to artificial intelligence,AI,Educational,1017,80,110,224,19524,synthetic-02844,88,true
2026-07-30,18:00,Facebook,5 Python tips every beginner should know,Python,Promotional,999,71,98,165,26522,synthetic-02845,57,true
2026-04-05,20:00,Instagram,Important skills every student should learn,Education,Educational,1007,66,117,148,22003,synthetic-02846,145,true
2026-04-19,18:00,Facebook,The future of technology explained,Technology,Educational,945,113,123,207,35261,synthetic-02847,109,true
2026-03-13,10:00,Facebook,Best learning habits for students,Education,Informational,1806,155,83,198,43263,synthetic-02848,155,true
2026-02-08,18:00,LinkedIn,Ways to grow your online audience,Marketing,Promotional,799,54,77,182,38371,synthetic-02849,188,true
2026-04-01,18:30,Facebook,Product update: new tools for users,Product,Educational,1453,203,181,159,37950,synthetic-02850,154,true
2026-05-16,09:00,LinkedIn,Social media tips for better engagement,Marketing,Informational,1140,67,70,165,48492,synthetic-02851,26,true
2026-09-02,17:30,LinkedIn,Latest AI trends you should know,AI,Promotional,343,37,34,101,11954,synthetic-02852,175,true
2026-08-02,12:30,X,Beginner guide to artificial intelligence,AI,Informational,1391,84,116,316,43385,synthetic-02853,42,true
2026-05-25,21:00,Facebook,Learn Python functions with simple examples,Python,Educational,2281,292,353,593,39506,synthetic-02854,84,true
2026-03-08,19:30,X,Content ideas that attract more viewers,Marketing,Promotional,253,25,19,42,18674,synthetic-02855,17,true
2026-04-26,17:30,Instagram,Top Python mistakes beginners make,Python,Promotional,2374,159,137,320,47105,synthetic-02856,112,true
2026-03-13,20:30,Instagram,How AI is changing the way we work,AI,Promotional,788,50,106,211,19835,synthetic-02857,2,true
2026-04-29,21:00,Instagram,5 ways to improve your study routine,Education,Educational,778,31,68,103,14826,synthetic-02858,72,true
2026-02-09,14:30,Facebook,5 technologies shaping the future,Technology,Promotional,934,65,48,282,23301,synthetic-02859,87,true
2026-01-28,10:30,Facebook,5 Python tips every beginner should know,Python,Promotional,529,31,27,71,13951,synthetic-02860,128,true
2026-08-25,12:30,X,Beginner guide to artificial intelligence,AI,Informational,1309,80,116,314,41191,synthetic-02861,42,true
2026-05-18,08:00,X,Beginner guide to modern technology,Technology,Informational,744,74,91,103,28228,synthetic-02862,133,true
2026-07-31,12:00,Instagram,Simple marketing strategies for beginners,Marketing,Educational,2617,103,122,740,37532,synthetic-02863,197,true
2026-06-25,09:00,LinkedIn,New product update is now available,Product,Entertainment,367,19,39,78,11518,synthetic-02864,9,true
2026-06-29,18:00,Facebook,Ways to grow your online audience,Marketing,Educational,883,118,83,210,25791,synthetic-02865,110,true
2026-04-04,09:00,Instagram,Top Python mistakes beginners make,Python,Promotional,2637,210,364,546,47777,synthetic-02866,22,true
2026-01-28,10:00,X,Best learning habits for students,Education,Educational,2093,113,255,620,39180,synthetic-02867,165,true
2026-02-19,20:00,Instagram,Important skills every student should learn,Education,Educational,1241,79,145,184,25899,synthetic-02868,145,true
2026-05-23,12:30,Instagram,Ways to grow your online audience,Marketing,Educational,1449,106,67,318,16789,synthetic-02869,79,true
2026-07-14,17:30,LinkedIn,Beginner guide to modern technology,Technology,Promotional,522,50,52,104,17228,synthetic-02870,151,true
2026-09-15,19:00,LinkedIn,Learn Python functions with simple examples,Python,Entertainment,1549,186,186,276,37911,synthetic-02871,176,true
2026-08-12,18:30,Facebook,Simple study tips for better results,Education,Informational,2188,197,221,256,38917,synthetic-02872,45,true
2026-06-19,19:00,LinkedIn,Python tricks that save coding time,Python,Entertainment,830,89,80,260,33270,synthetic-02873,92,true
2026-05-13,20:30,LinkedIn,Learn Python functions with simple examples,Python,Entertainment,1415,148,138,409,28912,synthetic-02874,41,true
2026-02-25,10:00,Facebook,Ways to grow your online audience,Marketing,Informational,721,54,59,119,28811,synthetic-02875,3,true
2026-03-03,20:30,LinkedIn,Important skills every student should learn,Education,Educational,1493,66,228,390,30545,synthetic-02876,97,true
2025-12-27,09:30,Facebook,Python tricks that save coding time,Python,Educational,1668,203,203,140,31102,synthetic-02877,115,true
2026-03-03,09:30,LinkedIn,Simple study tips for better results,Education,Informational,373,31,43,62,9883,synthetic-02878,77,true
2026-05-13,10:30,X,5 Python tips every beginner should know,Python,Informational,1525,181,172,231,50845,synthetic-02879,172,true
2026-01-29,14:30,Instagram,5 technologies shaping the future,Technology,Promotional,1087,54,57,237,28094,synthetic-02880,104,true
2026-01-09,08:00,X,5 ways to improve your study routine,Education,Informational,772,80,74,186,21761,synthetic-02881,64,true
2026-06-26,14:00,Facebook,How our new feature improves productivity,Product,Informational,610,43,78,193,11889,synthetic-02882,58,true
2026-06-29,10:30,X,Beginner guide to artificial intelligence,AI,Entertainment,452,42,32,98,14894,synthetic-02883,8,true
2026-08-18,10:30,Facebook,Learn Python functions with simple examples,Python,Entertainment,1192,155,80,295,17756,synthetic-02884,53,true
2026-01-21,21:00,Instagram,5 useful AI tools for students,AI,Promotional,1783,112,175,369,28344,synthetic-02885,198,true
2026-08-20,08:30,LinkedIn,Learn Python functions with simple examples,Python,Informational,187,19,22,53,4851,synthetic-02886,34,true
2026-06-15,12:30,X,Beginner guide to modern technology,Technology,Educational,1316,113,150,368,27380,synthetic-02887,44,true
2026-09-18,10:30,X,Python tricks that save coding time,Python,Promotional,993,72,131,260,27486,synthetic-02888,178,true
2026-05-22,10:00,Facebook,See what is new in our latest release,Product,Educational,748,41,49,133,17484,synthetic-02889,43,true
2026-02-12,14:30,Facebook,5 technologies shaping the future,Technology,Promotional,982,66,48,291,25490,synthetic-02890,87,true
2026-04-05,14:30,LinkedIn,Our new dashboard feature is live,Product,Informational,629,74,44,98,15447,synthetic-02891,119,true
2026-06-27,09:00,LinkedIn,Social media tips for better engagement,Marketing,Informational,864,54,51,131,34223,synthetic-02892,26,true
2026-07-20,14:30,LinkedIn,Latest AI trends you should know,AI,Educational,1729,149,214,244,26871,synthetic-02893,74,true
2025-12-25,10:00,LinkedIn,New product update is now available,Product,Informational,2520,126,208,660,55447,synthetic-02894,95,true
2026-06-04,19:30,Instagram,Beginner guide to artificial intelligence,AI,Entertainment,1992,142,101,374,27149,synthetic-02895,114,true
2026-04-19,08:30,Instagram,Top Python mistakes beginners make,Python,Promotional,1016,78,69,203,27980,synthetic-02896,159,true
2026-01-25,14:30,Instagram,Product update: new tools for users,Product,Informational,2748,227,401,729,49221,synthetic-02897,168,true
2026-09-14,20:30,LinkedIn,Social media tips for better engagement,Marketing,Promotional,1150,80,168,218,44960,synthetic-02898,160,true
2026-04-07,17:30,LinkedIn,AI tools that save you 10 hours a week,AI,Entertainment,757,46,80,116,10707,synthetic-02899,32,true
2026-05-05,18:00,Facebook,The future of technology explained,Technology,Educational,894,116,131,188,34570,synthetic-02900,109,true
2026-02-20,10:00,X,Best learning habits for students,Education,Educational,1901,107,228,561,37921,synthetic-02901,165,true
2026-06-25,21:00,Instagram,5 ways to improve your study routine,Education,Educational,748,33,68,105,14683,synthetic-02902,72,true
2026-07-05,09:00,LinkedIn,New product update is now available,Product,Entertainment,393,21,48,83,13829,synthetic-02903,9,true
2026-03-24,20:30,LinkedIn,Important skills every student should learn,Education,Educational,1639,63,244,420,34099,synthetic-02904,97,true
2026-07-08,08:00,X,Beginner guide to modern technology,Technology,Informational,682,76,95,109,24453,synthetic-02905,133,true
2026-09-07,10:30,Instagram,New product update is now available,Product,Informational,2093,117,255,519,46834,synthetic-02906,169,true
2026-03-12,21:00,X,How AI is changing the way we work,AI,Educational,1407,155,86,306,34174,synthetic-02907,50,true
2026-05-26,20:30,Instagram,Latest AI trends you should know,AI,Entertainment,349,18,22,96,5939,synthetic-02908,120,true
2026-07-06,10:30,Facebook,Easy Python projects for students,Python,Educational,1430,60,120,217,45569,synthetic-02909,96,true
2026-04-08,09:30,LinkedIn,Simple study tips for better results,Education,Informational,383,32,47,63,9973,synthetic-02910,77,true
2026-07-01,10:00,Instagram,How technology is changing daily life,Technology,Promotional,818,71,64,195,34750,synthetic-02911,142,true
2026-08-23,12:30,X,Simple marketing strategies for beginners,Marketing,Informational,581,43,47,82,29750,synthetic-02912,83,true
2026-07-17,08:30,LinkedIn,Best learning habits for students,Education,Informational,315,24,21,56,9993,synthetic-02913,163,true
2026-05-31,20:00,X,Social media tips for better engagement,Marketing,Informational,275,20,28,61,10146,synthetic-02914,82,true
2026-06-22,19:00,LinkedIn,Python tricks that save coding time,Python,Entertainment,710,71,69,209,25862,synthetic-02915,92,true
2026-05-01,09:30,Instagram,Learn Python functions with simple examples,Python,Entertainment,3839,474,394,965,49547,synthetic-02916,4,true
2026-01-06,10:30,Facebook,5 Python tips every beginner should know,Python,Promotional,556,32,29,68,13260,synthetic-02917,128,true
2026-01-06,14:30,Instagram,5 technologies shaping the future,Technology,Promotional,808,48,45,185,22625,synthetic-02918,104,true
2026-07-10,19:30,Instagram,How our new feature improves productivity,Product,Promotional,1233,57,72,205,30585,synthetic-02919,138,true
2026-01-09,12:00,Instagram,Content ideas that attract more viewers,Marketing,Informational,1326,58,89,366,43007,synthetic-02920,49,true
2026-05-30,12:30,LinkedIn,Technology trends to watch this year,Technology,Educational,1446,85,128,319,30895,synthetic-02921,56,true
2026-09-03,20:30,Facebook,Our new dashboard feature is live,Product,Promotional,514,47,23,110,14154,synthetic-02922,146,true
2026-02-01,08:30,Facebook,Social media tips for better engagement,Marketing,Entertainment,417,29,49,52,13818,synthetic-02923,86,true
2026-02-07,08:30,Facebook,Social media tips for better engagement,Marketing,Entertainment,462,29,56,56,14944,synthetic-02924,86,true
2026-08-15,10:30,Facebook,Learn Python functions with simple examples,Python,Entertainment,1188,154,82,313,16901,synthetic-02925,53,true
2026-09-16,14:30,X,Python tricks that save coding time,Python,Educational,1763,83,156,390,45461,synthetic-02926,107,true
2026-03-31,17:30,X,Ways to grow your online audience,Marketing,Educational,1081,84,64,190,38124,synthetic-02927,184,true
2026-01-01,08:00,X,5 ways to improve your study routine,Education,Informational,964,104,88,239,25836,synthetic-02928,64,true
2026-08-15,09:30,Facebook,AI tools that save you 10 hours a week,AI,Informational,1548,115,150,365,46103,synthetic-02929,103,true
2026-04-30,10:30,X,5 Python tips every beginner should know,Python,Informational,1410,180,178,219,45536,synthetic-02930,172,true
2026-05-09,09:30,Instagram,Learn Python functions with simple examples,Python,Entertainment,3510,442,365,894,45253,synthetic-02931,4,true
2026-07-25,19:30,Instagram,How our new feature improves productivity,Product,Promotional,1157,53,59,177,28876,synthetic-02932,138,true
2026-05-26,20:30,X,Social media tips for better engagement,Marketing,Entertainment,762,83,87,89,13225,synthetic-02933,144,true
2026-08-04,09:30,LinkedIn,Ways to grow your online audience,Marketing,Promotional,154,6,9,13,7654,synthetic-02934,132,true
2026-04-14,09:30,LinkedIn,Simple study tips for better results,Education,Informational,371,31,42,65,10036,synthetic-02935,77,true
2026-02-08,17:00,X,Best learning habits for students,Education,Informational,416,37,28,120,15521,synthetic-02936,69,true
2026-06-27,18:30,Instagram,Learn Python functions with simple examples,Python,Promotional,1033,125,129,139,43058,synthetic-02937,111,true
2026-08-02,12:00,Instagram,Simple marketing strategies for beginners,Marketing,Educational,2532,117,125,700,42264,synthetic-02938,197,true
2026-06-23,21:00,Instagram,Easy Python projects for students,Python,Entertainment,2461,286,161,475,36988,synthetic-02939,62,true
2026-07-01,10:30,X,Our new dashboard feature is live,Product,Informational,471,28,34,101,18960,synthetic-02940,55,true
2025-12-05,14:30,LinkedIn,5 useful AI tools for students,AI,Promotional,360,33,35,40,23513,synthetic-02941,108,true
2026-03-14,18:30,Instagram,Technology trends to watch this year,Technology,Informational,2282,185,238,255,47700,synthetic-02942,143,true
2026-08-11,12:30,Facebook,How our new feature improves productivity,Product,Promotional,2144,213,294,432,44131,synthetic-02943,36,true
2026-02-16,14:00,X,Technology trends to watch this year,Technology,Informational,1987,110,158,433,51570,synthetic-02944,23,true
2026-03-24,09:00,Instagram,Content ideas that attract more viewers,Marketing,Informational,1265,103,176,127,23558,synthetic-02945,125,true
2026-04-30,19:30,X,Python tricks that save coding time,Python,Promotional,479,47,19,105,25973,synthetic-02946,171,true
2026-06-29,20:00,X,Important skills every student should learn,Education,Informational,1802,187,190,258,51210,synthetic-02947,10,true
2026-04-28,08:30,Instagram,Top Python mistakes beginners make,Python,Promotional,970,77,63,192,24507,synthetic-02948,159,true
2026-06-03,20:00,LinkedIn,How AI is changing the way we work,AI,Educational,1212,143,83,124,40237,synthetic-02949,94,true
2026-10-08,20:30,Facebook,Our new dashboard feature is live,Product,Promotional,423,39,20,93,11487,synthetic-02950,146,true
2026-04-20,09:00,Facebook,5 technologies shaping the future,Technology,Promotional,388,42,25,48,20935,synthetic-02951,164,true
2026-03-13,09:00,Instagram,Top Python mistakes beginners make,Python,Promotional,2904,223,403,573,51628,synthetic-02952,22,true
2026-04-03,08:30,LinkedIn,Simple study tips for better results,Education,Entertainment,1660,179,114,362,23752,synthetic-02953,20,true
2026-03-07,09:00,Instagram,Top Python mistakes beginners make,Python,Promotional,3454,244,481,704,54531,synthetic-02954,22,true
2026-04-26,19:00,Instagram,AI tools that save you 10 hours a week,AI,Promotional,1360,132,88,312,35027,synthetic-02955,39,true
2026-10-04,09:30,LinkedIn,How to learn technical skills faster,Education,Educational,495,63,50,44,18764,synthetic-02956,40,true
2026-06-02,09:00,LinkedIn,Content ideas that attract more viewers,Marketing,Entertainment,1308,92,80,123,46919,synthetic-02957,65,true
2026-01-31,19:30,Instagram,Simple marketing strategies for beginners,Marketing,Promotional,683,68,78,138,24778,synthetic-02958,68,true
2026-07-06,17:00,Facebook,How to learn technical skills faster,Education,Educational,940,80,53,86,32332,synthetic-02959,150,true
2026-05-02,17:30,LinkedIn,AI tools that save you 10 hours a week,AI,Entertainment,540,35,60,94,7584,synthetic-02960,32,true
2026-08-24,20:30,Facebook,Our new dashboard feature is live,Product,Promotional,442,41,23,102,12136,synthetic-02961,146,true
2026-06-11,19:30,Instagram,How our new feature improves productivity,Product,Promotional,1313,62,69,212,32982,synthetic-02962,138,true
2026-01-27,18:30,Instagram,AI tools that save you 10 hours a week,AI,Promotional,1366,92,147,331,37174,synthetic-02963,105,true
2026-03-30,10:30,Instagram,Our new dashboard feature is live,Product,Informational,967,87,92,174,13069,synthetic-02964,60,true
2026-04-04,21:00,Facebook,5 ways to improve your study routine,Education,Entertainment,1595,195,186,510,27013,synthetic-02965,91,true
2026-01-18,12:00,Instagram,Content ideas that attract more viewers,Marketing,Informational,1601,70,111,432,51174,synthetic-02966,49,true
2026-05-21,08:30,Instagram,New product update is now available,Product,Entertainment,890,114,72,240,18992,synthetic-02967,31,true
2026-04-24,18:00,X,How to create engaging social media posts,Marketing,Promotional,659,70,86,106,24384,synthetic-02968,76,true
2026-01-16,19:30,Facebook,5 useful AI tools for students,AI,Promotional,1824,196,181,401,40263,synthetic-02969,25,true
2026-03-07,18:30,Instagram,Social media tips for better engagement,Marketing,Entertainment,3402,314,367,319,45118,synthetic-02970,196,true
2026-05-19,09:30,X,See what is new in our latest release,Product,Entertainment,1329,103,111,256,23618,synthetic-02971,189,true
2026-02-02,10:30,Facebook,5 Python tips every beginner should know,Python,Promotional,507,30,26,68,13457,synthetic-02972,128,true
2025-12-27,09:30,Facebook,Our new dashboard feature is live,Product,Promotional,220,18,27,24,12823,synthetic-02973,131,true
2026-06-06,19:30,X,Python tricks that save coding time,Python,Promotional,533,53,20,114,28855,synthetic-02974,171,true
2026-07-08,18:30,Facebook,Simple study tips for better results,Education,Informational,1952,165,209,255,37349,synthetic-02975,45,true
2026-09-12,17:30,LinkedIn,Latest AI trends you should know,AI,Promotional,425,47,42,123,14022,synthetic-02976,175,true
2026-07-04,18:30,Facebook,Simple study tips for better results,Education,Informational,2358,214,267,319,44333,synthetic-02977,45,true
2026-08-08,20:30,LinkedIn,How technology is changing daily life,Technology,Educational,1989,88,201,177,39773,synthetic-02978,174,true
2026-09-18,20:30,LinkedIn,Social media tips for better engagement,Marketing,Promotional,1340,93,180,235,47912,synthetic-02979,160,true
2026-03-13,19:00,Instagram,AI tools that save you 10 hours a week,AI,Promotional,1360,140,83,327,38241,synthetic-02980,39,true
2026-10-11,20:30,Facebook,Our new dashboard feature is live,Product,Promotional,450,44,21,95,12178,synthetic-02981,146,true
2026-06-14,12:00,Facebook,5 technologies shaping the future,Technology,Entertainment,1562,89,232,214,25464,synthetic-02982,161,true
2026-03-13,08:00,Facebook,Latest AI trends you should know,AI,Educational,574,61,40,72,8191,synthetic-02983,147,true
2026-02-20,09:30,Instagram,Simple marketing strategies for beginners,Marketing,Informational,928,110,132,199,22532,synthetic-02984,118,true
2026-07-16,12:30,X,Beginner guide to modern technology,Technology,Educational,1680,167,209,457,33834,synthetic-02985,44,true
2026-07-07,12:30,X,Beginner guide to modern technology,Technology,Educational,1507,142,180,416,29709,synthetic-02986,44,true
2026-06-07,20:00,X,Social media tips for better engagement,Marketing,Informational,300,19,28,62,9352,synthetic-02987,82,true
2026-09-27,09:30,Facebook,AI tools that save you 10 hours a week,AI,Informational,1513,109,141,359,47363,synthetic-02988,103,true
2026-04-17,21:30,Instagram,How our new feature improves productivity,Product,Informational,3641,377,241,496,47416,synthetic-02989,35,true
2026-05-19,20:30,Instagram,Latest AI trends you should know,AI,Entertainment,399,20,24,103,6216,synthetic-02990,120,true
2026-09-28,09:30,LinkedIn,How to learn technical skills faster,Education,Educational,580,73,58,56,21253,synthetic-02991,40,true
2026-03-26,12:00,Instagram,Learn Python functions with simple examples,Python,Promotional,629,49,68,169,13458,synthetic-02992,181,true
2026-02-18,20:30,Instagram,How AI is changing the way we work,AI,Promotional,718,42,89,163,16736,synthetic-02993,2,true
2026-03-06,19:30,Facebook,5 useful AI tools for students,AI,Promotional,1772,211,175,416,42485,synthetic-02994,25,true
2026-09-28,20:30,Facebook,Our new dashboard feature is live,Product,Promotional,520,50,25,111,14657,synthetic-02995,146,true
2026-01-22,08:30,Facebook,Beginner guide to modern technology,Technology,Promotional,459,45,58,77,14195,synthetic-02996,158,true
2026-04-16,08:00,Facebook,Latest AI trends you should know,AI,Educational,564,65,40,70,8074,synthetic-02997,147,true
2026-05-18,19:00,X,5 technologies shaping the future,Technology,Informational,847,44,73,124,33826,synthetic-02998,157,true
2026-02-10,12:00,X,How our new feature improves productivity,Product,Entertainment,1146,72,174,283,37213,synthetic-02999,180,true
2026-06-06,10:30,X,Beginner guide to artificial intelligence,AI,Entertainment,394,32,26,78,13649,synthetic-03000,8,true
2026-04-29,20:30,Instagram,How to create engaging social media posts,Marketing,Informational,808,59,66,224,20782,synthetic-03001,190,true
2026-08-20,18:00,Facebook,Ways to grow your online audience,Marketing,Educational,925,121,91,232,30456,synthetic-03002,110,true
2026-04-24,20:30,LinkedIn,Learn Python functions with simple examples,Python,Entertainment,1922,190,192,477,39640,synthetic-03003,41,true
2026-02-28,21:00,Facebook,5 ways to improve your study routine,Education,Entertainment,2127,243,232,599,35055,synthetic-03004,91,true
2026-08-14,10:00,X,Best learning habits for students,Education,Entertainment,990,65,109,296,42254,synthetic-03005,124,true
2026-03-29,20:00,Instagram,Important skills every student should learn,Education,Educational,1221,78,140,175,25271,synthetic-03006,145,true
2026-07-28,18:30,Facebook,Simple study tips for better results,Education,Informational,2099,203,227,280,42919,synthetic-03007,45,true
2026-03-26,21:30,X,How AI is changing the way we work,AI,Informational,448,30,34,61,10057,synthetic-03008,59,true
2026-06-13,09:00,LinkedIn,Top Python mistakes beginners make,Python,Informational,1219,61,174,302,37279,synthetic-03009,179,true
2026-07-24,12:30,X,Beginner guide to artificial intelligence,AI,Informational,1323,79,123,336,44277,synthetic-03010,42,true
2026-01-06,12:00,Instagram,Content ideas that attract more viewers,Marketing,Informational,1581,63,100,419,50809,synthetic-03011,49,true
2026-02-21,12:00,Facebook,How to create engaging social media posts,Marketing,Educational,1118,105,87,173,28761,synthetic-03012,5,true
2026-03-09,21:30,Facebook,Learn Python functions with simple examples,Python,Informational,1149,79,126,219,45949,synthetic-03013,78,true
2026-06-05,14:00,Facebook,How our new feature improves productivity,Product,Informational,605,45,77,177,11716,synthetic-03014,58,true
2026-09-13,17:30,LinkedIn,Beginner guide to modern technology,Technology,Entertainment,442,58,47,82,8531,synthetic-03015,136,true
2026-07-23,17:00,Facebook,How to learn technical skills faster,Education,Educational,978,81,55,87,31685,synthetic-03016,150,true
2026-07-18,09:30,Facebook,Learn Python functions with simple examples,Python,Promotional,363,37,36,31,10211,synthetic-03017,93,true
2026-09-06,12:00,Instagram,Product update: new tools for users,Product,Educational,1752,88,107,164,22513,synthetic-03018,63,true
2026-01-21,09:30,Facebook,Python tricks that save coding time,Python,Educational,2002,244,254,191,38857,synthetic-03019,115,true
2026-04-08,08:30,X,Product update: new tools for users,Product,Promotional,392,41,54,36,12732,synthetic-03020,116,true
2026-08-04,17:30,LinkedIn,Beginner guide to modern technology,Technology,Promotional,667,53,60,126,18857,synthetic-03021,151,true
2026-07-06,10:30,LinkedIn,How technology is changing daily life,Technology,Promotional,105,12,12,18,5873,synthetic-03022,30,true
2026-08-05,18:00,Instagram,Product update: new tools for users,Product,Educational,1784,189,141,281,22282,synthetic-03023,153,true
2026-03-06,17:00,X,Best learning habits for students,Education,Informational,370,36,25,106,14209,synthetic-03024,69,true
2026-04-21,19:30,X,Simple marketing strategies for beginners,Marketing,Informational,256,11,10,53,10468,synthetic-03025,15,true
2026-07-10,09:00,X,Social media tips for better engagement,Marketing,Entertainment,1136,53,86,269,27302,synthetic-03026,98,true
2026-01-07,18:30,LinkedIn,Beginner guide to artificial intelligence,AI,Educational,1220,151,174,303,19588,synthetic-03027,167,true
2026-09-26,10:30,Facebook,Learn Python functions with simple examples,Python,Entertainment,961,118,67,232,13771,synthetic-03028,53,true
2026-03-16,08:30,Facebook,How to learn technical skills faster,Education,Educational,383,28,21,68,9367,synthetic-03029,80,true
2026-08-01,12:30,X,Simple marketing strategies for beginners,Marketing,Informational,766,51,61,111,41795,synthetic-03030,83,true
2026-03-27,08:30,X,Product update: new tools for users,Product,Promotional,422,44,57,40,13025,synthetic-03031,116,true
2026-05-23,19:30,X,Python tricks that save coding time,Python,Promotional,547,54,22,128,31867,synthetic-03032,171,true
2026-04-07,09:30,X,Python tricks that save coding time,Python,Educational,803,80,36,89,42385,synthetic-03033,61,true
2026-07-12,10:00,X,How technology is changing daily life,Technology,Promotional,1476,79,121,242,48767,synthetic-03034,122,true
2026-05-12,14:00,Instagram,Important skills every student should learn,Education,Informational,2273,216,177,402,32922,synthetic-03035,37,true
2026-06-14,17:30,X,New product update is now available,Product,Informational,1058,124,66,101,28173,synthetic-03036,48,true
2026-08-20,09:30,LinkedIn,How AI is changing the way we work,AI,Promotional,321,27,38,58,11035,synthetic-03037,121,true
2026-02-09,12:00,Facebook,How to create engaging social media posts,Marketing,Educational,965,90,79,160,25956,synthetic-03038,5,true
2026-06-19,17:00,Facebook,How to learn technical skills faster,Education,Educational,952,73,51,88,28617,synthetic-03039,150,true
2026-06-20,10:30,Facebook,Easy Python projects for students,Python,Educational,1115,51,106,184,38735,synthetic-03040,96,true
2026-02-28,10:00,Facebook,Ways to grow your online audience,Marketing,Informational,671,49,49,98,25305,synthetic-03041,3,true
2026-03-12,14:30,Instagram,5 useful AI tools for students,AI,Educational,3079,175,314,781,31682,synthetic-03042,51,true
2026-04-27,20:30,Instagram,How to create engaging social media posts,Marketing,Informational,882,57,72,228,23163,synthetic-03043,190,true
2026-08-04,09:00,LinkedIn,New product update is now available,Product,Entertainment,387,20,44,82,12226,synthetic-03044,9,true
2026-07-29,10:00,X,Best learning habits for students,Education,Entertainment,1210,70,132,326,45670,synthetic-03045,124,true
2026-09-21,14:30,X,Python tricks that save coding time,Python,Educational,1554,64,125,325,36002,synthetic-03046,107,true
2025-12-16,18:30,Instagram,How to create engaging social media posts,Marketing,Educational,604,26,76,162,8061,synthetic-03047,177,true
2026-07-01,18:30,Facebook,Simple study tips for better results,Education,Informational,1853,178,200,233,34136,synthetic-03048,45,true
2026-08-26,12:30,Facebook,How our new feature improves productivity,Product,Promotional,2344,234,319,512,56119,synthetic-03049,36,true
2026-02-08,09:00,Facebook,Ways to grow your online audience,Marketing,Entertainment,697,45,63,67,9530,synthetic-03050,90,true
2026-06-13,09:30,Facebook,Learn Python functions with simple examples,Python,Promotional,449,46,49,36,11972,synthetic-03051,93,true
2026-08-12,20:30,LinkedIn,How technology is changing daily life,Technology,Educational,1978,94,201,178,38719,synthetic-03052,174,true
2026-08-14,19:00,Instagram,Simple marketing strategies for beginners,Marketing,Promotional,2561,216,330,318,41772,synthetic-03053,89,true
2026-02-13,09:30,Facebook,Python tricks that save coding time,Python,Educational,1802,223,234,171,36343,synthetic-03054,115,true
2026-02-21,18:00,LinkedIn,Ways to grow your online audience,Marketing,Promotional,880,58,80,181,40750,synthetic-03055,188,true
2026-09-01,08:00,X,AI tools that save you 10 hours a week,AI,Educational,524,62,28,101,9928,synthetic-03056,19,true
2026-03-17,20:00,Facebook,Social media tips for better engagement,Marketing,Educational,2128,89,162,329,29028,synthetic-03057,130,true
2026-01-31,09:30,Instagram,Simple marketing strategies for beginners,Marketing,Informational,988,120,152,210,22979,synthetic-03058,118,true
2026-06-24,20:30,Instagram,Latest AI trends you should know,AI,Entertainment,352,19,21,104,5639,synthetic-03059,120,true
2026-03-07,17:00,X,Best learning habits for students,Education,Informational,439,48,31,133,17678,synthetic-03060,69,true
2026-08-24,21:30,LinkedIn,Simple study tips for better results,Education,Informational,1447,60,93,154,41467,synthetic-03061,71,true
2026-07-22,18:30,Instagram,How our new feature improves productivity,Product,Informational,1687,175,120,434,40598,synthetic-03062,195,true
2026-06-03,12:00,X,Social media tips for better engagement,Marketing,Entertainment,202,24,12,57,7810,synthetic-03063,182,true
2026-05-04,17:30,LinkedIn,5 ways to improve your study routine,Education,Entertainment,1164,54,94,265,27990,synthetic-03064,100,true
2026-03-04,12:00,Instagram,Learn Python functions with simple examples,Python,Promotional,575,45,70,150,12309,synthetic-03065,181,true
2026-05-19,20:30,X,Social media tips for better engagement,Marketing,Entertainment,650,72,68,76,11963,synthetic-03066,144,true
2026-06-22,19:30,X,The future of technology explained,Technology,Promotional,592,61,46,158,30661,synthetic-03067,75,true
2026-03-13,19:30,X,Content ideas that attract more viewers,Marketing,Promotional,247,25,18,40,17440,synthetic-03068,17,true
2026-03-02,12:00,Instagram,Learn Python functions with simple examples,Python,Promotional,465,39,55,132,11169,synthetic-03069,181,true
2026-06-02,21:00,X,Important skills every student should learn,Education,Promotional,948,68,77,191,30287,synthetic-03070,156,true
2026-04-18,17:30,Instagram,Top Python mistakes beginners make,Python,Promotional,2282,136,123,272,40528,synthetic-03071,112,true
2026-05-29,19:00,Instagram,Best learning habits for students,Education,Educational,647,52,33,96,9511,synthetic-03072,24,true
2026-03-21,21:30,Facebook,Learn Python functions with simple examples,Python,Informational,1082,82,133,230,46872,synthetic-03073,78,true
2026-01-15,08:30,Facebook,Beginner guide to modern technology,Technology,Promotional,495,54,64,88,15258,synthetic-03074,158,true
2026-03-25,19:30,X,Content ideas that attract more viewers,Marketing,Promotional,236,22,17,40,17349,synthetic-03075,17,true
2026-05-05,19:00,X,5 technologies shaping the future,Technology,Informational,899,42,73,128,35155,synthetic-03076,157,true
2026-03-11,09:00,X,Ways to grow your online audience,Marketing,Educational,584,67,66,67,17021,synthetic-03077,28,true
2026-05-18,21:00,Instagram,5 ways to improve your study routine,Education,Educational,928,34,73,117,17235,synthetic-03078,72,true
2026-06-01,18:30,Instagram,How our new feature improves productivity,Product,Informational,1797,204,140,468,42648,synthetic-03079,195,true
2026-08-05,19:00,Facebook,How AI is changing the way we work,AI,Promotional,1318,96,126,219,44920,synthetic-03080,185,true
2026-01-02,19:00,X,Beginner guide to artificial intelligence,AI,Entertainment,1176,79,150,284,28617,synthetic-03081,149,true
2026-04-21,20:30,Instagram,How to create engaging social media posts,Marketing,Informational,938,67,80,259,27314,synthetic-03082,190,true
2026-02-23,09:00,Instagram,Top Python mistakes beginners make,Python,Promotional,3100,237,410,620,51921,synthetic-03083,22,true
2026-05-10,19:30,X,Python tricks that save coding time,Python,Promotional,407,45,18,99,22429,synthetic-03084,171,true
2026-06-08,21:00,Instagram,5 ways to improve your study routine,Education,Educational,782,35,68,106,15409,synthetic-03085,72,true
2026-07-10,18:00,Facebook,Ways to grow your online audience,Marketing,Educational,1035,120,88,222,31292,synthetic-03086,110,true
2026-03-09,20:00,Facebook,Social media tips for better engagement,Marketing,Educational,1759,79,142,309,25975,synthetic-03087,130,true
2026-08-27,17:30,LinkedIn,Beginner guide to modern technology,Technology,Entertainment,386,45,40,72,7037,synthetic-03088,136,true
2026-03-22,17:00,Facebook,Python tricks that save coding time,Python,Educational,1702,81,216,484,46071,synthetic-03089,29,true
2026-07-03,20:30,Instagram,Simple study tips for better results,Education,Entertainment,1061,82,50,201,21937,synthetic-03090,152,true
2026-06-01,09:30,X,See what is new in our latest release,Product,Entertainment,1432,105,121,275,24973,synthetic-03091,189,true
2026-02-10,17:00,Instagram,Social media tips for better engagement,Marketing,Entertainment,868,74,51,101,16935,synthetic-03092,18,true
2026-05-10,08:30,Instagram,Best learning habits for students,Education,Entertainment,2244,162,98,289,32083,synthetic-03093,126,true
2026-03-22,21:30,X,How AI is changing the way we work,AI,Informational,471,32,37,72,12189,synthetic-03094,59,true
2026-04-14,17:30,LinkedIn,AI tools that save you 10 hours a week,AI,Entertainment,574,38,64,104,8741,synthetic-03095,32,true
2026-02-05,10:00,LinkedIn,Python tricks that save coding time,Python,Promotional,1723,144,167,142,52161,synthetic-03096,1,true
2026-06-20,10:00,Instagram,5 technologies shaping the future,Technology,Entertainment,888,53,99,123,11976,synthetic-03097,194,true
2026-05-08,08:30,Instagram,Top Python mistakes beginners make,Python,Promotional,1073,81,70,200,29986,synthetic-03098,159,true
2026-03-12,21:00,Instagram,The future of technology explained,Technology,Entertainment,958,49,86,83,12223,synthetic-03099,47,true
2026-09-07,09:30,LinkedIn,How to learn technical skills faster,Education,Educational,470,60,45,44,17316,synthetic-03100,40,true
2026-02-15,18:30,Instagram,Social media tips for better engagement,Marketing,Entertainment,2634,248,296,251,38109,synthetic-03101,196,true
2026-06-23,10:00,X,How technology is changing daily life,Technology,Promotional,1383,74,118,250,50082,synthetic-03102,122,true
2026-01-31,10:30,Facebook,5 Python tips every beginner should know,Python,Promotional,528,32,28,63,11925,synthetic-03103,128,true
2026-05-11,12:30,LinkedIn,Technology trends to watch this year,Technology,Educational,1777,115,178,439,41978,synthetic-03104,56,true
2026-04-21,09:00,Instagram,5 Python tips every beginner should know,Python,Promotional,522,35,60,69,22939,synthetic-03105,16,true
2026-04-09,17:30,LinkedIn,5 ways to improve your study routine,Education,Entertainment,1223,55,96,274,29753,synthetic-03106,100,true
2026-04-04,21:00,X,How AI is changing the way we work,AI,Educational,1534,179,92,352,37518,synthetic-03107,50,true
2026-01-29,12:00,Instagram,Content ideas that attract more viewers,Marketing,Informational,1456,62,90,369,45686,synthetic-03108,49,true
2026-01-15,19:30,Instagram,Simple marketing strategies for beginners,Marketing,Promotional,717,73,85,135,25079,synthetic-03109,68,true
2026-05-17,21:00,Facebook,Learn Python functions with simple examples,Python,Educational,3218,344,437,774,53287,synthetic-03110,84,true
2026-04-25,18:00,X,How to create engaging social media posts,Marketing,Promotional,747,81,102,133,27579,synthetic-03111,76,true
2026-09-24,20:30,Facebook,Our new dashboard feature is live,Product,Promotional,495,47,25,100,13678,synthetic-03112,146,true
2026-07-14,10:30,X,Our new dashboard feature is live,Product,Informational,512,33,36,109,20406,synthetic-03113,55,true
2026-02-16,20:30,Facebook,Simple marketing strategies for beginners,Marketing,Educational,1801,186,239,367,25376,synthetic-03114,141,true
2026-02-03,21:00,Instagram,Ways to grow your online audience,Marketing,Entertainment,2337,110,172,318,38846,synthetic-03115,135,true
2026-10-17,20:30,Facebook,Our new dashboard feature is live,Product,Promotional,535,47,27,118,15307,synthetic-03116,146,true
2026-03-23,08:00,Facebook,Latest AI trends you should know,AI,Educational,587,61,39,66,8154,synthetic-03117,147,true
2026-08-08,12:00,Facebook,Latest AI trends you should know,AI,Entertainment,847,71,121,150,12314,synthetic-03118,140,true
2026-05-19,08:30,LinkedIn,Python tricks that save coding time,Python,Promotional,1128,56,133,196,32256,synthetic-03119,127,true
2026-07-27,12:30,X,Simple marketing strategies for beginners,Marketing,Informational,753,55,64,112,39165,synthetic-03120,83,true
2026-09-19,12:00,Facebook,5 ways to improve your study routine,Education,Informational,1555,94,150,334,28376,synthetic-03121,54,true
2025-12-23,17:00,Facebook,Simple study tips for better results,Education,Informational,1933,212,75,540,33733,synthetic-03122,70,true
2026-07-01,20:30,Instagram,Simple study tips for better results,Education,Entertainment,924,61,41,177,18069,synthetic-03123,152,true
2026-02-10,10:00,X,Best learning habits for students,Education,Educational,2113,101,233,520,35978,synthetic-03124,165,true
2026-06-29,21:00,Instagram,Easy Python projects for students,Python,Entertainment,2664,345,197,555,45811,synthetic-03125,62,true
2026-04-25,08:30,X,Product update: new tools for users,Product,Promotional,396,43,56,37,12967,synthetic-03126,116,true
2026-06-19,09:30,Facebook,Learn Python functions with simple examples,Python,Promotional,393,37,42,33,9980,synthetic-03127,93,true
2026-07-02,14:00,Facebook,The future of technology explained,Technology,Promotional,1522,118,106,304,51394,synthetic-03128,183,true
2026-05-31,21:00,Instagram,5 ways to improve your study routine,Education,Educational,804,33,71,110,16213,synthetic-03129,72,true
2026-08-27,18:00,Facebook,5 Python tips every beginner should know,Python,Promotional,991,75,97,158,29511,synthetic-03130,57,true
2026-01-16,17:00,Instagram,Social media tips for better engagement,Marketing,Entertainment,1246,110,67,137,25433,synthetic-03131,18,true
2026-03-06,19:30,LinkedIn,Social media tips for better engagement,Marketing,Entertainment,3520,320,387,756,53180,synthetic-03132,113,true
2026-02-10,10:30,Instagram,Our new dashboard feature is live,Product,Informational,871,72,76,138,10702,synthetic-03133,60,true
2026-08-25,19:00,LinkedIn,Learn Python functions with simple examples,Python,Entertainment,1559,190,194,272,36591,synthetic-03134,176,true
2026-05-14,14:30,LinkedIn,Beginner guide to modern technology,Technology,Educational,570,61,68,77,10787,synthetic-03135,38,true
2026-02-24,08:00,Facebook,Latest AI trends you should know,AI,Educational,615,64,43,75,8789,synthetic-03136,147,true
2026-01-27,21:00,Instagram,5 useful AI tools for students,AI,Promotional,2048,129,212,409,34688,synthetic-03137,198,true
2026-02-22,20:30,Instagram,How AI is changing the way we work,AI,Promotional,803,47,107,180,18686,synthetic-03138,2,true
2026-07-22,17:30,X,New product update is now available,Product,Informational,993,106,64,96,25303,synthetic-03139,48,true
2026-07-27,12:30,X,Simple marketing strategies for beginners,Marketing,Informational,637,47,52,103,36411,synthetic-03140,83,true
2026-01-14,09:30,Facebook,Python tricks that save coding time,Python,Educational,1925,234,216,163,34008,synthetic-03141,115,true
2026-08-12,12:00,Instagram,Product update: new tools for users,Product,Educational,1840,96,110,174,23107,synthetic-03142,63,true
2026-01-12,14:30,LinkedIn,5 useful AI tools for students,AI,Promotional,408,37,39,45,25309,synthetic-03143,108,true
2025-12-17,18:30,Instagram,How to create engaging social media posts,Marketing,Educational,719,30,96,198,9453,synthetic-03144,177,true
2026-05-29,20:30,X,Social media tips for better engagement,Marketing,Entertainment,669,76,82,80,12705,synthetic-03145,144,true
2026-03-13,08:30,Facebook,How to learn technical skills faster,Education,Educational,357,25,19,67,9335,synthetic-03146,80,true
2026-07-16,18:30,Facebook,Simple study tips for better results,Education,Informational,2525,222,258,321,42770,synthetic-03147,45,true
2026-06-08,20:30,Facebook,Important skills every student should learn,Education,Entertainment,702,33,75,196,9807,synthetic-03148,99,true
2026-04-26,20:00,Facebook,Social media tips for better engagement,Marketing,Educational,2295,105,196,350,35335,synthetic-03149,130,true
2026-09-29,14:30,X,Python tricks that save coding time,Python,Educational,1511,62,120,311,32841,synthetic-03150,107,true
2026-03-23,18:30,Instagram,Technology trends to watch this year,Technology,Informational,2177,153,208,219,39526,synthetic-03151,143,true
2026-01-26,19:30,Facebook,5 useful AI tools for students,AI,Promotional,2252,237,211,486,43895,synthetic-03152,25,true
2025-12-20,14:30,Instagram,Product update: new tools for users,Product,Informational,2365,209,354,640,41767,synthetic-03153,168,true
2026-03-10,21:00,X,How AI is changing the way we work,AI,Educational,1580,172,83,322,34909,synthetic-03154,50,true
2026-03-31,20:30,Instagram,How to create engaging social media posts,Marketing,Informational,1027,75,84,277,28523,synthetic-03155,190,true
2026-03-28,18:30,X,How our new feature improves productivity,Product,Entertainment,645,52,86,125,15736,synthetic-03156,134,true
2026-07-26,09:30,Facebook,Learn Python functions with simple examples,Python,Promotional,434,42,47,36,12938,synthetic-03157,93,true
2026-07-29,12:30,X,Simple marketing strategies for beginners,Marketing,Informational,646,48,53,88,34211,synthetic-03158,83,true
2026-05-09,18:30,X,How our new feature improves productivity,Product,Educational,2400,170,135,416,51516,synthetic-03159,46,true
2026-08-13,18:00,Instagram,Product update: new tools for users,Product,Educational,1500,177,118,253,19086,synthetic-03160,153,true
2026-03-08,14:30,Instagram,5 useful AI tools for students,AI,Educational,2510,144,256,668,26199,synthetic-03161,51,true
2026-09-18,08:00,X,AI tools that save you 10 hours a week,AI,Educational,539,57,31,100,10179,synthetic-03162,19,true
2026-03-28,17:30,LinkedIn,5 ways to improve your study routine,Education,Entertainment,1319,64,120,295,32038,synthetic-03163,100,true
2026-06-12,21:00,Instagram,5 ways to improve your study routine,Education,Educational,808,34,73,113,15300,synthetic-03164,72,true
2026-02-19,09:30,LinkedIn,Easy Python projects for students,Python,Educational,1631,139,142,236,34449,synthetic-03165,106,true
2026-05-23,21:30,Facebook,5 Python tips every beginner should know,Python,Promotional,152,13,19,23,8469,synthetic-03166,33,true
2026-08-14,18:00,Facebook,Ways to grow your online audience,Marketing,Educational,880,103,81,206,25561,synthetic-03167,110,true
2026-09-19,17:30,LinkedIn,Latest AI trends you should know,AI,Promotional,350,36,33,90,10505,synthetic-03168,175,true
2026-07-24,18:00,Facebook,Ways to grow your online audience,Marketing,Educational,885,107,84,202,26202,synthetic-03169,110,true
2026-01-30,08:00,Facebook,Learn Python functions with simple examples,Python,Promotional,1741,151,98,247,50251,synthetic-03170,137,true
2026-04-13,17:30,X,Ways to grow your online audience,Marketing,Educational,1161,93,65,188,38703,synthetic-03171,184,true
2026-08-26,12:30,Facebook,How our new feature improves productivity,Product,Promotional,2517,249,322,515,54630,synthetic-03172,36,true
2026-09-19,17:30,LinkedIn,Latest AI trends you should know,AI,Promotional,343,35,34,101,10806,synthetic-03173,175,true
2026-09-13,19:00,Facebook,How AI is changing the way we work,AI,Promotional,1144,84,108,179,38460,synthetic-03174,185,true
2026-07-04,19:30,Instagram,How our new feature improves productivity,Product,Promotional,1126,54,60,192,29192,synthetic-03175,138,true
2026-07-27,19:00,Instagram,Simple marketing strategies for beginners,Marketing,Promotional,3045,252,418,384,51073,synthetic-03176,89,true
2026-07-09,14:30,X,Technology trends to watch this year,Technology,Informational,974,103,71,89,23985,synthetic-03177,148,true
2026-03-07,21:00,Instagram,How AI is changing the way we work,AI,Entertainment,4449,232,382,601,42162,synthetic-03178,81,true
2026-07-03,10:30,Facebook,Easy Python projects for students,Python,Educational,1325,59,120,201,46187,synthetic-03179,96,true
2026-09-30,09:30,LinkedIn,How AI is changing the way we work,AI,Promotional,366,31,44,67,13053,synthetic-03180,121,true
2026-02-11,10:30,Instagram,Our new dashboard feature is live,Product,Informational,1021,90,98,182,13671,synthetic-03181,60,true
2026-08-05,17:30,LinkedIn,Beginner guide to modern technology,Technology,Entertainment,467,56,49,78,8137,synthetic-03182,136,true
2026-08-27,19:00,LinkedIn,Learn Python functions with simple examples,Python,Entertainment,2048,229,255,330,49254,synthetic-03183,176,true
2026-02-08,18:30,LinkedIn,Beginner guide to artificial intelligence,AI,Educational,1084,140,147,288,19314,synthetic-03184,167,true
2026-04-16,09:30,Instagram,Learn Python functions with simple examples,Python,Entertainment,3856,423,372,922,47294,synthetic-03185,4,true
2026-06-16,10:00,Instagram,How technology is changing daily life,Technology,Promotional,925,81,75,245,40731,synthetic-03186,142,true
2026-03-16,09:30,LinkedIn,Simple study tips for better results,Education,Informational,458,38,58,82,12848,synthetic-03187,77,true
2026-03-20,21:00,X,How AI is changing the way we work,AI,Educational,1495,158,83,323,32930,synthetic-03188,50,true
2026-02-06,12:00,X,How our new feature improves productivity,Product,Entertainment,1153,76,168,283,33514,synthetic-03189,180,true
2026-10-08,10:30,Facebook,Learn Python functions with simple examples,Python,Entertainment,1220,142,83,311,16712,synthetic-03190,53,true
2026-04-08,18:30,X,How our new feature improves productivity,Product,Educational,2440,183,134,410,53819,synthetic-03191,46,true
2026-03-14,20:30,X,Latest AI trends you should know,AI,Entertainment,327,15,50,64,9254,synthetic-03192,170,true
2026-02-04,10:00,Facebook,Best learning habits for students,Education,Informational,1758,150,79,196,42316,synthetic-03193,155,true
2026-03-13,18:30,Facebook,Product update: new tools for users,Product,Educational,1716,223,189,171,43101,synthetic-03194,154,true
2026-06-09,12:30,LinkedIn,Technology trends to watch this year,Technology,Educational,1726,114,158,409,42406,synthetic-03195,56,true
2026-03-07,12:00,Instagram,Learn Python functions with simple examples,Python,Promotional,453,37,51,123,9648,synthetic-03196,181,true
2025-12-08,14:30,Instagram,Product update: new tools for users,Product,Informational,3009,277,467,801,55966,synthetic-03197,168,true
2026-01-16,18:30,Instagram,Social media tips for better engagement,Marketing,Entertainment,3014,277,348,269,41318,synthetic-03198,196,true
2026-06-04,09:30,X,See what is new in our latest release,Product,Entertainment,1374,101,107,252,22900,synthetic-03199,189,true
2026-07-06,08:00,X,Beginner guide to modern technology,Technology,Informational,528,62,71,87,22420,synthetic-03200,133,true
2026-07-21,17:30,LinkedIn,Beginner guide to modern technology,Technology,Entertainment,427,55,50,81,8000,synthetic-03201,136,true
2026-03-19,19:30,X,Simple marketing strategies for beginners,Marketing,Informational,328,15,14,66,15387,synthetic-03202,15,true
2026-02-09,21:00,Instagram,Ways to grow your online audience,Marketing,Entertainment,2226,99,156,290,35840,synthetic-03203,135,true
2026-07-17,12:00,Instagram,Simple marketing strategies for beginners,Marketing,Educational,2501,104,114,637,36782,synthetic-03204,197,true
2026-08-05,12:30,X,Simple marketing strategies for beginners,Marketing,Informational,819,55,61,120,42504,synthetic-03205,83,true
2026-04-27,20:30,Instagram,How to create engaging social media posts,Marketing,Informational,884,56,70,233,22794,synthetic-03206,190,true
2026-03-27,21:00,Instagram,How AI is changing the way we work,AI,Entertainment,3860,191,323,511,34923,synthetic-03207,81,true
2026-02-20,21:00,Instagram,Ways to grow your online audience,Marketing,Entertainment,2211,110,166,332,36908,synthetic-03208,135,true
2026-06-26,09:30,X,See what is new in our latest release,Product,Entertainment,1466,111,125,294,28526,synthetic-03209,189,true
2026-06-26,14:00,Facebook,The future of technology explained,Technology,Promotional,1342,101,99,284,42453,synthetic-03210,183,true
2026-04-10,19:30,X,Python tricks that save coding time,Python,Promotional,425,48,18,93,24285,synthetic-03211,171,true
2026-06-06,18:00,X,Social media tips for better engagement,Marketing,Informational,752,55,78,93,20497,synthetic-03212,102,true
2026-06-01,12:00,Facebook,Important skills every student should learn,Education,Entertainment,1927,220,273,239,24723,synthetic-03213,123,true
2026-06-12,17:00,LinkedIn,Content ideas that attract more viewers,Marketing,Promotional,1678,221,252,375,46046,synthetic-03214,12,true
2026-03-28,18:00,X,How to create engaging social media posts,Marketing,Promotional,786,78,103,126,29619,synthetic-03215,76,true
2026-03-07,09:30,X,Python tricks that save coding time,Python,Educational,664,64,29,72,30732,synthetic-03216,61,true
2025-12-19,14:30,Instagram,Product update: new tools for users,Product,Informational,3014,270,432,831,51418,synthetic-03217,168,true
2026-05-04,19:00,Instagram,Best learning habits for students,Education,Educational,723,59,40,107,10054,synthetic-03218,24,true
2025-12-15,10:30,Facebook,5 Python tips every beginner should know,Python,Promotional,423,25,22,54,10912,synthetic-03219,128,true
2026-02-20,14:30,LinkedIn,Simple study tips for better results,Education,Entertainment,2169,267,137,446,37318,synthetic-03220,73,true
2026-07-23,14:30,LinkedIn,Latest AI trends you should know,AI,Educational,1489,118,195,198,25431,synthetic-03221,74,true
2026-01-23,08:30,Facebook,How to learn technical skills faster,Education,Educational,313,24,18,66,8184,synthetic-03222,80,true
2026-04-30,08:30,Instagram,Top Python mistakes beginners make,Python,Promotional,917,71,56,184,23995,synthetic-03223,159,true
2026-01-05,17:00,Facebook,Simple study tips for better results,Education,Informational,1614,189,65,448,28114,synthetic-03224,70,true
2026-07-08,12:00,Facebook,5 technologies shaping the future,Technology,Entertainment,1359,78,200,200,22344,synthetic-03225,161,true
2025-12-21,18:30,LinkedIn,Beginner guide to artificial intelligence,AI,Educational,834,104,124,236,14323,synthetic-03226,167,true
2026-08-20,18:00,Facebook,Ways to grow your online audience,Marketing,Educational,958,125,88,226,29453,synthetic-03227,110,true
2026-01-29,10:30,Facebook,5 Python tips every beginner should know,Python,Promotional,506,30,25,62,11970,synthetic-03228,128,true
2026-09-08,14:00,Facebook,How to learn technical skills faster,Education,Informational,554,33,70,148,12082,synthetic-03229,166,true
2026-06-07,19:00,X,5 technologies shaping the future,Technology,Informational,826,37,70,114,29869,synthetic-03230,157,true
2026-03-20,19:30,X,Content ideas that attract more viewers,Marketing,Promotional,241,22,18,42,18304,synthetic-03231,17,true
2026-05-08,12:30,LinkedIn,Technology trends to watch this year,Technology,Educational,1452,87,132,339,31296,synthetic-03232,56,true
2026-04-08,21:30,Facebook,Learn Python functions with simple examples,Python,Informational,1248,92,148,259,54330,synthetic-03233,78,true
2026-04-09,21:30,Facebook,Learn Python functions with simple examples,Python,Informational,1006,73,123,201,41183,synthetic-03234,78,true
2026-05-20,14:00,Instagram,Important skills every student should learn,Education,Informational,2024,194,157,364,28206,synthetic-03235,37,true
2026-01-08,12:00,Facebook,How to create engaging social media posts,Marketing,Educational,1087,106,78,169,27449,synthetic-03236,5,true
2026-03-24,17:30,X,Ways to grow your online audience,Marketing,Educational,1125,87,64,193,39467,synthetic-03237,184,true
2026-06-29,09:00,LinkedIn,Social media tips for better engagement,Marketing,Informational,948,60,58,136,40092,synthetic-03238,26,true
2026-02-06,14:30,Instagram,5 technologies shaping the future,Technology,Promotional,929,53,48,191,26469,synthetic-03239,104,true
2026-04-01,20:30,Instagram,How to create engaging social media posts,Marketing,Informational,947,66,78,250,25193,synthetic-03240,190,true
2026-03-11,09:30,X,Python tricks that save coding time,Python,Educational,793,83,40,96,39169,synthetic-03241,61,true
2026-01-15,19:30,Facebook,5 useful AI tools for students,AI,Promotional,2108,229,205,459,44102,synthetic-03242,25,true
2026-05-15,08:30,LinkedIn,Simple study tips for better results,Education,Entertainment,1672,184,111,366,25206,synthetic-03243,20,true
2026-04-30,21:00,Instagram,How AI is changing the way we work,AI,Entertainment,3750,190,348,518,37803,synthetic-03244,81,true
2026-01-10,19:30,Instagram,Simple marketing strategies for beginners,Marketing,Promotional,750,69,81,146,26428,synthetic-03245,68,true
2026-02-20,08:00,Facebook,Latest AI trends you should know,AI,Educational,629,69,43,75,8516,synthetic-03246,147,true
2026-03-09,21:30,X,How AI is changing the way we work,AI,Informational,493,31,38,64,11912,synthetic-03247,59,true
2026-05-27,12:30,LinkedIn,Technology trends to watch this year,Technology,Educational,1939,115,176,435,42803,synthetic-03248,56,true
2026-03-30,20:30,Instagram,How to create engaging social media posts,Marketing,Informational,1088,69,83,263,28581,synthetic-03249,190,true
2026-04-24,18:00,X,How to create engaging social media posts,Marketing,Promotional,686,69,87,121,25767,synthetic-03250,76,true
2026-05-18,17:00,Instagram,5 useful AI tools for students,AI,Entertainment,3637,201,257,828,39079,synthetic-03251,186,true
2026-06-15,21:30,Facebook,5 Python tips every beginner should know,Python,Promotional,128,10,15,17,6683,synthetic-03252,33,true
2026-02-20,12:00,Facebook,How to create engaging social media posts,Marketing,Educational,1241,128,104,209,33913,synthetic-03253,5,true
2026-04-07,19:30,X,Simple marketing strategies for beginners,Marketing,Informational,317,14,14,64,14322,synthetic-03254,15,true
2026-08-18,20:00,X,5 Python tips every beginner should know,Python,Educational,366,14,28,74,12884,synthetic-03255,129,true
2026-04-28,17:00,Instagram,5 useful AI tools for students,AI,Entertainment,3357,190,246,761,40974,synthetic-03256,186,true
2026-10-18,08:30,LinkedIn,Learn Python functions with simple examples,Python,Informational,197,22,23,60,5784,synthetic-03257,34,true
2026-06-09,19:30,Instagram,How our new feature improves productivity,Product,Promotional,1062,49,56,165,27425,synthetic-03258,138,true
2026-07-26,17:30,X,New product update is now available,Product,Informational,817,85,49,81,19084,synthetic-03259,48,true
2026-04-03,14:30,LinkedIn,Beginner guide to modern technology,Technology,Educational,622,67,67,79,11225,synthetic-03260,38,true
2026-03-31,08:30,Instagram,Simple marketing strategies for beginners,Marketing,Promotional,961,50,125,255,29880,synthetic-03261,7,true
2026-02-11,12:00,X,How our new feature improves productivity,Product,Entertainment,1294,85,195,308,39082,synthetic-03262,180,true
2026-07-28,19:30,Instagram,How our new feature improves productivity,Product,Promotional,1262,61,73,198,31812,synthetic-03263,138,true
2026-05-26,21:30,LinkedIn,5 technologies shaping the future,Technology,Promotional,1516,156,184,158,43938,synthetic-03264,85,true
2026-08-12,09:30,Facebook,AI tools that save you 10 hours a week,AI,Informational,1158,94,123,308,39688,synthetic-03265,103,true
2026-07-08,10:30,LinkedIn,How technology is changing daily life,Technology,Promotional,102,13,12,18,5614,synthetic-03266,30,true
2026-04-12,17:30,X,Ways to grow your online audience,Marketing,Educational,1007,80,55,179,34909,synthetic-03267,184,true
2026-01-14,14:30,LinkedIn,5 useful AI tools for students,AI,Promotional,394,33,35,44,23457,synthetic-03268,108,true
2026-05-26,10:00,Instagram,5 technologies shaping the future,Technology,Entertainment,792,48,87,109,11258,synthetic-03269,194,true
2026-03-21,14:30,LinkedIn,Simple study tips for better results,Education,Entertainment,1772,240,130,359,30915,synthetic-03270,73,true
2026-04-04,14:30,Facebook,5 technologies shaping the future,Technology,Promotional,1042,77,54,304,26867,synthetic-03271,87,true
2026-09-29,12:00,Facebook,5 Python tips every beginner should know,Python,Informational,1181,155,64,243,21623,synthetic-03272,13,true
2026-06-26,19:30,X,How to create engaging social media posts,Marketing,Informational,1667,200,129,178,41842,synthetic-03273,162,true
2026-07-19,12:00,Facebook,Latest AI trends you should know,AI,Entertainment,1078,90,146,186,14289,synthetic-03274,140,true
2026-08-16,09:00,LinkedIn,New product update is now available,Product,Entertainment,343,18,37,70,10873,synthetic-03275,9,true
2026-08-05,09:00,Instagram,Beginner guide to artificial intelligence,AI,Educational,1340,149,174,272,32423,synthetic-03276,101,true
2026-05-15,20:30,X,Social media tips for better engagement,Marketing,Entertainment,619,66,69,71,11101,synthetic-03277,144,true
2026-08-06,12:00,Instagram,Simple marketing strategies for beginners,Marketing,Educational,2397,99,119,642,36834,synthetic-03278,197,true
2026-09-18,09:30,Facebook,AI tools that save you 10 hours a week,AI,Informational,1275,94,128,306,41089,synthetic-03279,103,true
2026-03-28,08:30,Instagram,Simple marketing strategies for beginners,Marketing,Promotional,1193,68,171,304,33765,synthetic-03280,7,true
2026-05-28,09:30,Instagram,Learn Python functions with simple examples,Python,Entertainment,3417,398,389,816,44054,synthetic-03281,4,true
2026-09-19,10:30,Facebook,Learn Python functions with simple examples,Python,Entertainment,1260,151,84,328,19354,synthetic-03282,53,true
2026-04-03,17:30,LinkedIn,AI tools that save you 10 hours a week,AI,Entertainment,660,46,72,118,10537,synthetic-03283,32,true
2026-02-03,14:30,LinkedIn,Simple study tips for better results,Education,Entertainment,1982,250,123,391,31878,synthetic-03284,73,true
2026-03-21,19:00,Instagram,AI tools that save you 10 hours a week,AI,Promotional,1289,118,78,291,31553,synthetic-03285,39,true
2026-05-28,08:30,Instagram,New product update is now available,Product,Entertainment,1131,123,80,268,22462,synthetic-03286,31,true
2026-07-17,21:00,X,Important skills every student should learn,Education,Promotional,764,53,64,161,23040,synthetic-03287,156,true
2026-04-09,10:30,X,5 Python tips every beginner should know,Python,Informational,1620,185,191,230,48433,synthetic-03288,172,true
2026-03-06,20:00,Instagram,Important skills every student should learn,Education,Educational,1097,75,138,183,25428,synthetic-03289,145,true
2026-01-27,20:00,LinkedIn,How technology is changing daily life,Technology,Entertainment,929,94,145,265,21035,synthetic-03290,14,true
2025-12-13,08:00,X,5 ways to improve your study routine,Education,Informational,863,97,81,213,24435,synthetic-03291,64,true
2026-07-11,12:30,Instagram,Ways to grow your online audience,Marketing,Educational,1566,133,78,350,18767,synthetic-03292,79,true
2026-04-24,14:30,LinkedIn,Beginner guide to modern technology,Technology,Educational,654,75,78,90,12752,synthetic-03293,38,true
2026-06-25,17:30,X,New product update is now available,Product,Informational,893,100,59,90,22978,synthetic-03294,48,true
2026-07-30,12:00,Instagram,Product update: new tools for users,Product,Educational,1662,94,106,174,22295,synthetic-03295,63,true
2026-07-29,12:30,X,Simple marketing strategies for beginners,Marketing,Informational,597,44,47,90,33224,synthetic-03296,83,true
2026-04-07,10:00,Facebook,Ways to grow your online audience,Marketing,Informational,747,54,56,119,29705,synthetic-03297,3,true
2026-04-13,19:30,X,Python tricks that save coding time,Python,Promotional,482,51,19,101,24371,synthetic-03298,171,true
2026-07-14,14:30,LinkedIn,Latest AI trends you should know,AI,Educational,1632,142,212,221,24905,synthetic-03299,74,true
2026-06-26,12:30,X,Beginner guide to modern technology,Technology,Educational,1829,160,214,481,34475,synthetic-03300,44,true
2026-04-29,18:30,X,How our new feature improves productivity,Product,Educational,1799,140,99,306,44722,synthetic-03301,46,true
2026-07-09,09:00,Instagram,Beginner guide to artificial intelligence,AI,Educational,1183,135,163,237,32844,synthetic-03302,101,true
2026-03-25,17:30,Instagram,Top Python mistakes beginners make,Python,Promotional,2828,178,152,335,52353,synthetic-03303,112,true
2025-12-18,14:30,LinkedIn,5 useful AI tools for students,AI,Promotional,357,30,31,37,22281,synthetic-03304,108,true
2026-08-21,12:00,Facebook,5 Python tips every beginner should know,Python,Informational,1293,161,63,227,21387,synthetic-03305,13,true
2026-05-25,17:00,LinkedIn,Content ideas that attract more viewers,Marketing,Promotional,1277,170,181,290,35400,synthetic-03306,12,true
2026-05-19,21:00,Facebook,Learn Python functions with simple examples,Python,Educational,2634,316,385,688,45524,synthetic-03307,84,true
2026-02-14,20:00,Instagram,Important skills every student should learn,Education,Educational,1180,79,144,189,27526,synthetic-03308,145,true
2026-07-03,09:00,Instagram,Beginner guide to artificial intelligence,AI,Educational,1175,129,157,244,31262,synthetic-03309,101,true
2026-08-17,14:00,Facebook,How to learn technical skills faster,Education,Informational,512,31,61,144,11105,synthetic-03310,166,true
2026-07-24,19:00,X,Python tricks that save coding time,Python,Promotional,819,93,75,86,25217,synthetic-03311,11,true
2026-06-26,14:00,Facebook,The future of technology explained,Technology,Promotional,1762,132,125,339,50971,synthetic-03312,183,true
2026-06-05,19:00,X,Python tricks that save coding time,Python,Promotional,704,79,73,75,22814,synthetic-03313,11,true
2026-09-09,20:30,LinkedIn,Social media tips for better engagement,Marketing,Promotional,1398,99,199,233,56380,synthetic-03314,160,true
2026-08-19,12:30,Facebook,How our new feature improves productivity,Product,Promotional,1940,187,250,389,40434,synthetic-03315,36,true
2026-03-22,08:30,Facebook,How to learn technical skills faster,Education,Educational,411,30,22,80,10364,synthetic-03316,80,true
2026-01-31,20:30,LinkedIn,Important skills every student should learn,Education,Educational,1821,83,294,499,41122,synthetic-03317,97,true
2026-09-08,14:30,X,Python tricks that save coding time,Python,Educational,1963,79,152,418,46483,synthetic-03318,107,true
2026-02-11,09:30,Facebook,Python tricks that save coding time,Python,Educational,1777,242,217,160,34262,synthetic-03319,115,true
2026-08-31,09:30,LinkedIn,Ways to grow your online audience,Marketing,Promotional,155,6,9,13,7100,synthetic-03320,132,true
2026-02-20,09:30,Instagram,Simple marketing strategies for beginners,Marketing,Informational,990,112,142,198,21901,synthetic-03321,118,true
2026-06-30,09:30,Facebook,Learn Python functions with simple examples,Python,Promotional,387,40,41,35,10990,synthetic-03322,93,true
2026-03-23,12:00,Instagram,Learn Python functions with simple examples,Python,Promotional,555,40,58,141,11819,synthetic-03323,181,true
2026-02-25,20:30,Facebook,Simple marketing strategies for beginners,Marketing,Educational,1457,157,213,305,20539,synthetic-03324,141,true
2026-03-23,21:00,Instagram,How AI is changing the way we work,AI,Entertainment,3729,199,354,511,39907,synthetic-03325,81,true
2026-05-28,10:00,Facebook,See what is new in our latest release,Product,Educational,818,45,51,133,17658,synthetic-03326,43,true
2026-04-04,17:00,Facebook,Python tricks that save coding time,Python,Educational,2000,92,230,541,50601,synthetic-03327,29,true
2026-06-29,20:30,X,Social media tips for better engagement,Marketing,Entertainment,800,92,93,98,14967,synthetic-03328,144,true
2026-03-07,12:00,Instagram,Learn Python functions with simple examples,Python,Promotional,498,43,57,140,10710,synthetic-03329,181,true
2026-04-28,18:00,Facebook,The future of technology explained,Technology,Educational,783,97,96,165,29475,synthetic-03330,109,true
2026-04-20,17:30,Instagram,Top Python mistakes beginners make,Python,Promotional,2397,144,137,317,47109,synthetic-03331,112,true
2026-07-13,09:30,Facebook,Learn Python functions with simple examples,Python,Promotional,393,41,45,34,11792,synthetic-03332,93,true
2026-08-26,18:00,Instagram,Product update: new tools for users,Product,Educational,1907,217,156,328,23410,synthetic-03333,153,true
2026-03-16,21:30,Instagram,How our new feature improves productivity,Product,Informational,4261,419,318,593,56738,synthetic-03334,35,true
2026-05-09,09:30,Instagram,Learn Python functions with simple examples,Python,Entertainment,3497,392,348,838,42125,synthetic-03335,4,true
2026-07-22,19:00,Instagram,Simple marketing strategies for beginners,Marketing,Promotional,2294,219,339,302,41259,synthetic-03336,89,true
2026-09-20,08:30,LinkedIn,Learn Python functions with simple examples,Python,Informational,186,20,20,51,5021,synthetic-03337,34,true
2026-03-28,14:30,LinkedIn,Beginner guide to modern technology,Technology,Educational,549,64,64,75,11169,synthetic-03338,38,true
2025-12-28,12:30,LinkedIn,Easy Python projects for students,Python,Entertainment,1420,61,203,434,22148,synthetic-03339,187,true
2026-06-14,09:00,LinkedIn,Top Python mistakes beginners make,Python,Informational,1371,69,205,374,44860,synthetic-03340,179,true
2026-01-21,20:00,LinkedIn,How technology is changing daily life,Technology,Entertainment,999,87,138,280,21885,synthetic-03341,14,true
2026-02-04,14:30,Instagram,Product update: new tools for users,Product,Informational,2967,265,419,798,49771,synthetic-03342,168,true
2026-02-22,10:00,Facebook,Best learning habits for students,Education,Informational,2084,184,100,238,52370,synthetic-03343,155,true
2026-07-05,21:00,X,Important skills every student should learn,Education,Promotional,802,56,66,179,25548,synthetic-03344,156,true
2026-01-26,09:00,Instagram,Content ideas that attract more viewers,Marketing,Informational,1357,111,168,122,23128,synthetic-03345,125,true
2026-01-25,09:00,Facebook,Ways to grow your online audience,Marketing,Entertainment,616,45,61,66,8362,synthetic-03346,90,true
2026-01-20,08:30,Facebook,Beginner guide to modern technology,Technology,Promotional,526,52,60,86,16471,synthetic-03347,158,true
2026-09-26,18:00,Instagram,Product update: new tools for users,Product,Educational,1648,168,131,249,20419,synthetic-03348,153,true
2026-05-05,09:30,Facebook,Beginner guide to modern technology,Technology,Educational,676,49,39,198,27080,synthetic-03349,27,true
2026-03-17,20:00,Facebook,Social media tips for better engagement,Marketing,Educational,1802,77,152,292,27682,synthetic-03350,130,true
2026-09-08,10:30,Facebook,Learn Python functions with simple examples,Python,Entertainment,1216,153,76,314,18362,synthetic-03351,53,true
2026-04-08,20:30,LinkedIn,Learn Python functions with simple examples,Python,Entertainment,1517,157,144,408,30266,synthetic-03352,41,true
2026-04-03,21:30,Facebook,Learn Python functions with simple examples,Python,Informational,1037,67,110,191,42426,synthetic-03353,78,true
2026-05-23,09:30,Facebook,Beginner guide to modern technology,Technology,Educational,579,39,30,173,22829,synthetic-03354,27,true
2026-03-30,21:30,LinkedIn,5 technologies shaping the future,Technology,Promotional,1788,202,206,201,54402,synthetic-03355,85,true
2026-02-07,10:00,X,Best learning habits for students,Education,Educational,2193,115,242,597,41360,synthetic-03356,165,true
2026-04-20,17:30,X,Ways to grow your online audience,Marketing,Educational,1241,91,69,201,41457,synthetic-03357,184,true
2026-08-09,08:00,Facebook,How AI is changing the way we work,AI,Promotional,437,42,44,115,25055,synthetic-03358,21,true
2026-07-08,17:00,Facebook,How to learn technical skills faster,Education,Educational,1018,86,55,96,35790,synthetic-03359,150,true
2026-07-07,17:30,LinkedIn,Beginner guide to modern technology,Technology,Promotional,586,50,55,102,17631,synthetic-03360,151,true
2026-03-23,19:00,Instagram,AI tools that save you 10 hours a week,AI,Promotional,1369,127,90,323,36423,synthetic-03361,39,true
2026-04-01,21:00,Instagram,The future of technology explained,Technology,Entertainment,750,39,63,64,8678,synthetic-03362,47,true
2026-08-28,18:00,Instagram,Product update: new tools for users,Product,Educational,1655,170,128,268,19897,synthetic-03363,153,true
2026-03-12,21:00,Instagram,The future of technology explained,Technology,Entertainment,885,46,81,79,9739,synthetic-03364,47,true
2026-01-15,08:30,Facebook,Beginner guide to modern technology,Technology,Promotional,499,51,66,82,14746,synthetic-03365,158,true
2026-07-09,17:30,X,New product update is now available,Product,Informational,1027,121,66,102,27794,synthetic-03366,48,true
2026-04-03,21:30,Instagram,How our new feature improves productivity,Product,Informational,4232,467,325,656,57509,synthetic-03367,35,true
2026-03-08,17:00,Facebook,Python tricks that save coding time,Python,Educational,1892,86,242,517,53077,synthetic-03368,29,true
2026-05-09,21:00,Facebook,Learn Python functions with simple examples,Python,Educational,2934,322,432,725,50538,synthetic-03369,84,true
2026-06-16,19:30,X,The future of technology explained,Technology,Promotional,531,54,42,144,27315,synthetic-03370,75,true
2026-04-30,08:30,LinkedIn,Simple study tips for better results,Education,Entertainment,1241,139,87,301,18723,synthetic-03371,20,true
2026-02-18,20:30,Instagram,How AI is changing the way we work,AI,Promotional,942,54,118,225,22238,synthetic-03372,2,true
2025-12-16,08:30,Facebook,Beginner guide to modern technology,Technology,Promotional,577,62,74,97,19235,synthetic-03373,158,true
2025-12-29,08:00,X,5 ways to improve your study routine,Education,Informational,720,78,66,177,20137,synthetic-03374,64,true
2026-04-06,19:00,Instagram,AI tools that save you 10 hours a week,AI,Promotional,1212,116,71,288,33568,synthetic-03375,39,true
2026-05-26,17:00,LinkedIn,Content ideas that attract more viewers,Marketing,Promotional,1744,208,239,377,46366,synthetic-03376,12,true
2026-08-17,09:30,LinkedIn,How AI is changing the way we work,AI,Promotional,303,27,39,61,12349,synthetic-03377,121,true
2026-03-11,21:00,Instagram,Ways to grow your online audience,Marketing,Entertainment,2473,123,191,398,47294,synthetic-03378,135,true
2026-07-27,17:30,LinkedIn,Beginner guide to modern technology,Technology,Promotional,564,45,54,106,16800,synthetic-03379,151,true
2026-02-15,09:00,Facebook,Ways to grow your online audience,Marketing,Entertainment,702,42,66,69,8901,synthetic-03380,90,true
2026-04-06,20:00,X,Easy Python projects for students,Python,Entertainment,1052,68,89,170,32376,synthetic-03381,117,true
2026-01-18,17:00,Instagram,Social media tips for better engagement,Marketing,Entertainment,858,84,48,116,19028,synthetic-03382,18,true
2026-06-02,19:00,X,Python tricks that save coding time,Python,Promotional,654,76,66,68,20325,synthetic-03383,11,true
2026-06-21,09:30,Facebook,The future of technology explained,Technology,Entertainment,1650,211,160,304,25302,synthetic-03384,66,true
2026-06-19,12:00,Facebook,5 technologies shaping the future,Technology,Entertainment,1188,68,164,155,20223,synthetic-03385,161,true
2026-09-29,20:30,Facebook,Our new dashboard feature is live,Product,Promotional,385,36,18,83,10694,synthetic-03386,146,true
2026-05-25,10:30,X,5 Python tips every beginner should know,Python,Informational,1489,188,172,214,49354,synthetic-03387,172,true
2026-01-19,09:30,Facebook,Our new dashboard feature is live,Product,Promotional,225,20,30,28,13269,synthetic-03388,131,true
2026-05-25,21:00,X,Important skills every student should learn,Education,Promotional,719,49,65,155,23239,synthetic-03389,156,true
2025-12-12,14:30,LinkedIn,5 useful AI tools for students,AI,Promotional,475,39,40,56,29234,synthetic-03390,108,true
2026-05-12,20:00,Instagram,Simple marketing strategies for beginners,Marketing,Promotional,555,39,79,141,14201,synthetic-03391,6,true
2026-09-08,20:00,X,5 Python tips every beginner should know,Python,Educational,432,16,35,85,14429,synthetic-03392,129,true
2026-01-12,08:30,X,Product update: new tools for users,Product,Informational,1244,87,176,201,39575,synthetic-03393,200,true
2026-06-14,20:30,Instagram,Simple study tips for better results,Education,Entertainment,894,67,40,171,16961,synthetic-03394,152,true
2025-12-11,09:30,Facebook,Our new dashboard feature is live,Product,Promotional,216,20,28,26,12319,synthetic-03395,131,true
2026-04-21,18:30,X,How our new feature improves productivity,Product,Educational,2399,181,131,409,52744,synthetic-03396,46,true
2026-08-27,20:30,LinkedIn,How technology is changing daily life,Technology,Educational,2093,97,207,190,42917,synthetic-03397,174,true
2026-01-19,08:30,Facebook,Beginner guide to modern technology,Technology,Promotional,492,47,57,77,15045,synthetic-03398,158,true
2026-06-15,09:30,Facebook,The future of technology explained,Technology,Entertainment,1802,206,163,313,27663,synthetic-03399,66,true
2026-03-22,20:00,Instagram,Important skills every student should learn,Education,Educational,1009,67,114,154,22230,synthetic-03400,145,true
2026-04-17,10:00,Facebook,Ways to grow your online audience,Marketing,Informational,660,53,51,109,25140,synthetic-03401,3,true
2025-12-14,10:30,Facebook,5 Python tips every beginner should know,Python,Promotional,444,28,23,64,11055,synthetic-03402,128,true
2026-03-29,12:00,Facebook,Simple marketing strategies for beginners,Marketing,Promotional,876,91,92,148,43964,synthetic-03403,173,true
2026-08-24,14:30,X,Technology trends to watch this year,Technology,Informational,924,88,61,80,21456,synthetic-03404,148,true
2026-02-12,10:30,Instagram,Our new dashboard feature is live,Product,Informational,843,70,72,136,10474,synthetic-03405,60,true
2026-07-05,09:00,LinkedIn,Top Python mistakes beginners make,Python,Informational,1137,56,154,308,33221,synthetic-03406,179,true
2026-09-08,20:30,Facebook,Our new dashboard feature is live,Product,Promotional,510,51,25,125,14309,synthetic-03407,146,true
2026-08-06,08:00,X,AI tools that save you 10 hours a week,AI,Educational,619,74,38,117,12868,synthetic-03408,19,true
2026-06-21,21:30,Facebook,5 Python tips every beginner should know,Python,Promotional,159,13,20,23,8179,synthetic-03409,33,true
2026-05-12,20:30,Instagram,Simple study tips for better results,Education,Entertainment,1025,70,49,185,20848,synthetic-03410,152,true
2026-09-01,12:00,Instagram,Product update: new tools for users,Product,Educational,1603,84,89,149,18902,synthetic-03411,63,true
2026-04-18,17:30,Instagram,Top Python mistakes beginners make,Python,Promotional,2819,173,158,355,48867,synthetic-03412,112,true
2026-05-18,20:30,Instagram,Simple study tips for better results,Education,Entertainment,1121,74,49,204,20351,synthetic-03413,152,true
2026-04-21,17:30,Instagram,Top Python mistakes beginners make,Python,Promotional,3090,191,157,363,56715,synthetic-03414,112,true
2026-04-23,20:30,Instagram,How to create engaging social media posts,Marketing,Informational,1015,70,78,252,25707,synthetic-03415,190,true
2026-03-07,20:30,Facebook,Simple marketing strategies for beginners,Marketing,Educational,1911,189,262,422,27797,synthetic-03416,141,true
2026-02-01,19:30,Facebook,5 useful AI tools for students,AI,Promotional,2232,257,212,480,50198,synthetic-03417,25,true
2026-03-16,09:30,X,Python tricks that save coding time,Python,Educational,742,74,35,84,37506,synthetic-03418,61,true
2026-03-25,20:30,Instagram,How to create engaging social media posts,Marketing,Informational,898,60,74,222,23299,synthetic-03419,190,true
2026-07-05,10:30,X,Our new dashboard feature is live,Product,Informational,536,35,37,112,22335,synthetic-03420,55,true
2026-07-29,14:30,LinkedIn,Latest AI trends you should know,AI,Educational,1574,146,225,231,29429,synthetic-03421,74,true
2026-01-10,14:00,X,Technology trends to watch this year,Technology,Informational,1831,120,157,408,49773,synthetic-03422,23,true
2026-05-16,14:30,LinkedIn,Beginner guide to modern technology,Technology,Educational,644,64,72,81,10921,synthetic-03423,38,true
2026-09-03,10:30,Instagram,New product update is now available,Product,Informational,2392,133,272,562,55534,synthetic-03424,169,true
2026-05-18,09:30,X,See what is new in our latest release,Product,Entertainment,1237,92,107,261,22891,synthetic-03425,189,true
2026-04-29,21:30,Facebook,Beginner guide to modern technology,Technology,Educational,2772,107,273,229,53281,synthetic-03426,193,true
2026-01-28,21:30,X,Technology trends to watch this year,Technology,Informational,124,14,17,24,6687,synthetic-03427,67,true
2026-05-13,20:00,X,Social media tips for better engagement,Marketing,Informational,292,21,31,63,9847,synthetic-03428,82,true
2026-04-25,20:30,X,Latest AI trends you should know,AI,Entertainment,375,18,56,67,10328,synthetic-03429,170,true
2026-08-23,21:30,LinkedIn,Simple study tips for better results,Education,Informational,1399,59,89,140,39123,synthetic-03430,71,true
2026-06-24,08:30,LinkedIn,Python tricks that save coding time,Python,Promotional,1191,64,137,208,38415,synthetic-03431,127,true
2026-09-26,20:30,Facebook,Our new dashboard feature is live,Product,Promotional,552,53,27,120,14691,synthetic-03432,146,true
2026-02-01,21:00,Instagram,Ways to grow your online audience,Marketing,Entertainment,2404,119,179,337,39109,synthetic-03433,135,true
2026-02-15,12:00,Facebook,How to create engaging social media posts,Marketing,Educational,1364,126,109,212,34394,synthetic-03434,5,true
2026-02-26,18:30,Instagram,Social media tips for better engagement,Marketing,Entertainment,3236,321,373,309,45706,synthetic-03435,196,true
2026-02-04,09:30,Facebook,Python tricks that save coding time,Python,Educational,1729,204,214,154,30315,synthetic-03436,115,true
2026-07-15,14:30,X,Technology trends to watch this year,Technology,Informational,928,96,67,95,24451,synthetic-03437,148,true
2026-10-19,14:30,X,Python tricks that save coding time,Python,Educational,1822,76,160,408,43206,synthetic-03438,107,true
2026-01-25,19:00,X,Beginner guide to artificial intelligence,AI,Entertainment,1246,89,161,298,31281,synthetic-03439,149,true
2025-12-30,14:30,Instagram,Product update: new tools for users,Product,Informational,2367,189,350,656,38398,synthetic-03440,168,true
2026-01-10,14:30,Instagram,5 technologies shaping the future,Technology,Promotional,899,54,53,212,26731,synthetic-03441,104,true
2026-04-28,14:30,LinkedIn,Beginner guide to modern technology,Technology,Educational,590,65,64,73,11472,synthetic-03442,38,true
2026-02-11,20:00,LinkedIn,How technology is changing daily life,Technology,Entertainment,1185,111,173,332,25951,synthetic-03443,14,true
2026-05-17,10:30,X,Beginner guide to artificial intelligence,AI,Entertainment,352,33,23,70,11773,synthetic-03444,8,true
2026-08-22,17:30,LinkedIn,Latest AI trends you should know,AI,Promotional,456,43,39,125,13166,synthetic-03445,175,true
2026-10-14,17:30,LinkedIn,Latest AI trends you should know,AI,Promotional,428,41,37,113,13494,synthetic-03446,175,true
2026-04-15,21:30,Facebook,Beginner guide to modern technology,Technology,Educational,2236,97,233,190,48678,synthetic-03447,193,true
2026-02-21,09:00,Instagram,Content ideas that attract more viewers,Marketing,Informational,1465,125,179,142,25201,synthetic-03448,125,true
2026-04-19,21:30,Facebook,Learn Python functions with simple examples,Python,Informational,1339,92,136,241,51672,synthetic-03449,78,true
2026-06-23,19:00,X,Python tricks that save coding time,Python,Promotional,683,72,64,71,20886,synthetic-03450,11,true
2026-07-21,10:00,Facebook,Content ideas that attract more viewers,Marketing,Entertainment,2785,215,157,390,46057,synthetic-03451,199,true
2026-02-25,12:00,Facebook,Simple marketing strategies for beginners,Marketing,Promotional,821,90,93,138,40936,synthetic-03452,173,true
2026-03-16,09:00,Facebook,5 technologies shaping the future,Technology,Promotional,337,38,20,43,18565,synthetic-03453,164,true
2026-04-07,20:30,X,Latest AI trends you should know,AI,Entertainment,419,20,59,78,12317,synthetic-03454,170,true
2026-05-20,12:30,LinkedIn,Technology trends to watch this year,Technology,Educational,1681,108,159,402,39738,synthetic-03455,56,true
2026-06-20,17:00,LinkedIn,Content ideas that attract more viewers,Marketing,Promotional,1739,207,234,348,42401,synthetic-03456,12,true
2026-05-11,18:00,Facebook,The future of technology explained,Technology,Educational,704,86,101,148,27914,synthetic-03457,109,true
2026-03-03,10:00,Facebook,Ways to grow your online audience,Marketing,Informational,630,50,53,108,26727,synthetic-03458,3,true
2026-08-06,14:30,LinkedIn,Latest AI trends you should know,AI,Educational,1406,122,184,211,23032,synthetic-03459,74,true
2026-04-19,09:00,X,Ways to grow your online audience,Marketing,Educational,549,64,60,65,15924,synthetic-03460,28,true
2026-02-23,09:30,LinkedIn,Simple study tips for better results,Education,Informational,454,37,53,76,12210,synthetic-03461,77,true
2026-03-07,21:00,Instagram,The future of technology explained,Technology,Entertainment,747,43,73,70,9497,synthetic-03462,47,true
2026-05-26,10:00,Instagram,5 technologies shaping the future,Technology,Entertainment,962,57,102,126,12138,synthetic-03463,194,true
2026-07-09,17:30,X,New product update is now available,Product,Informational,959,116,65,93,25879,synthetic-03464,48,true
2026-05-31,20:30,Instagram,Simple study tips for better results,Education,Entertainment,923,66,42,182,17481,synthetic-03465,152,true
2026-05-30,12:30,LinkedIn,Technology trends to watch this year,Technology,Educational,1456,96,135,364,35426,synthetic-03466,56,true
2026-07-31,09:30,LinkedIn,Ways to grow your online audience,Marketing,Promotional,164,7,9,14,7836,synthetic-03467,132,true
2026-05-13,17:00,LinkedIn,Content ideas that attract more viewers,Marketing,Promotional,1675,218,242,360,47683,synthetic-03468,12,true
2026-03-28,09:00,Instagram,5 Python tips every beginner should know,Python,Promotional,647,40,72,78,27154,synthetic-03469,16,true
2026-07-22,10:30,LinkedIn,How technology is changing daily life,Technology,Promotional,119,14,15,22,7029,synthetic-03470,30,true
2026-04-23,19:30,X,Simple marketing strategies for beginners,Marketing,Informational,275,12,10,54,11063,synthetic-03471,15,true
2026-07-20,19:00,LinkedIn,Learn Python functions with simple examples,Python,Entertainment,1741,197,207,304,41331,synthetic-03472,176,true
2026-03-06,20:30,Instagram,How AI is changing the way we work,AI,Promotional,749,48,99,181,18589,synthetic-03473,2,true
2026-01-13,09:30,Facebook,Our new dashboard feature is live,Product,Promotional,246,19,28,27,13997,synthetic-03474,131,true
2026-02-04,12:00,Facebook,How to create engaging social media posts,Marketing,Educational,1044,102,87,185,29162,synthetic-03475,5,true
2026-04-05,14:30,LinkedIn,Beginner guide to modern technology,Technology,Educational,625,67,71,81,11755,synthetic-03476,38,true
2026-09-09,09:30,Facebook,AI tools that save you 10 hours a week,AI,Informational,1271,99,137,324,44768,synthetic-03477,103,true
2026-05-02,10:00,Instagram,5 technologies shaping the future,Technology,Entertainment,765,44,79,99,9574,synthetic-03478,194,true
2026-08-08,12:30,Facebook,How our new feature improves productivity,Product,Promotional,2178,227,291,470,50616,synthetic-03479,36,true
2026-05-20,18:30,X,How our new feature improves productivity,Product,Educational,1730,140,103,310,42631,synthetic-03480,46,true
2026-06-25,20:30,X,Social media tips for better engagement,Marketing,Entertainment,592,67,66,77,11716,synthetic-03481,144,true
2026-09-15,09:30,LinkedIn,How AI is changing the way we work,AI,Promotional,321,31,41,64,12326,synthetic-03482,121,true
2026-04-16,09:00,LinkedIn,Content ideas that attract more viewers,Marketing,Entertainment,1454,93,80,136,49452,synthetic-03483,65,true
2026-06-09,09:30,Facebook,Beginner guide to modern technology,Technology,Educational,567,41,28,168,20045,synthetic-03484,27,true
2026-09-20,17:30,LinkedIn,Latest AI trends you should know,AI,Promotional,389,38,35,102,11539,synthetic-03485,175,true
2026-03-23,18:30,Instagram,Technology trends to watch this year,Technology,Informational,1917,152,192,197,35227,synthetic-03486,143,true
2026-02-03,20:00,LinkedIn,How technology is changing daily life,Technology,Entertainment,1015,95,146,275,22931,synthetic-03487,14,true
2026-07-10,09:00,LinkedIn,Top Python mistakes beginners make,Python,Informational,1304,60,186,346,38733,synthetic-03488,179,true
2026-04-10,09:00,Instagram,5 Python tips every beginner should know,Python,Promotional,609,40,68,83,25432,synthetic-03489,16,true
2026-05-21,14:00,Instagram,Important skills every student should learn,Education,Informational,2370,227,189,401,30982,synthetic-03490,37,true
2026-03-19,10:00,Facebook,Ways to grow your online audience,Marketing,Informational,620,44,49,96,23313,synthetic-03491,3,true
2026-10-15,14:30,X,Python tricks that save coding time,Python,Educational,1473,67,129,310,34788,synthetic-03492,107,true
2026-09-19,10:30,Instagram,New product update is now available,Product,Informational,2308,120,263,536,51700,synthetic-03493,169,true
2026-06-17,18:30,Instagram,Learn Python functions with simple examples,Python,Promotional,924,115,112,116,38153,synthetic-03494,111,true
2025-12-03,10:00,LinkedIn,New product update is now available,Product,Informational,2076,114,167,573,44788,synthetic-03495,95,true
2025-12-28,08:00,X,5 ways to improve your study routine,Education,Informational,966,98,84,233,26934,synthetic-03496,64,true
2026-03-12,21:00,Instagram,Ways to grow your online audience,Marketing,Entertainment,2639,133,191,390,47302,synthetic-03497,135,true
2026-04-04,21:30,Facebook,Beginner guide to modern technology,Technology,Educational,2261,94,231,185,47572,synthetic-03498,193,true
2026-05-24,21:00,Instagram,5 ways to improve your study routine,Education,Educational,918,39,77,122,16548,synthetic-03499,72,true
2026-08-26,14:30,X,Python tricks that save coding time,Python,Educational,1452,69,134,322,36930,synthetic-03500,107,true
2026-09-30,14:00,Facebook,How to learn technical skills faster,Education,Informational,586,36,76,171,13052,synthetic-03501,166,true
2026-08-22,10:30,Instagram,New product update is now available,Product,Informational,1837,106,210,461,41236,synthetic-03502,169,true
2026-06-21,12:30,Instagram,Ways to grow your online audience,Marketing,Educational,1497,112,72,320,16991,synthetic-03503,79,true
2026-05-20,09:30,Instagram,Learn Python functions with simple examples,Python,Entertainment,3035,393,338,729,37872,synthetic-03504,4,true
2026-07-31,14:30,X,Technology trends to watch this year,Technology,Informational,862,87,67,86,23158,synthetic-03505,148,true
2026-04-29,18:00,Facebook,The future of technology explained,Technology,Educational,860,107,127,183,34775,synthetic-03506,109,true
2026-07-29,12:00,Facebook,Latest AI trends you should know,AI,Entertainment,1087,88,146,193,14543,synthetic-03507,140,true
2026-08-16,19:00,LinkedIn,Learn Python functions with simple examples,Python,Entertainment,1665,176,191,282,40638,synthetic-03508,176,true
2026-07-14,20:00,X,Important skills every student should learn,Education,Informational,2116,200,209,273,54249,synthetic-03509,10,true
2026-04-02,19:00,Instagram,AI tools that save you 10 hours a week,AI,Promotional,1598,145,90,351,39537,synthetic-03510,39,true
2026-01-26,18:30,LinkedIn,Beginner guide to artificial intelligence,AI,Educational,965,120,128,257,15817,synthetic-03511,167,true
2026-06-29,10:30,LinkedIn,How technology is changing daily life,Technology,Promotional,113,14,14,21,6595,synthetic-03512,30,true
2026-03-31,19:00,Instagram,AI tools that save you 10 hours a week,AI,Promotional,1407,136,88,335,34515,synthetic-03513,39,true
2026-04-13,18:30,X,How our new feature improves productivity,Product,Educational,1989,161,126,391,50487,synthetic-03514,46,true
2026-08-08,09:30,LinkedIn,Ways to grow your online audience,Marketing,Promotional,174,6,10,14,7865,synthetic-03515,132,true
2026-05-13,19:00,Instagram,Best learning habits for students,Education,Educational,684,59,38,110,10232,synthetic-03516,24,true
2026-08-12,14:00,Facebook,How to learn technical skills faster,Education,Informational,507,31,62,137,9951,synthetic-03517,166,true
2026-03-24,19:30,X,Content ideas that attract more viewers,Marketing,Promotional,240,23,20,43,18628,synthetic-03518,17,true
2026-08-25,20:30,LinkedIn,How technology is changing daily life,Technology,Educational,1878,91,210,189,38952,synthetic-03519,174,true
2026-04-09,21:00,Facebook,5 ways to improve your study routine,Education,Entertainment,1684,197,196,485,27323,synthetic-03520,91,true
2026-05-30,19:30,X,How to create engaging social media posts,Marketing,Informational,1793,195,125,177,41012,synthetic-03521,162,true
2026-08-25,12:00,Instagram,Simple marketing strategies for beginners,Marketing,Educational,2360,107,112,639,36991,synthetic-03522,197,true
2026-08-26,09:30,LinkedIn,How AI is changing the way we work,AI,Promotional,287,26,36,55,10691,synthetic-03523,121,true
2026-08-15,12:00,Facebook,5 Python tips every beginner should know,Python,Informational,1087,133,54,195,16726,synthetic-03524,13,true
2026-02-28,19:30,X,Content ideas that attract more viewers,Marketing,Promotional,212,20,17,35,16285,synthetic-03525,17,true
2026-04-04,18:00,Facebook,Beginner guide to artificial intelligence,AI,Educational,1286,107,151,309,26545,synthetic-03526,88,true
2026-08-23,10:30,LinkedIn,How technology is changing daily life,Technology,Promotional,120,15,14,20,6473,synthetic-03527,30,true
2026-07-05,20:30,X,Social media tips for better engagement,Marketing,Entertainment,664,78,73,79,12309,synthetic-03528,144,true
2026-07-29,09:00,X,Social media tips for better engagement,Marketing,Entertainment,1311,55,89,285,28222,synthetic-03529,98,true
2026-05-06,09:00,LinkedIn,Content ideas that attract more viewers,Marketing,Entertainment,1306,76,65,116,43049,synthetic-03530,65,true
2026-04-07,08:00,Facebook,Latest AI trends you should know,AI,Educational,648,70,43,80,8782,synthetic-03531,147,true
2026-03-04,10:00,Facebook,Best learning habits for students,Education,Informational,1935,184,89,227,48998,synthetic-03532,155,true
2026-08-14,08:00,X,AI tools that save you 10 hours a week,AI,Educational,638,68,36,108,11848,synthetic-03533,19,true
2026-06-05,10:30,X,Beginner guide to artificial intelligence,AI,Entertainment,332,30,25,74,11927,synthetic-03534,8,true
2026-03-31,10:00,Facebook,Ways to grow your online audience,Marketing,Informational,657,50,53,96,24183,synthetic-03535,3,true
2026-03-20,10:00,X,Best learning habits for students,Education,Educational,2052,109,209,562,34986,synthetic-03536,165,true
2026-06-23,14:30,LinkedIn,Latest AI trends you should know,AI,Educational,1287,123,171,195,24107,synthetic-03537,74,true
2026-05-04,17:30,LinkedIn,AI tools that save you 10 hours a week,AI,Entertainment,621,38,67,103,9605,synthetic-03538,32,true
2026-04-14,20:30,LinkedIn,Learn Python functions with simple examples,Python,Entertainment,1918,183,175,480,36590,synthetic-03539,41,true
2026-03-02,10:30,Instagram,Our new dashboard feature is live,Product,Informational,946,88,79,154,11373,synthetic-03540,60,true
2026-06-15,08:30,LinkedIn,Best learning habits for students,Education,Informational,291,23,17,48,8943,synthetic-03541,163,true
2026-05-03,18:00,Facebook,The future of technology explained,Technology,Educational,922,118,131,211,36879,synthetic-03542,109,true
2026-08-01,17:30,X,New product update is now available,Product,Informational,821,89,53,80,20238,synthetic-03543,48,true
2026-03-22,21:00,Instagram,The future of technology explained,Technology,Entertainment,982,48,84,89,11228,synthetic-03544,47,true
2026-02-16,20:30,Facebook,Simple marketing strategies for beginners,Marketing,Educational,1844,191,272,427,28672,synthetic-03545,141,true
2026-05-09,09:00,LinkedIn,Social media tips for better engagement,Marketing,Informational,1030,63,60,156,44157,synthetic-03546,26,true
2026-01-20,21:00,Instagram,Ways to grow your online audience,Marketing,Entertainment,2014,107,166,305,35825,synthetic-03547,135,true
2026-06-29,20:00,LinkedIn,How AI is changing the way we work,AI,Educational,1328,157,104,148,44191,synthetic-03548,94,true
2026-06-17,19:30,Instagram,Beginner guide to artificial intelligence,AI,Entertainment,1995,146,96,384,25187,synthetic-03549,114,true
2026-05-18,21:30,Facebook,Beginner guide to modern technology,Technology,Educational,2065,84,209,179,42374,synthetic-03550,193,true
2026-01-13,17:00,Facebook,Simple study tips for better results,Education,Informational,2128,228,83,547,33198,synthetic-03551,70,true
2026-05-05,17:30,LinkedIn,AI tools that save you 10 hours a week,AI,Entertainment,676,44,67,101,9311,synthetic-03552,32,true
2026-03-05,17:30,X,Ways to grow your online audience,Marketing,Educational,1288,91,66,196,40804,synthetic-03553,184,true
2026-08-21,20:00,X,5 Python tips every beginner should know,Python,Educational,349,15,27,77,12648,synthetic-03554,129,true
2026-04-12,20:00,Facebook,Social media tips for better engagement,Marketing,Educational,1751,80,154,287,28296,synthetic-03555,130,true
2026-08-23,18:00,Facebook,5 Python tips every beginner should know,Python,Promotional,847,63,83,132,23397,synthetic-03556,57,true
2026-07-14,20:30,Facebook,Important skills every student should learn,Education,Entertainment,879,44,88,237,12103,synthetic-03557,99,true
2026-09-11,12:30,X,Beginner guide to artificial intelligence,AI,Informational,1159,78,109,298,39605,synthetic-03558,42,true
2026-07-05,19:00,X,Python tricks that save coding time,Python,Promotional,708,68,64,65,19977,synthetic-03559,11,true
2026-03-24,17:30,X,Ways to grow your online audience,Marketing,Educational,972,77,55,158,33668,synthetic-03560,184,true
2026-07-03,19:30,Instagram,How our new feature improves productivity,Product,Promotional,1063,53,59,178,26505,synthetic-03561,138,true
2026-02-24,14:30,LinkedIn,Simple study tips for better results,Education,Entertainment,1715,206,112,350,26897,synthetic-03562,73,true
2026-08-07,20:00,X,5 Python tips every beginner should know,Python,Educational,342,14,29,73,12090,synthetic-03563,129,true
2026-05-31,21:00,Instagram,5 ways to improve your study routine,Education,Educational,861,32,68,105,15286,synthetic-03564,72,true
2026-03-25,10:30,Instagram,Our new dashboard feature is live,Product,Informational,1057,102,93,183,13421,synthetic-03565,60,true
2026-06-05,20:30,X,Social media tips for better engagement,Marketing,Entertainment,635,67,72,80,12219,synthetic-03566,144,true
2026-05-30,21:00,Instagram,Easy Python projects for students,Python,Entertainment,2687,341,199,565,42970,synthetic-03567,62,true
2026-03-22,20:00,Instagram,Important skills every student should learn,Education,Educational,1096,75,128,173,24263,synthetic-03568,145,true
2026-02-09,12:00,Facebook,How to create engaging social media posts,Marketing,Educational,1328,130,110,202,32842,synthetic-03569,5,true
2026-04-08,21:00,Facebook,5 ways to improve your study routine,Education,Entertainment,2337,257,243,674,37845,synthetic-03570,91,true
2026-01-19,10:00,LinkedIn,New product update is now available,Product,Informational,2403,123,179,584,44052,synthetic-03571,95,true
2026-04-25,21:00,Instagram,How AI is changing the way we work,AI,Entertainment,3496,176,299,446,32116,synthetic-03572,81,true
2026-10-08,20:30,Facebook,Our new dashboard feature is live,Product,Promotional,516,50,26,117,15325,synthetic-03573,146,true
2026-04-12,19:30,LinkedIn,Social media tips for better engagement,Marketing,Entertainment,3013,284,337,644,47860,synthetic-03574,113,true
2026-01-23,19:00,X,Beginner guide to artificial intelligence,AI,Entertainment,974,68,122,251,22289,synthetic-03575,149,true
2026-08-27,19:00,LinkedIn,Learn Python functions with simple examples,Python,Entertainment,1509,189,198,270,38755,synthetic-03576,176,true
2026-07-22,12:30,Facebook,How our new feature improves productivity,Product,Promotional,2433,245,365,536,52587,synthetic-03577,36,true
2026-02-10,20:30,LinkedIn,Important skills every student should learn,Education,Educational,1853,77,291,506,38318,synthetic-03578,97,true
2026-09-03,18:00,Instagram,Product update: new tools for users,Product,Educational,1670,170,129,258,19920,synthetic-03579,153,true
2026-01-17,20:00,LinkedIn,How technology is changing daily life,Technology,Entertainment,1130,105,175,324,24768,synthetic-03580,14,true
2026-05-25,17:30,Instagram,Python tricks that save coding time,Python,Educational,3040,251,220,782,52373,synthetic-03581,52,true
2026-07-23,14:30,LinkedIn,Latest AI trends you should know,AI,Educational,1806,160,241,259,31875,synthetic-03582,74,true
2026-04-06,21:00,Facebook,5 ways to improve your study routine,Education,Entertainment,1881,231,212,538,29611,synthetic-03583,91,true
2026-05-12,14:00,Instagram,Important skills every student should learn,Education,Informational,2516,230,203,432,33547,synthetic-03584,37,true
2026-08-28,17:30,LinkedIn,Latest AI trends you should know,AI,Promotional,342,34,30,95,11068,synthetic-03585,175,true
2026-03-16,21:00,Instagram,The future of technology explained,Technology,Entertainment,727,40,66,63,8912,synthetic-03586,47,true
2026-06-23,18:30,Facebook,Simple study tips for better results,Education,Informational,2085,180,235,257,38566,synthetic-03587,45,true
2026-08-05,20:30,LinkedIn,Social media tips for better engagement,Marketing,Promotional,1299,93,183,226,49288,synthetic-03588,160,true
2026-03-03,09:00,Instagram,Top Python mistakes beginners make,Python,Promotional,2309,179,325,461,43437,synthetic-03589,22,true
2026-09-15,19:00,LinkedIn,Learn Python functions with simple examples,Python,Entertainment,1674,181,206,298,39137,synthetic-03590,176,true
2026-07-09,10:00,Instagram,How technology is changing daily life,Technology,Promotional,778,66,59,197,32379,synthetic-03591,142,true
2026-02-27,20:30,Instagram,How AI is changing the way we work,AI,Promotional,875,56,108,214,21034,synthetic-03592,2,true
2025-12-28,14:00,X,Technology trends to watch this year,Technology,Informational,1873,107,150,397,49879,synthetic-03593,23,true
2026-02-04,12:30,LinkedIn,Easy Python projects for students,Python,Entertainment,1549,71,244,491,24282,synthetic-03594,187,true
2026-09-29,19:00,Facebook,How AI is changing the way we work,AI,Promotional,1130,92,119,186,42079,synthetic-03595,185,true
2026-02-17,12:30,LinkedIn,Easy Python projects for students,Python,Entertainment,1601,64,244,478,26682,synthetic-03596,187,true
2026-08-30,10:30,Instagram,New product update is now available,Product,Informational,1842,107,213,440,43039,synthetic-03597,169,true
2026-04-29,10:00,Instagram,5 technologies shaping the future,Technology,Entertainment,824,47,86,110,10918,synthetic-03598,194,true
2026-03-20,19:30,X,Simple marketing strategies for beginners,Marketing,Informational,279,12,12,54,12188,synthetic-03599,15,true
2026-09-15,18:00,Facebook,5 Python tips every beginner should know,Python,Promotional,1022,68,98,147,26857,synthetic-03600,57,true
2026-08-22,12:00,Instagram,Product update: new tools for users,Product,Educational,1592,84,95,150,20196,synthetic-03601,63,true
2026-05-28,10:30,X,5 Python tips every beginner should know,Python,Informational,1595,208,201,253,55585,synthetic-03602,172,true
2026-06-29,09:00,LinkedIn,New product update is now available,Product,Entertainment,339,18,42,72,11637,synthetic-03603,9,true
2026-03-30,18:00,Facebook,Beginner guide to artificial intelligence,AI,Educational,1261,102,147,285,24322,synthetic-03604,88,true
2026-07-08,20:30,Facebook,Important skills every student should learn,Education,Entertainment,868,42,92,233,12733,synthetic-03605,99,true
2026-07-22,19:00,LinkedIn,Learn Python functions with simple examples,Python,Entertainment,2125,229,241,333,47174,synthetic-03606,176,true
2026-05-10,20:00,X,Social media tips for better engagement,Marketing,Informational,285,19,29,61,9729,synthetic-03607,82,true
2026-01-16,14:30,Instagram,5 technologies shaping the future,Technology,Promotional,1102,56,57,232,29741,synthetic-03608,104,true
2026-09-16,10:30,Facebook,Learn Python functions with simple examples,Python,Entertainment,984,133,67,277,14487,synthetic-03609,53,true
2026-03-09,09:00,X,Ways to grow your online audience,Marketing,Educational,531,58,54,54,13194,synthetic-03610,28,true
2026-05-09,18:30,X,How our new feature improves productivity,Product,Educational,2076,157,117,354,45565,synthetic-03611,46,true
2026-05-16,18:00,Facebook,The future of technology explained,Technology,Educational,923,104,116,178,35262,synthetic-03612,109,true
2026-02-27,19:30,X,Content ideas that attract more viewers,Marketing,Promotional,220,22,16,37,15120,synthetic-03613,17,true
2026-02-14,17:00,Instagram,Social media tips for better engagement,Marketing,Entertainment,974,89,54,118,19936,synthetic-03614,18,true
2026-07-23,12:00,Instagram,Simple marketing strategies for beginners,Marketing,Educational,2620,112,121,746,42159,synthetic-03615,197,true
2026-02-05,20:00,LinkedIn,How technology is changing daily life,Technology,Entertainment,928,89,138,260,20131,synthetic-03616,14,true
2026-01-13,21:30,X,Technology trends to watch this year,Technology,Informational,120,15,16,26,6768,synthetic-03617,67,true
2026-03-25,09:30,LinkedIn,Simple study tips for better results,Education,Informational,477,37,52,80,11984,synthetic-03618,77,true
2026-05-26,21:00,Instagram,Easy Python projects for students,Python,Entertainment,2875,351,188,604,44237,synthetic-03619,62,true
2026-02-08,09:00,Facebook,Ways to grow your online audience,Marketing,Entertainment,532,36,49,54,6963,synthetic-03620,90,true
2026-06-07,21:00,Instagram,Easy Python projects for students,Python,Entertainment,2428,321,190,552,38443,synthetic-03621,62,true
2026-03-22,17:30,Instagram,Top Python mistakes beginners make,Python,Promotional,2307,139,131,295,43119,synthetic-03622,112,true
2026-05-30,17:00,LinkedIn,Content ideas that attract more viewers,Marketing,Promotional,1551,181,218,313,38455,synthetic-03623,12,true
2026-04-18,08:00,Facebook,Latest AI trends you should know,AI,Educational,481,58,37,62,7132,synthetic-03624,147,true
2026-01-20,09:00,Facebook,Ways to grow your online audience,Marketing,Entertainment,586,41,54,58,7234,synthetic-03625,90,true
2026-06-18,10:00,Instagram,How technology is changing daily life,Technology,Promotional,907,79,76,225,41700,synthetic-03626,142,true
2026-03-17,08:30,Facebook,How to learn technical skills faster,Education,Educational,382,28,21,71,10155,synthetic-03627,80,true
2026-08-10,17:30,LinkedIn,Beginner guide to modern technology,Technology,Entertainment,429,50,41,72,7100,synthetic-03628,136,true
2026-09-12,08:00,X,AI tools that save you 10 hours a week,AI,Educational,506,53,27,91,9811,synthetic-03629,19,true
2026-06-06,19:30,X,Python tricks that save coding time,Python,Promotional,432,43,17,95,22966,synthetic-03630,171,true
2026-02-14,21:00,Instagram,The future of technology explained,Technology,Entertainment,824,44,79,76,10561,synthetic-03631,47,true
2026-03-19,20:30,Instagram,How AI is changing the way we work,AI,Promotional,754,54,111,195,19602,synthetic-03632,2,true
2026-05-15,19:30,Instagram,Beginner guide to artificial intelligence,AI,Entertainment,1622,119,78,291,19803,synthetic-03633,114,true
2026-02-20,18:30,Instagram,Social media tips for better engagement,Marketing,Entertainment,2537,258,299,253,40159,synthetic-03634,196,true
2026-02-04,08:30,Facebook,How to learn technical skills faster,Education,Educational,347,27,18,70,8406,synthetic-03635,80,true
2026-02-10,19:30,Instagram,Simple marketing strategies for beginners,Marketing,Promotional,560,53,65,112,21475,synthetic-03636,68,true
2026-07-05,10:30,Facebook,Easy Python projects for students,Python,Educational,1322,59,120,210,41830,synthetic-03637,96,true
2025-12-09,14:30,Instagram,Product update: new tools for users,Product,Informational,2443,202,345,650,40865,synthetic-03638,168,true
2026-03-31,10:30,Instagram,Our new dashboard feature is live,Product,Informational,943,87,85,160,11854,synthetic-03639,60,true
2026-06-30,09:30,Facebook,The future of technology explained,Technology,Entertainment,1890,241,171,364,29597,synthetic-03640,66,true
2026-09-15,12:00,Facebook,5 Python tips every beginner should know,Python,Informational,1347,161,62,255,23646,synthetic-03641,13,true
2026-06-05,19:00,Instagram,Best learning habits for students,Education,Educational,620,52,33,104,9417,synthetic-03642,24,true
2026-02-09,20:30,LinkedIn,Important skills every student should learn,Education,Educational,1619,71,235,416,36777,synthetic-03643,97,true
2026-05-19,19:30,X,The future of technology explained,Technology,Promotional,526,62,44,165,28028,synthetic-03644,75,true
2026-01-02,14:00,X,Technology trends to watch this year,Technology,Informational,2114,130,165,486,52278,synthetic-03645,23,true
2026-02-25,10:30,Instagram,Our new dashboard feature is live,Product,Informational,885,88,90,163,12013,synthetic-03646,60,true
2026-05-14,19:30,X,How to create engaging social media posts,Marketing,Informational,1993,224,141,198,45001,synthetic-03647,162,true
2026-02-06,12:00,Instagram,Learn Python functions with simple examples,Python,Promotional,487,37,52,130,11010,synthetic-03648,181,true
2026-03-14,18:30,Instagram,Technology trends to watch this year,Technology,Informational,1869,146,184,204,36586,synthetic-03649,143,true
2026-03-27,21:00,Facebook,5 ways to improve your study routine,Education,Entertainment,1714,199,191,483,29169,synthetic-03650,91,true
2026-06-23,21:00,Instagram,Easy Python projects for students,Python,Entertainment,2449,305,170,483,40552,synthetic-03651,62,true
2026-01-23,08:30,X,Product update: new tools for users,Product,Informational,1248,82,170,202,39166,synthetic-03652,200,true
2026-06-28,08:30,LinkedIn,Python tricks that save coding time,Python,Promotional,1210,61,138,203,37383,synthetic-03653,127,true
2026-03-02,20:30,Facebook,Simple marketing strategies for beginners,Marketing,Educational,1813,189,247,405,28133,synthetic-03654,141,true
2026-02-27,19:00,X,Beginner guide to artificial intelligence,AI,Entertainment,970,66,122,252,22086,synthetic-03655,149,true
2026-01-30,14:00,X,Technology trends to watch this year,Technology,Informational,1706,108,155,432,49943,synthetic-03656,23,true
2026-03-23,19:30,LinkedIn,Social media tips for better engagement,Marketing,Entertainment,3398,303,357,709,51983,synthetic-03657,113,true
2026-04-16,08:00,Facebook,Latest AI trends you should know,AI,Educational,550,54,34,66,7373,synthetic-03658,147,true
2026-07-04,10:30,X,Our new dashboard feature is live,Product,Informational,469,27,31,98,16976,synthetic-03659,55,true
2026-01-23,08:30,Facebook,How to learn technical skills faster,Education,Educational,328,24,19,63,8724,synthetic-03660,80,true
2026-08-01,18:00,Facebook,5 Python tips every beginner should know,Python,Promotional,976,69,104,151,26805,synthetic-03661,57,true
2026-05-13,09:30,Facebook,Beginner guide to modern technology,Technology,Educational,564,37,28,160,19841,synthetic-03662,27,true
2026-07-22,20:00,X,Important skills every student should learn,Education,Informational,2062,198,196,268,54485,synthetic-03663,10,true
2026-09-05,12:00,Instagram,Product update: new tools for users,Product,Educational,2023,106,120,186,24675,synthetic-03664,63,true
2026-06-18,19:00,X,Python tricks that save coding time,Python,Promotional,663,72,68,69,21577,synthetic-03665,11,true
2026-04-15,10:00,Facebook,Ways to grow your online audience,Marketing,Informational,576,43,48,90,24379,synthetic-03666,3,true
2026-08-21,14:30,X,Python tricks that save coding time,Python,Educational,1486,68,123,312,36396,synthetic-03667,107,true
2026-04-04,21:30,X,How AI is changing the way we work,AI,Informational,537,35,43,75,13223,synthetic-03668,59,true
2026-01-31,18:30,Instagram,How to create engaging social media posts,Marketing,Educational,694,30,98,200,9720,synthetic-03669,177,true
2026-03-27,14:30,LinkedIn,Our new dashboard feature is live,Product,Informational,448,53,33,71,12085,synthetic-03670,119,true
2026-06-25,19:00,X,Python tricks that save coding time,Python,Promotional,852,89,81,85,25658,synthetic-03671,11,true
2026-06-02,19:30,X,Python tricks that save coding time,Python,Promotional,528,57,21,119,27526,synthetic-03672,171,true
2026-03-25,09:00,X,Ways to grow your online audience,Marketing,Educational,506,58,53,60,12989,synthetic-03673,28,true
2026-04-26,20:00,X,Social media tips for better engagement,Marketing,Informational,278,18,26,58,8859,synthetic-03674,82,true
2026-01-08,21:00,Instagram,5 useful AI tools for students,AI,Promotional,2088,128,198,410,35295,synthetic-03675,198,true
2026-02-07,14:00,X,Technology trends to watch this year,Technology,Informational,1979,132,165,451,57049,synthetic-03676,23,true
2026-04-15,21:30,LinkedIn,5 technologies shaping the future,Technology,Promotional,1364,164,174,164,44562,synthetic-03677,85,true
2026-04-24,20:30,X,Latest AI trends you should know,AI,Entertainment,364,19,53,66,10563,synthetic-03678,170,true
2026-04-11,20:00,Instagram,Simple marketing strategies for beginners,Marketing,Promotional,637,37,90,140,14503,synthetic-03679,6,true
2026-02-23,10:00,X,Best learning habits for students,Education,Educational,2364,125,255,647,41636,synthetic-03680,165,true
2026-05-10,17:00,LinkedIn,Content ideas that attract more viewers,Marketing,Promotional,1351,170,190,279,34811,synthetic-03681,12,true
2025-12-19,12:00,X,How our new feature improves productivity,Product,Entertainment,1124,72,152,265,34101,synthetic-03682,180,true
2026-06-10,14:00,Instagram,Important skills every student should learn,Education,Informational,2750,247,209,464,37406,synthetic-03683,37,true
2026-03-09,20:30,LinkedIn,Important skills every student should learn,Education,Educational,1884,75,277,488,39656,synthetic-03684,97,true
2026-02-27,08:30,Facebook,Social media tips for better engagement,Marketing,Entertainment,466,31,52,56,14508,synthetic-03685,86,true
2026-02-19,21:00,X,How AI is changing the way we work,AI,Educational,1736,187,97,363,40337,synthetic-03686,50,true
2026-09-19,21:30,LinkedIn,Simple study tips for better results,Education,Informational,1417,66,101,152,41386,synthetic-03687,71,true
2026-09-02,12:00,Facebook,Latest AI trends you should know,AI,Entertainment,836,72,126,159,11707,synthetic-03688,140,true
2026-06-20,09:30,X,See what is new in our latest release,Product,Entertainment,1377,107,121,296,27173,synthetic-03689,189,true
2026-07-05,18:30,Instagram,Learn Python functions with simple examples,Python,Promotional,1060,138,134,150,47821,synthetic-03690,111,true
2025-12-19,19:30,Instagram,Simple marketing strategies for beginners,Marketing,Promotional,675,62,74,121,23667,synthetic-03691,68,true
2026-05-21,10:00,Facebook,See what is new in our latest release,Product,Educational,992,49,56,154,21117,synthetic-03692,43,true
2026-06-21,17:30,X,New product update is now available,Product,Informational,952,107,66,94,24107,synthetic-03693,48,true
2026-05-23,21:00,Facebook,Learn Python functions with simple examples,Python,Educational,3043,355,430,778,49811,synthetic-03694,84,true
2026-07-29,10:00,X,Best learning habits for students,Education,Entertainment,1145,71,124,305,45863,synthetic-03695,124,true
2026-09-01,14:30,X,Technology trends to watch this year,Technology,Informational,814,83,60,74,19226,synthetic-03696,148,true
2026-06-11,12:00,Facebook,5 technologies shaping the future,Technology,Entertainment,1326,87,196,197,22755,synthetic-03697,161,true
2026-06-01,12:30,X,Beginner guide to modern technology,Technology,Educational,1593,145,196,446,33467,synthetic-03698,44,true
2026-04-13,08:00,Facebook,Latest AI trends you should know,AI,Educational,581,69,43,79,8919,synthetic-03699,147,true
2026-07-08,20:30,Facebook,Important skills every student should learn,Education,Entertainment,797,39,88,203,11262,synthetic-03700,99,true
2026-08-03,18:00,Facebook,5 Python tips every beginner should know,Python,Promotional,1017,72,100,151,28016,synthetic-03701,57,true
2026-09-27,19:00,Facebook,How AI is changing the way we work,AI,Promotional,1112,88,122,195,41482,synthetic-03702,185,true
2026-04-20,09:00,Instagram,Top Python mistakes beginners make,Python,Promotional,2929,206,398,571,48506,synthetic-03703,22,true
2026-03-01,08:30,X,Product update: new tools for users,Product,Informational,911,67,129,155,29051,synthetic-03704,200,true
2026-02-25,10:00,LinkedIn,Python tricks that save coding time,Python,Promotional,1312,124,135,120,41184,synthetic-03705,1,true
2026-02-05,08:30,Facebook,How to learn technical skills faster,Education,Educational,318,22,17,60,7906,synthetic-03706,80,true
2026-04-02,21:30,X,How AI is changing the way we work,AI,Informational,544,32,40,75,12609,synthetic-03707,59,true
2026-09-02,10:30,Instagram,New product update is now available,Product,Informational,2059,113,248,512,48277,synthetic-03708,169,true
2026-04-13,19:30,X,Python tricks that save coding time,Python,Promotional,471,48,20,112,25296,synthetic-03709,171,true
2026-04-10,17:30,LinkedIn,5 ways to improve your study routine,Education,Entertainment,1328,66,121,316,34458,synthetic-03710,100,true
2025-12-27,12:00,Facebook,How to create engaging social media posts,Marketing,Educational,1120,103,91,176,27811,synthetic-03711,5,true
2026-06-26,12:30,X,Beginner guide to modern technology,Technology,Educational,1394,131,166,348,25495,synthetic-03712,44,true
2026-04-13,08:30,Instagram,Best learning habits for students,Education,Entertainment,2531,184,123,318,39976,synthetic-03713,126,true
2026-04-03,18:00,Facebook,The future of technology explained,Technology,Educational,783,105,107,166,30708,synthetic-03714,109,true
2026-05-07,08:30,X,Product update: new tools for users,Product,Promotional,310,39,49,33,10619,synthetic-03715,116,true
2026-04-04,09:00,Instagram,Top Python mistakes beginners make,Python,Promotional,2391,181,347,507,42173,synthetic-03716,22,true
2026-06-29,10:30,X,Our new dashboard feature is live,Product,Informational,486,30,37,109,19587,synthetic-03717,55,true
2026-01-17,17:00,Instagram,Social media tips for better engagement,Marketing,Entertainment,1040,90,57,131,21701,synthetic-03718,18,true
2026-03-27,21:00,X,How AI is changing the way we work,AI,Educational,1471,163,80,319,34041,synthetic-03719,50,true
2026-03-07,08:30,Facebook,How to learn technical skills faster,Education,Educational,335,25,18,62,8206,synthetic-03720,80,true
2026-07-23,12:30,Facebook,How our new feature improves productivity,Product,Promotional,2692,257,341,577,58762,synthetic-03721,36,true
2026-06-15,21:30,Facebook,5 Python tips every beginner should know,Python,Promotional,131,10,15,19,6932,synthetic-03722,33,true
2026-10-07,12:00,Facebook,5 Python tips every beginner should know,Python,Informational,1440,162,70,264,24098,synthetic-03723,13,true
2025-12-17,08:30,Facebook,Beginner guide to modern technology,Technology,Promotional,508,55,67,82,16536,synthetic-03724,158,true
2025-12-29,17:00,Instagram,Social media tips for better engagement,Marketing,Entertainment,1088,95,62,128,20990,synthetic-03725,18,true
2026-02-19,09:30,LinkedIn,Simple study tips for better results,Education,Informational,453,36,59,83,13697,synthetic-03726,77,true
2026-02-01,08:30,Facebook,Beginner guide to modern technology,Technology,Promotional,573,63,76,100,17130,synthetic-03727,158,true
2026-01-30,20:30,Instagram,How AI is changing the way we work,AI,Promotional,666,43,90,174,16625,synthetic-03728,2,true
2026-07-01,18:30,Facebook,Simple study tips for better results,Education,Informational,2219,221,244,302,46208,synthetic-03729,45,true
2026-07-20,10:30,X,Our new dashboard feature is live,Product,Informational,444,26,29,88,15428,synthetic-03730,55,true
2026-06-04,21:00,X,Important skills every student should learn,Education,Promotional,937,59,71,194,27756,synthetic-03731,156,true
2026-03-22,20:00,Facebook,Social media tips for better engagement,Marketing,Educational,2025,85,150,303,29231,synthetic-03732,130,true
2026-08-19,09:30,LinkedIn,How to learn technical skills faster,Education,Educational,544,71,56,53,19119,synthetic-03733,40,true
2026-05-16,09:30,Facebook,Beginner guide to modern technology,Technology,Educational,533,38,30,162,21473,synthetic-03734,27,true
2026-06-15,08:00,LinkedIn,Simple marketing strategies for beginners,Marketing,Educational,1663,190,85,389,38602,synthetic-03735,139,true
2026-01-22,12:30,LinkedIn,Easy Python projects for students,Python,Entertainment,1431,61,202,393,21780,synthetic-03736,187,true
2026-07-23,17:30,LinkedIn,Beginner guide to modern technology,Technology,Entertainment,373,46,41,69,6734,synthetic-03737,136,true
2025-12-23,12:30,LinkedIn,Easy Python projects for students,Python,Entertainment,1529,67,231,467,24978,synthetic-03738,187,true
2025-12-26,14:00,X,Technology trends to watch this year,Technology,Informational,1700,103,152,408,50601,synthetic-03739,23,true
2026-02-05,21:30,X,Technology trends to watch this year,Technology,Informational,113,14,15,23,5705,synthetic-03740,67,true
2026-05-11,18:30,X,How our new feature improves productivity,Product,Educational,2259,167,127,381,52281,synthetic-03741,46,true
2026-03-03,21:00,Instagram,The future of technology explained,Technology,Entertainment,784,44,75,76,9779,synthetic-03742,47,true
2026-03-17,20:00,Instagram,Important skills every student should learn,Education,Educational,1161,80,145,180,26446,synthetic-03743,145,true
2026-06-04,08:00,X,Beginner guide to modern technology,Technology,Informational,706,69,94,105,24949,synthetic-03744,133,true
2026-02-07,12:00,Facebook,How to create engaging social media posts,Marketing,Educational,953,95,74,156,25292,synthetic-03745,5,true
2026-02-13,12:00,Facebook,Simple marketing strategies for beginners,Marketing,Promotional,846,90,85,135,40601,synthetic-03746,173,true
2026-06-20,12:30,LinkedIn,Technology trends to watch this year,Technology,Educational,1814,101,153,407,37073,synthetic-03747,56,true
2026-08-08,14:00,Facebook,How to learn technical skills faster,Education,Informational,571,33,62,139,10774,synthetic-03748,166,true
2026-03-23,21:30,Facebook,Beginner guide to modern technology,Technology,Educational,2168,82,214,172,43140,synthetic-03749,193,true
2026-04-12,20:00,X,Social media tips for better engagement,Marketing,Informational,285,20,27,62,9886,synthetic-03750,82,true
2025-12-29,14:30,Instagram,Product update: new tools for users,Product,Informational,3019,269,448,794,48769,synthetic-03751,168,true
2026-06-12,09:30,X,See what is new in our latest release,Product,Entertainment,1448,100,112,271,25929,synthetic-03752,189,true
2026-07-05,08:30,LinkedIn,Best learning habits for students,Education,Informational,288,24,19,58,10057,synthetic-03753,163,true
2025-12-12,19:30,Instagram,Simple marketing strategies for beginners,Marketing,Promotional,620,57,72,122,23081,synthetic-03754,68,true
2026-10-08,17:30,LinkedIn,Latest AI trends you should know,AI,Promotional,317,32,29,90,10387,synthetic-03755,175,true
2026-05-09,09:00,LinkedIn,Social media tips for better engagement,Marketing,Informational,889,57,60,141,40732,synthetic-03756,26,true
2026-02-23,14:30,LinkedIn,Simple study tips for better results,Education,Entertainment,1934,251,132,423,36046,synthetic-03757,73,true
2026-04-01,20:00,Instagram,Important skills every student should learn,Education,Educational,1255,84,145,201,28781,synthetic-03758,145,true
2026-04-11,08:30,Instagram,Simple marketing strategies for beginners,Marketing,Promotional,1028,63,151,274,33981,synthetic-03759,7,true
2026-07-31,12:30,Facebook,How our new feature improves productivity,Product,Promotional,2281,241,310,521,49042,synthetic-03760,36,true
2026-05-16,08:30,Instagram,New product update is now available,Product,Entertainment,1024,120,85,255,20523,synthetic-03761,31,true
2026-04-18,09:30,X,Python tricks that save coding time,Python,Educational,908,86,39,97,41332,synthetic-03762,61,true
2026-04-20,10:00,Facebook,See what is new in our latest release,Product,Educational,894,47,54,141,19357,synthetic-03763,43,true
2026-02-14,10:00,X,Best learning habits for students,Education,Educational,2469,125,279,655,46764,synthetic-03764,165,true
2026-05-13,09:30,X,See what is new in our latest release,Product,Entertainment,1260,88,103,261,21536,synthetic-03765,189,true
2026-06-25,19:00,Instagram,Best learning habits for students,Education,Educational,755,63,37,108,10266,synthetic-03766,24,true
2026-03-18,09:00,X,Ways to grow your online audience,Marketing,Educational,632,70,66,71,16094,synthetic-03767,28,true
2026-07-24,10:00,X,Best learning habits for students,Education,Entertainment,1000,63,118,300,43824,synthetic-03768,124,true
2026-04-28,21:00,Instagram,How AI is changing the way we work,AI,Entertainment,3347,177,307,429,33873,synthetic-03769,81,true
2026-05-27,14:00,Facebook,The future of technology explained,Technology,Promotional,1298,106,98,269,41160,synthetic-03770,183,true
2026-07-19,19:00,X,Python tricks that save coding time,Python,Promotional,803,88,78,89,24971,synthetic-03771,11,true
2026-10-01,09:30,LinkedIn,How to learn technical skills faster,Education,Educational,571,79,61,58,21578,synthetic-03772,40,true
2026-06-21,09:30,X,See what is new in our latest release,Product,Entertainment,1275,94,113,258,22754,synthetic-03773,189,true
2026-08-21,20:30,LinkedIn,Social media tips for better engagement,Marketing,Promotional,1131,82,161,205,43895,synthetic-03774,160,true
2026-09-21,12:00,Facebook,5 ways to improve your study routine,Education,Informational,1326,80,126,286,22642,synthetic-03775,54,true
2026-08-07,19:00,LinkedIn,Learn Python functions with simple examples,Python,Entertainment,1685,207,220,294,41439,synthetic-03776,176,true
2026-05-10,08:00,X,Beginner guide to modern technology,Technology,Informational,568,61,72,83,19547,synthetic-03777,133,true
2026-08-21,20:00,X,5 Python tips every beginner should know,Python,Educational,365,15,30,78,14157,synthetic-03778,129,true
2026-06-14,21:00,X,Important skills every student should learn,Education,Promotional,886,60,80,209,29781,synthetic-03779,156,true
2026-03-13,21:30,X,How AI is changing the way we work,AI,Informational,487,33,40,73,12630,synthetic-03780,59,true
2026-07-04,14:00,Instagram,Important skills every student should learn,Education,Informational,2364,230,165,416,31847,synthetic-03781,37,true
2026-03-18,08:30,Facebook,Social media tips for better engagement,Marketing,Entertainment,417,27,54,52,13782,synthetic-03782,86,true
2026-07-03,20:00,X,Important skills every student should learn,Education,Informational,1985,185,200,259,53956,synthetic-03783,10,true
2026-02-12,18:30,Instagram,Social media tips for better engagement,Marketing,Entertainment,2520,250,317,264,36586,synthetic-03784,196,true
2026-08-16,10:30,Facebook,Learn Python functions with simple examples,Python,Entertainment,1219,164,90,320,18008,synthetic-03785,53,true
2026-02-03,12:00,Instagram,Learn Python functions with simple examples,Python,Promotional,596,45,63,160,12575,synthetic-03786,181,true
2026-08-15,14:30,X,Technology trends to watch this year,Technology,Informational,823,85,60,77,21567,synthetic-03787,148,true
2026-01-29,08:30,Facebook,Beginner guide to modern technology,Technology,Promotional,561,58,65,88,16552,synthetic-03788,158,true
2026-01-24,14:30,Instagram,Product update: new tools for users,Product,Informational,2377,217,365,670,42516,synthetic-03789,168,true
2026-03-11,18:00,X,How to create engaging social media posts,Marketing,Promotional,786,84,106,133,28226,synthetic-03790,76,true
2026-05-31,17:00,Instagram,5 useful AI tools for students,AI,Entertainment,3973,204,249,824,44824,synthetic-03791,186,true
2026-08-14,19:00,Facebook,How AI is changing the way we work,AI,Promotional,1027,81,106,180,37327,synthetic-03792,185,true
2026-08-30,12:00,Facebook,5 Python tips every beginner should know,Python,Informational,1236,157,60,209,20360,synthetic-03793,13,true
2026-04-23,09:00,X,Ways to grow your online audience,Marketing,Educational,571,64,58,66,16020,synthetic-03794,28,true
2026-06-12,18:00,X,Social media tips for better engagement,Marketing,Informational,788,59,90,100,25211,synthetic-03795,102,true
2026-06-12,09:00,LinkedIn,Top Python mistakes beginners make,Python,Informational,1100,58,164,313,36040,synthetic-03796,179,true
2026-07-31,19:00,Instagram,Simple marketing strategies for beginners,Marketing,Promotional,2630,246,367,332,47363,synthetic-03797,89,true
2026-07-29,18:00,Facebook,5 Python tips every beginner should know,Python,Promotional,916,73,95,154,24787,synthetic-03798,57,true
2026-07-09,17:30,X,New product update is now available,Product,Informational,1012,111,63,103,24889,synthetic-03799,48,true
2026-10-04,12:00,Facebook,5 ways to improve your study routine,Education,Informational,1240,77,114,273,19927,synthetic-03800,54,true
2026-03-19,10:30,Instagram,Our new dashboard feature is live,Product,Informational,895,80,82,145,11418,synthetic-03801,60,true
2026-04-23,09:00,LinkedIn,Content ideas that attract more viewers,Marketing,Entertainment,1238,75,68,117,41050,synthetic-03802,65,true
2026-05-30,10:30,Facebook,Easy Python projects for students,Python,Educational,1267,56,117,201,44116,synthetic-03803,96,true
2026-04-24,20:00,X,Social media tips for better engagement,Marketing,Informational,249,17,26,57,9216,synthetic-03804,82,true
2026-01-17,08:00,X,5 ways to improve your study routine,Education,Informational,755,74,69,183,20143,synthetic-03805,64,true
2026-04-16,08:00,Facebook,Latest AI trends you should know,AI,Educational,616,66,40,76,8612,synthetic-03806,147,true
2026-04-21,21:30,Facebook,Beginner guide to modern technology,Technology,Educational,2655,112,269,222,55326,synthetic-03807,193,true
2026-02-20,18:00,Facebook,Beginner guide to artificial intelligence,AI,Educational,983,84,124,243,19216,synthetic-03808,88,true
2026-06-29,09:30,Facebook,The future of technology explained,Technology,Entertainment,1520,187,134,285,22859,synthetic-03809,66,true
2026-09-12,12:00,Facebook,5 ways to improve your study routine,Education,Informational,1520,92,135,339,25666,synthetic-03810,54,true
2026-05-31,19:30,X,How to create engaging social media posts,Marketing,Informational,1966,236,136,224,47500,synthetic-03811,162,true
2026-07-19,19:00,LinkedIn,Learn Python functions with simple examples,Python,Entertainment,1861,222,219,314,45947,synthetic-03812,176,true
2026-03-22,17:30,Instagram,Top Python mistakes beginners make,Python,Promotional,2350,146,142,311,42637,synthetic-03813,112,true
2026-05-14,20:30,Instagram,How to create engaging social media posts,Marketing,Informational,1031,71,88,277,25920,synthetic-03814,190,true
2025-12-30,19:30,Instagram,Simple marketing strategies for beginners,Marketing,Promotional,627,60,67,121,23395,synthetic-03815,68,true
2026-03-27,12:00,Instagram,Learn Python functions with simple examples,Python,Promotional,603,47,71,171,12830,synthetic-03816,181,true
2026-08-26,14:00,Facebook,How to learn technical skills faster,Education,Informational,598,35,67,153,11362,synthetic-03817,166,true
2026-01-19,08:00,Facebook,Learn Python functions with simple examples,Python,Promotional,1833,147,106,245,54648,synthetic-03818,137,true
2026-04-26,08:30,Instagram,New product update is now available,Product,Entertainment,1115,138,88,270,22213,synthetic-03819,31,true
2026-03-29,18:00,LinkedIn,Ways to grow your online audience,Marketing,Promotional,818,53,79,189,37735,synthetic-03820,188,true
2026-01-31,14:30,LinkedIn,5 useful AI tools for students,AI,Promotional,357,29,34,39,23953,synthetic-03821,108,true
2026-09-11,20:00,X,5 Python tips every beginner should know,Python,Educational,358,14,26,68,12250,synthetic-03822,129,true
2026-02-15,14:30,LinkedIn,Simple study tips for better results,Education,Entertainment,1832,242,121,374,32609,synthetic-03823,73,true
2026-05-27,12:00,X,Social media tips for better engagement,Marketing,Entertainment,232,31,15,70,9606,synthetic-03824,182,true
2026-05-13,08:00,X,Beginner guide to modern technology,Technology,Informational,615,69,81,92,23480,synthetic-03825,133,true
2026-03-19,19:30,LinkedIn,Social media tips for better engagement,Marketing,Entertainment,2935,246,301,630,45781,synthetic-03826,113,true
2026-08-03,09:00,Instagram,Beginner guide to artificial intelligence,AI,Educational,1266,142,160,265,33738,synthetic-03827,101,true
2025-12-23,14:30,Instagram,Product update: new tools for users,Product,Informational,3259,253,419,855,53080,synthetic-03828,168,true
2026-04-17,21:00,Instagram,How AI is changing the way we work,AI,Entertainment,3378,175,314,473,33779,synthetic-03829,81,true
2026-07-23,19:00,LinkedIn,Learn Python functions with simple examples,Python,Entertainment,1523,167,184,268,36179,synthetic-03830,176,true
2026-08-02,10:00,X,Best learning habits for students,Education,Entertainment,1084,70,115,285,43318,synthetic-03831,124,true
2026-09-12,10:30,Instagram,New product update is now available,Product,Informational,2189,129,261,541,48874,synthetic-03832,169,true
2026-09-14,09:30,Facebook,AI tools that save you 10 hours a week,AI,Informational,1144,93,115,275,37256,synthetic-03833,103,true
2026-04-05,21:30,LinkedIn,5 technologies shaping the future,Technology,Promotional,1443,151,154,164,42312,synthetic-03834,85,true
2026-10-07,17:30,LinkedIn,Latest AI trends you should know,AI,Promotional,336,36,32,97,10604,synthetic-03835,175,true
2026-01-04,10:00,LinkedIn,New product update is now available,Product,Informational,2481,120,190,619,46095,synthetic-03836,95,true
2026-03-20,09:00,X,Ways to grow your online audience,Marketing,Educational,490,57,51,59,14529,synthetic-03837,28,true
2026-06-24,10:30,X,Our new dashboard feature is live,Product,Informational,567,33,38,112,21111,synthetic-03838,55,true
2026-03-30,14:30,LinkedIn,Our new dashboard feature is live,Product,Informational,518,69,39,86,14895,synthetic-03839,119,true
2026-03-01,08:30,Facebook,How to learn technical skills faster,Education,Educational,394,29,22,80,10341,synthetic-03840,80,true
2026-09-25,20:30,Facebook,Our new dashboard feature is live,Product,Promotional,451,41,24,107,12796,synthetic-03841,146,true
2026-04-23,10:30,X,5 Python tips every beginner should know,Python,Informational,1723,215,220,258,56330,synthetic-03842,172,true
2026-07-19,12:30,Facebook,How our new feature improves productivity,Product,Promotional,2375,215,305,510,52353,synthetic-03843,36,true
2026-01-01,10:30,Facebook,5 Python tips every beginner should know,Python,Promotional,548,32,28,74,13836,synthetic-03844,128,true
2026-05-31,10:30,Facebook,Easy Python projects for students,Python,Educational,1182,56,103,203,41594,synthetic-03845,96,true
2026-06-08,19:30,X,The future of technology explained,Technology,Promotional,557,58,41,142,27721,synthetic-03846,75,true
2026-03-25,19:30,X,Simple marketing strategies for beginners,Marketing,Informational,256,11,11,53,11130,synthetic-03847,15,true
2026-02-13,21:00,Instagram,The future of technology explained,Technology,Entertainment,799,40,73,71,8745,synthetic-03848,47,true
2026-06-18,08:00,LinkedIn,Simple marketing strategies for beginners,Marketing,Educational,1737,196,84,415,39016,synthetic-03849,139,true
2026-01-17,21:30,X,Technology trends to watch this year,Technology,Informational,114,14,14,23,5794,synthetic-03850,67,true
2026-01-11,14:30,LinkedIn,5 useful AI tools for students,AI,Promotional,419,34,33,45,25560,synthetic-03851,108,true
2026-03-31,19:00,Instagram,AI tools that save you 10 hours a week,AI,Promotional,1561,138,91,346,41094,synthetic-03852,39,true
2026-08-15,14:00,Facebook,How to learn technical skills faster,Education,Informational,556,34,72,146,11163,synthetic-03853,166,true
2026-03-07,19:30,LinkedIn,Social media tips for better engagement,Marketing,Entertainment,2959,267,359,668,46351,synthetic-03854,113,true
2026-08-11,08:00,Facebook,How AI is changing the way we work,AI,Promotional,373,37,34,99,22265,synthetic-03855,21,true
2026-06-22,20:00,LinkedIn,How AI is changing the way we work,AI,Educational,1109,136,87,121,39520,synthetic-03856,94,true
2026-07-05,10:30,LinkedIn,How technology is changing daily life,Technology,Promotional,102,12,12,17,5418,synthetic-03857,30,true
2026-08-30,12:00,Instagram,Product update: new tools for users,Product,Educational,1716,98,102,172,21728,synthetic-03858,63,true
2026-05-13,19:00,X,5 technologies shaping the future,Technology,Informational,788,37,68,107,31747,synthetic-03859,157,true
2026-02-15,21:00,Facebook,5 ways to improve your study routine,Education,Entertainment,2339,249,261,683,35104,synthetic-03860,91,true
2026-05-24,19:00,LinkedIn,Python tricks that save coding time,Python,Entertainment,789,79,77,249,31343,synthetic-03861,92,true
2026-10-03,19:30,Facebook,5 technologies shaping the future,Technology,Entertainment,1230,87,72,255,18008,synthetic-03862,191,true
2026-04-18,18:00,X,How to create engaging social media posts,Marketing,Promotional,812,87,109,139,28665,synthetic-03863,76,true
2026-09-15,09:30,LinkedIn,How to learn technical skills faster,Education,Educational,547,71,54,48,19930,synthetic-03864,40,true
2026-06-26,21:00,Instagram,5 ways to improve your study routine,Education,Educational,768,29,64,96,13886,synthetic-03865,72,true
2026-07-21,10:30,X,Our new dashboard feature is live,Product,Informational,546,31,36,113,19831,synthetic-03866,55,true
2026-05-28,17:00,Instagram,5 useful AI tools for students,AI,Entertainment,4271,228,284,951,44142,synthetic-03867,186,true
2026-04-09,21:30,LinkedIn,5 technologies shaping the future,Technology,Promotional,1863,195,214,191,52515,synthetic-03868,85,true
2026-02-28,09:00,Instagram,Top Python mistakes beginners make,Python,Promotional,2558,208,410,543,47173,synthetic-03869,22,true
2026-01-18,08:30,X,Product update: new tools for users,Product,Informational,867,63,132,149,27733,synthetic-03870,200,true
2026-05-08,10:00,Instagram,5 technologies shaping the future,Technology,Entertainment,666,44,77,98,10159,synthetic-03871,194,true
2026-02-21,14:30,Facebook,5 technologies shaping the future,Technology,Promotional,869,59,49,269,21420,synthetic-03872,87,true
2026-04-21,09:00,Instagram,Top Python mistakes beginners make,Python,Promotional,2695,211,385,607,47500,synthetic-03873,22,true
2026-04-22,21:30,Facebook,Beginner guide to modern technology,Technology,Educational,2118,83,207,176,43237,synthetic-03874,193,true
2026-07-30,12:00,Instagram,Simple marketing strategies for beginners,Marketing,Educational,3037,134,149,835,46978,synthetic-03875,197,true
2026-02-15,09:30,Instagram,Simple marketing strategies for beginners,Marketing,Informational,926,109,137,190,21712,synthetic-03876,118,true
2026-06-15,19:30,X,The future of technology explained,Technology,Promotional,455,51,39,129,24497,synthetic-03877,75,true
2026-04-07,17:30,LinkedIn,AI tools that save you 10 hours a week,AI,Entertainment,616,41,70,106,9763,synthetic-03878,32,true
2026-07-11,19:00,Instagram,Simple marketing strategies for beginners,Marketing,Promotional,2222,203,335,290,37628,synthetic-03879,89,true
2026-04-27,17:30,Instagram,Top Python mistakes beginners make,Python,Promotional,2514,162,144,321,47379,synthetic-03880,112,true
2026-03-10,10:00,X,Best learning habits for students,Education,Educational,2475,131,252,611,42736,synthetic-03881,165,true
2026-08-04,10:30,X,Our new dashboard feature is live,Product,Informational,400,26,29,87,16284,synthetic-03882,55,true
2026-01-09,09:30,Facebook,Python tricks that save coding time,Python,Educational,1698,199,192,141,30967,synthetic-03883,115,true
2026-08-08,18:00,Facebook,5 Python tips every beginner should know,Python,Promotional,778,59,81,123,21025,synthetic-03884,57,true
2026-07-03,18:30,Instagram,Learn Python functions with simple examples,Python,Promotional,871,104,98,108,35942,synthetic-03885,111,true
2026-03-07,18:30,Instagram,Social media tips for better engagement,Marketing,Entertainment,3166,313,377,327,45992,synthetic-03886,196,true
2026-08-08,10:30,X,Our new dashboard feature is live,Product,Informational,474,28,33,99,17686,synthetic-03887,55,true
2026-07-03,17:30,LinkedIn,Beginner guide to modern technology,Technology,Promotional,591,50,56,116,18077,synthetic-03888,151,true
2026-05-07,08:30,Instagram,Top Python mistakes beginners make,Python,Promotional,1105,83,66,190,27669,synthetic-03889,159,true
2026-05-30,20:30,Facebook,Important skills every student should learn,Education,Entertainment,899,46,99,254,12225,synthetic-03890,99,true
2026-04-24,20:00,Facebook,Social media tips for better engagement,Marketing,Educational,2202,89,170,362,31106,synthetic-03891,130,true
2026-06-03,19:00,X,Python tricks that save coding time,Python,Promotional,707,81,71,78,23068,synthetic-03892,11,true
2026-04-07,20:00,Instagram,Important skills every student should learn,Education,Educational,1156,79,140,171,25519,synthetic-03893,145,true
2026-09-29,19:30,Facebook,5 technologies shaping the future,Technology,Entertainment,1212,86,64,238,17384,synthetic-03894,191,true
2026-05-11,09:00,Facebook,5 technologies shaping the future,Technology,Promotional,377,44,22,45,20220,synthetic-03895,164,true
2026-07-29,09:00,Instagram,Beginner guide to artificial intelligence,AI,Educational,1291,134,162,271,31775,synthetic-03896,101,true
2026-05-08,18:30,X,How our new feature improves productivity,Product,Educational,2179,154,117,357,46556,synthetic-03897,46,true
2026-04-25,09:30,Facebook,Beginner guide to modern technology,Technology,Educational,514,38,30,158,19503,synthetic-03898,27,true
2026-06-10,14:00,Facebook,How our new feature improves productivity,Product,Informational,690,49,84,205,13064,synthetic-03899,58,true
2026-05-28,21:00,Facebook,Learn Python functions with simple examples,Python,Educational,2401,264,313,623,38772,synthetic-03900,84,true
2025-12-31,12:00,Facebook,How to create engaging social media posts,Marketing,Educational,984,96,79,168,27076,synthetic-03901,5,true
2026-02-08,08:30,X,Product update: new tools for users,Product,Informational,1069,86,163,203,37927,synthetic-03902,200,true
2026-05-21,21:00,Facebook,Learn Python functions with simple examples,Python,Educational,3132,360,455,769,53861,synthetic-03903,84,true
2026-02-07,08:30,Facebook,Beginner guide to modern technology,Technology,Promotional,604,64,69,96,18538,synthetic-03904,158,true
2026-07-29,10:00,X,Best learning habits for students,Education,Entertainment,1308,76,138,336,52140,synthetic-03905,124,true
2026-02-27,20:30,Facebook,Simple marketing strategies for beginners,Marketing,Educational,1818,195,279,406,28618,synthetic-03906,141,true
2026-10-18,14:30,X,Python tricks that save coding time,Python,Educational,1609,70,147,374,39926,synthetic-03907,107,true
2026-03-20,20:00,X,Easy Python projects for students,Python,Entertainment,963,65,77,144,29719,synthetic-03908,117,true
2026-05-31,09:30,Instagram,Learn Python functions with simple examples,Python,Entertainment,3813,453,414,987,51275,synthetic-03909,4,true
2026-09-12,12:00,Facebook,5 Python tips every beginner should know,Python,Informational,1242,145,56,222,20525,synthetic-03910,13,true
2026-04-29,19:30,X,Python tricks that save coding time,Python,Promotional,433,45,19,103,25808,synthetic-03911,171,true
2026-08-24,08:00,X,AI tools that save you 10 hours a week,AI,Educational,506,55,29,88,9549,synthetic-03912,19,true
2026-01-24,08:00,Facebook,Learn Python functions with simple examples,Python,Promotional,1512,121,80,213,42935,synthetic-03913,137,true
2026-06-18,18:30,Instagram,How our new feature improves productivity,Product,Informational,1962,198,149,506,49178,synthetic-03914,195,true
2026-05-09,19:30,X,The future of technology explained,Technology,Promotional,489,49,39,141,25370,synthetic-03915,75,true
2026-09-15,09:30,LinkedIn,Ways to grow your online audience,Marketing,Promotional,164,6,10,14,7630,synthetic-03916,132,true
2026-02-13,21:00,Instagram,5 useful AI tools for students,AI,Promotional,2184,137,198,409,33842,synthetic-03917,198,true
2026-06-17,12:30,X,Beginner guide to modern technology,Technology,Educational,1657,149,184,466,33361,synthetic-03918,44,true
2026-06-13,08:30,LinkedIn,Python tricks that save coding time,Python,Promotional,1109,63,141,201,37020,synthetic-03919,127,true
2026-09-21,17:30,LinkedIn,Latest AI trends you should know,AI,Promotional,443,43,38,121,14078,synthetic-03920,175,true
2026-04-04,19:30,LinkedIn,Social media tips for better engagement,Marketing,Entertainment,3672,310,409,825,56632,synthetic-03921,113,true
2026-04-29,08:30,Instagram,New product update is now available,Product,Entertainment,920,112,71,217,16673,synthetic-03922,31,true
2026-06-25,20:00,LinkedIn,How AI is changing the way we work,AI,Educational,1152,129,82,127,36918,synthetic-03923,94,true
2026-06-18,14:30,LinkedIn,Latest AI trends you should know,AI,Educational,1694,147,200,229,26255,synthetic-03924,74,true
2026-01-23,08:30,X,Product update: new tools for users,Product,Informational,1021,70,137,170,32633,synthetic-03925,200,true
2026-03-07,08:30,Facebook,How to learn technical skills faster,Education,Educational,378,29,22,72,9779,synthetic-03926,80,true
2026-06-24,09:00,LinkedIn,Top Python mistakes beginners make,Python,Informational,1279,64,186,329,41590,synthetic-03927,179,true
2026-01-31,20:30,Facebook,Simple marketing strategies for beginners,Marketing,Educational,1665,163,236,365,23499,synthetic-03928,141,true
2026-04-19,09:00,X,Ways to grow your online audience,Marketing,Educational,543,64,57,63,14795,synthetic-03929,28,true
2026-03-03,21:30,Facebook,Learn Python functions with simple examples,Python,Informational,1226,87,141,245,48457,synthetic-03930,78,true
2026-07-10,10:00,Facebook,Content ideas that attract more viewers,Marketing,Entertainment,2907,201,142,385,39450,synthetic-03931,199,true
2026-06-07,18:00,X,Social media tips for better engagement,Marketing,Informational,867,63,88,102,25923,synthetic-03932,102,true
2026-04-14,10:00,Facebook,See what is new in our latest release,Product,Educational,1038,52,60,172,23664,synthetic-03933,43,true
2026-01-28,18:30,Instagram,How to create engaging social media posts,Marketing,Educational,646,28,88,181,9124,synthetic-03934,177,true
2026-04-14,21:00,Instagram,How AI is changing the way we work,AI,Entertainment,3629,178,307,467,36185,synthetic-03935,81,true
2026-05-08,20:30,Instagram,Simple study tips for better results,Education,Entertainment,1148,84,52,226,23382,synthetic-03936,152,true
2026-05-26,19:00,X,5 technologies shaping the future,Technology,Informational,856,43,74,115,31551,synthetic-03937,157,true
2026-07-19,21:30,Facebook,5 Python tips every beginner should know,Python,Promotional,151,12,18,23,8290,synthetic-03938,33,true
2026-08-25,12:00,Facebook,5 Python tips every beginner should know,Python,Informational,1110,140,59,207,20158,synthetic-03939,13,true
2026-03-06,21:30,X,Technology trends to watch this year,Technology,Informational,114,13,15,23,6321,synthetic-03940,67,true
2026-08-01,12:30,Facebook,How our new feature improves productivity,Product,Promotional,2273,231,309,467,52286,synthetic-03941,36,true
2026-04-01,09:00,Instagram,Top Python mistakes beginners make,Python,Promotional,2760,200,392,603,50232,synthetic-03942,22,true
2026-07-10,20:30,Instagram,Latest AI trends you should know,AI,Entertainment,352,20,23,107,6053,synthetic-03943,120,true
2026-02-28,08:30,Facebook,How to learn technical skills faster,Education,Educational,353,26,20,71,9715,synthetic-03944,80,true
2026-02-26,20:00,Instagram,Important skills every student should learn,Education,Educational,1027,77,123,161,24639,synthetic-03945,145,true
2026-04-22,19:30,X,Python tricks that save coding time,Python,Promotional,559,59,23,127,31539,synthetic-03946,171,true
2026-08-02,10:30,X,Python tricks that save coding time,Python,Promotional,863,67,121,242,25166,synthetic-03947,178,true
2026-07-27,12:30,Facebook,How our new feature improves productivity,Product,Promotional,2231,232,327,482,46889,synthetic-03948,36,true
2026-04-07,14:30,LinkedIn,Beginner guide to modern technology,Technology,Educational,692,72,74,80,11925,synthetic-03949,38,true
2026-01-27,08:30,Facebook,How to learn technical skills faster,Education,Educational,370,27,22,76,10044,synthetic-03950,80,true
2026-02-16,12:00,Instagram,Learn Python functions with simple examples,Python,Promotional,576,47,68,159,12272,synthetic-03951,181,true
2026-03-27,21:00,X,How AI is changing the way we work,AI,Educational,1734,175,99,352,39308,synthetic-03952,50,true
2026-04-27,20:30,LinkedIn,Learn Python functions with simple examples,Python,Entertainment,1824,188,170,483,38189,synthetic-03953,41,true
2026-07-02,21:00,Instagram,Easy Python projects for students,Python,Entertainment,2721,357,215,570,45114,synthetic-03954,62,true
2026-07-21,18:30,Instagram,How our new feature improves productivity,Product,Informational,2063,195,145,517,48574,synthetic-03955,195,true
2026-05-06,20:30,X,Latest AI trends you should know,AI,Entertainment,363,19,54,67,11298,synthetic-03956,170,true
2026-03-18,21:30,X,How AI is changing the way we work,AI,Informational,413,27,33,57,9973,synthetic-03957,59,true
2026-10-12,19:30,Facebook,5 technologies shaping the future,Technology,Entertainment,1208,77,61,224,18138,synthetic-03958,191,true
2025-12-21,08:00,X,5 ways to improve your study routine,Education,Informational,777,83,74,179,21479,synthetic-03959,64,true
2026-06-27,09:00,LinkedIn,Top Python mistakes beginners make,Python,Informational,1298,68,195,375,43136,synthetic-03960,179,true
2026-02-12,14:30,LinkedIn,Simple study tips for better results,Education,Entertainment,1928,221,126,346,30985,synthetic-03961,73,true
2026-04-27,10:30,X,5 Python tips every beginner should know,Python,Informational,1778,206,211,263,57245,synthetic-03962,172,true
2026-09-27,19:30,Facebook,5 technologies shaping the future,Technology,Entertainment,1096,78,65,234,16996,synthetic-03963,191,true
2026-08-13,18:00,Facebook,Ways to grow your online audience,Marketing,Educational,729,88,63,173,21329,synthetic-03964,110,true
2026-01-30,18:30,LinkedIn,Beginner guide to artificial intelligence,AI,Educational,1136,134,149,297,18543,synthetic-03965,167,true
2026-07-08,12:30,Facebook,How our new feature improves productivity,Product,Promotional,2276,221,332,512,48272,synthetic-03966,36,true
2026-05-03,19:30,X,Simple marketing strategies for beginners,Marketing,Informational,316,13,12,60,12601,synthetic-03967,15,true
2026-01-16,08:00,Facebook,Learn Python functions with simple examples,Python,Promotional,1826,156,102,252,51581,synthetic-03968,137,true
2026-05-25,09:00,LinkedIn,Social media tips for better engagement,Marketing,Informational,1085,66,65,156,42653,synthetic-03969,26,true
2026-06-21,09:00,Instagram,Beginner guide to artificial intelligence,AI,Educational,1423,146,177,283,34635,synthetic-03970,101,true
2026-04-28,12:00,X,Social media tips for better engagement,Marketing,Entertainment,206,29,14,63,8472,synthetic-03971,182,true
2026-08-09,09:00,LinkedIn,Top Python mistakes beginners make,Python,Informational,1237,66,183,332,41117,synthetic-03972,179,true
2026-06-10,19:30,Instagram,Beginner guide to artificial intelligence,AI,Entertainment,1991,139,102,368,26407,synthetic-03973,114,true
2025-12-25,18:30,Instagram,How to create engaging social media posts,Marketing,Educational,700,32,94,219,10838,synthetic-03974,177,true
2026-07-23,17:30,LinkedIn,Beginner guide to modern technology,Technology,Promotional,582,47,55,105,17410,synthetic-03975,151,true
2026-02-22,10:00,Facebook,Ways to grow your online audience,Marketing,Informational,743,52,54,115,27773,synthetic-03976,3,true
2026-07-03,10:30,X,Our new dashboard feature is live,Product,Informational,530,33,39,119,21334,synthetic-03977,55,true
2026-08-06,18:00,Instagram,Product update: new tools for users,Product,Educational,2171,224,174,369,25888,synthetic-03978,153,true
2026-03-18,14:30,Facebook,5 technologies shaping the future,Technology,Promotional,862,57,40,240,22014,synthetic-03979,87,true
2026-03-01,17:00,Facebook,Python tricks that save coding time,Python,Educational,1707,74,201,446,44114,synthetic-03980,29,true
2026-03-10,21:00,Facebook,5 ways to improve your study routine,Education,Entertainment,1860,214,207,530,31731,synthetic-03981,91,true
2026-07-17,14:30,X,Technology trends to watch this year,Technology,Informational,779,80,56,78,19838,synthetic-03982,148,true
2026-07-06,17:30,X,New product update is now available,Product,Informational,890,100,57,81,21485,synthetic-03983,48,true
2026-01-19,18:30,LinkedIn,Beginner guide to artificial intelligence,AI,Educational,1059,121,135,287,16302,synthetic-03984,167,true
2026-03-08,10:00,X,Best learning habits for students,Education,Educational,2394,129,253,670,41273,synthetic-03985,165,true
2026-04-21,10:00,Instagram,5 technologies shaping the future,Technology,Entertainment,964,56,103,124,11988,synthetic-03986,194,true
2026-08-04,14:30,LinkedIn,Latest AI trends you should know,AI,Educational,1589,129,201,216,27708,synthetic-03987,74,true
2026-02-23,18:00,Facebook,Beginner guide to artificial intelligence,AI,Educational,981,80,112,232,20595,synthetic-03988,88,true
2026-04-19,17:00,Instagram,5 useful AI tools for students,AI,Entertainment,3581,219,260,851,40165,synthetic-03989,186,true
2026-07-11,08:30,LinkedIn,Best learning habits for students,Education,Informational,285,23,19,53,9268,synthetic-03990,163,true
2026-01-02,09:30,Facebook,Python tricks that save coding time,Python,Educational,1812,238,212,175,32873,synthetic-03991,115,true
2026-09-25,09:30,Facebook,AI tools that save you 10 hours a week,AI,Informational,1284,104,135,335,44292,synthetic-03992,103,true
2026-02-07,17:00,Facebook,Simple study tips for better results,Education,Informational,1568,180,60,439,27414,synthetic-03993,70,true
2026-09-12,19:30,Facebook,5 technologies shaping the future,Technology,Entertainment,1067,75,59,193,15992,synthetic-03994,191,true
2026-01-04,12:00,X,How our new feature improves productivity,Product,Entertainment,1110,79,175,296,36669,synthetic-03995,180,true
2026-04-24,09:30,X,Python tricks that save coding time,Python,Educational,747,69,31,80,35174,synthetic-03996,61,true
2026-02-05,20:30,LinkedIn,Important skills every student should learn,Education,Educational,1646,69,224,442,33622,synthetic-03997,97,true
2026-06-11,09:00,LinkedIn,Content ideas that attract more viewers,Marketing,Entertainment,1268,82,73,114,42166,synthetic-03998,65,true
2026-08-05,20:00,X,5 Python tips every beginner should know,Python,Educational,422,17,33,92,15879,synthetic-03999,129,true
2026-01-25,10:00,LinkedIn,New product update is now available,Product,Informational,2310,122,179,603,45722,synthetic-04000,95,true
2026-04-11,19:30,X,Python tricks that save coding time,Python,Promotional,511,52,21,112,26212,synthetic-04001,171,true
2026-05-17,18:00,Facebook,The future of technology explained,Technology,Educational,797,103,113,161,31551,synthetic-04002,109,true
2026-06-11,20:30,X,Social media tips for better engagement,Marketing,Entertainment,713,79,77,89,13936,synthetic-04003,144,true
2026-08-13,14:00,Facebook,How to learn technical skills faster,Education,Informational,607,35,70,150,11542,synthetic-04004,166,true
2026-05-26,12:00,Facebook,5 technologies shaping the future,Technology,Entertainment,1346,77,189,183,21861,synthetic-04005,161,true
2026-06-09,08:00,X,Beginner guide to modern technology,Technology,Informational,683,76,83,101,24285,synthetic-04006,133,true
2026-04-20,17:00,Instagram,5 useful AI tools for students,AI,Entertainment,3532,206,263,778,43148,synthetic-04007,186,true
2026-06-28,19:30,Instagram,Beginner guide to artificial intelligence,AI,Entertainment,1565,105,72,276,19448,synthetic-04008,114,true
2026-07-13,20:00,LinkedIn,How AI is changing the way we work,AI,Educational,1149,138,84,131,38799,synthetic-04009,94,true
2026-07-20,12:00,Facebook,5 technologies shaping the future,Technology,Entertainment,1167,70,167,170,20385,synthetic-04010,161,true
2026-02-06,21:00,Instagram,The future of technology explained,Technology,Entertainment,956,51,86,84,11279,synthetic-04011,47,true
2026-01-25,10:00,Facebook,Best learning habits for students,Education,Informational,1845,145,75,201,40623,synthetic-04012,155,true
2026-03-19,14:30,LinkedIn,Our new dashboard feature is live,Product,Informational,506,66,40,90,14435,synthetic-04013,119,true
2026-08-02,12:00,Instagram,Simple marketing strategies for beginners,Marketing,Educational,2500,105,123,742,38915,synthetic-04014,197,true
2026-10-05,17:30,LinkedIn,Latest AI trends you should know,AI,Promotional,384,40,32,108,11879,synthetic-04015,175,true
2026-06-26,14:00,Facebook,How our new feature improves productivity,Product,Informational,745,50,90,203,14891,synthetic-04016,58,true
2026-05-04,19:30,X,Simple marketing strategies for beginners,Marketing,Informational,282,13,12,56,12136,synthetic-04017,15,true
2025-12-22,12:00,X,How our new feature improves productivity,Product,Entertainment,1007,64,154,249,31686,synthetic-04018,180,true
2026-06-20,10:00,Instagram,How technology is changing daily life,Technology,Promotional,684,67,60,175,32660,synthetic-04019,142,true
2026-04-01,10:30,X,5 Python tips every beginner should know,Python,Informational,1432,163,159,209,46751,synthetic-04020,172,true
2026-06-28,18:00,X,Social media tips for better engagement,Marketing,Informational,717,48,71,83,20954,synthetic-04021,102,true
2026-06-24,08:00,X,Beginner guide to modern technology,Technology,Informational,618,67,81,87,21585,synthetic-04022,133,true
2026-01-23,09:30,Facebook,Python tricks that save coding time,Python,Educational,2077,254,240,170,36864,synthetic-04023,115,true
2026-03-23,20:00,Facebook,Social media tips for better engagement,Marketing,Educational,2207,92,192,374,31699,synthetic-04024,130,true
2026-04-13,17:30,Instagram,Top Python mistakes beginners make,Python,Promotional,2894,173,157,356,55694,synthetic-04025,112,true
2026-02-01,09:30,Facebook,Python tricks that save coding time,Python,Educational,2201,269,263,194,42854,synthetic-04026,115,true
2026-03-07,21:00,X,How AI is changing the way we work,AI,Educational,1714,173,93,368,37704,synthetic-04027,50,true
2026-02-16,18:30,Instagram,Technology trends to watch this year,Technology,Informational,2264,167,246,257,44799,synthetic-04028,143,true
2026-08-04,12:00,Instagram,Simple marketing strategies for beginners,Marketing,Educational,2401,106,106,618,36189,synthetic-04029,197,true
2026-04-01,17:30,Instagram,Top Python mistakes beginners make,Python,Promotional,2816,164,146,321,46586,synthetic-04030,112,true
2026-06-18,09:30,X,See what is new in our latest release,Product,Entertainment,1732,115,138,351,30004,synthetic-04031,189,true
2026-06-03,17:00,Instagram,5 useful AI tools for students,AI,Entertainment,3017,176,213,752,34517,synthetic-04032,186,true
2026-06-02,19:00,LinkedIn,Python tricks that save coding time,Python,Entertainment,771,72,72,210,28558,synthetic-04033,92,true
2026-04-17,09:00,Instagram,Top Python mistakes beginners make,Python,Promotional,3143,252,434,677,53560,synthetic-04034,22,true
2025-12-11,18:30,Instagram,How to create engaging social media posts,Marketing,Educational,556,25,75,165,7549,synthetic-04035,177,true
2026-05-27,19:00,LinkedIn,Python tricks that save coding time,Python,Entertainment,757,75,73,231,26639,synthetic-04036,92,true
2026-05-28,10:30,Facebook,Easy Python projects for students,Python,Educational,1408,63,117,218,43419,synthetic-04037,96,true
2026-05-08,21:30,Facebook,Beginner guide to modern technology,Technology,Educational,2502,100,251,211,51954,synthetic-04038,193,true
2026-07-18,12:00,Facebook,Latest AI trends you should know,AI,Entertainment,918,69,126,161,12549,synthetic-04039,140,true
2026-09-02,20:00,X,5 Python tips every beginner should know,Python,Educational,469,18,37,92,16609,synthetic-04040,129,true
2026-04-11,09:00,Facebook,5 technologies shaping the future,Technology,Promotional,317,39,20,39,17584,synthetic-04041,164,true
2026-03-12,18:30,Facebook,Product update: new tools for users,Product,Educational,1729,212,196,185,41944,synthetic-04042,154,true
2026-02-23,12:00,Instagram,Learn Python functions with simple examples,Python,Promotional,436,36,49,124,10005,synthetic-04043,181,true
2026-09-10,20:30,Facebook,Our new dashboard feature is live,Product,Promotional,407,35,19,87,11421,synthetic-04044,146,true
2026-08-11,08:30,LinkedIn,Best learning habits for students,Education,Informational,356,28,24,62,12287,synthetic-04045,163,true
2026-01-28,18:30,Instagram,How to create engaging social media posts,Marketing,Educational,633,27,87,172,8656,synthetic-04046,177,true
2026-09-08,20:30,LinkedIn,How technology is changing daily life,Technology,Educational,2000,93,197,187,39379,synthetic-04047,174,true
2026-01-31,21:00,Instagram,5 useful AI tools for students,AI,Promotional,2190,147,219,451,33638,synthetic-04048,198,true
2026-01-20,18:30,Instagram,How to create engaging social media posts,Marketing,Educational,597,24,84,175,8843,synthetic-04049,177,true
2025-12-31,09:30,Facebook,Python tricks that save coding time,Python,Educational,2187,256,273,201,40831,synthetic-04050,115,true
2026-04-03,20:00,Facebook,Social media tips for better engagement,Marketing,Educational,2463,110,184,375,35099,synthetic-04051,130,true
2026-04-14,12:00,X,Social media tips for better engagement,Marketing,Entertainment,195,26,14,59,8364,synthetic-04052,182,true
2026-07-16,14:30,X,Technology trends to watch this year,Technology,Informational,793,79,58,74,18788,synthetic-04053,148,true
2025-12-08,14:30,Instagram,Product update: new tools for users,Product,Informational,2720,234,362,724,45324,synthetic-04054,168,true
2026-01-11,14:00,X,Technology trends to watch this year,Technology,Informational,1993,124,178,457,53668,synthetic-04055,23,true
2025-12-03,08:00,X,5 ways to improve your study routine,Education,Informational,1006,100,86,216,25802,synthetic-04056,64,true
2026-05-27,21:00,Facebook,Learn Python functions with simple examples,Python,Educational,3018,367,434,750,47565,synthetic-04057,84,true
2026-08-23,12:00,Instagram,Product update: new tools for users,Product,Educational,1890,101,121,197,24082,synthetic-04058,63,true
2026-03-29,14:30,LinkedIn,Our new dashboard feature is live,Product,Informational,434,55,32,74,12051,synthetic-04059,119,true
2026-02-02,12:00,X,How our new feature improves productivity,Product,Entertainment,1347,81,186,319,42549,synthetic-04060,180,true
2026-03-14,20:30,Instagram,How AI is changing the way we work,AI,Promotional,756,53,103,207,20086,synthetic-04061,2,true
2026-03-06,18:30,Instagram,Social media tips for better engagement,Marketing,Entertainment,2637,242,311,270,38681,synthetic-04062,196,true
2026-03-01,12:00,Facebook,Simple marketing strategies for beginners,Marketing,Promotional,715,78,82,120,34628,synthetic-04063,173,true
2026-03-10,18:00,LinkedIn,Ways to grow your online audience,Marketing,Promotional,1028,62,91,231,47525,synthetic-04064,188,true
2026-05-12,10:00,Facebook,See what is new in our latest release,Product,Educational,944,52,57,165,21111,synthetic-04065,43,true
2026-01-20,19:30,Facebook,5 useful AI tools for students,AI,Promotional,2357,281,234,538,48602,synthetic-04066,25,true
2026-04-12,12:00,X,Social media tips for better engagement,Marketing,Entertainment,210,29,14,60,8461,synthetic-04067,182,true
2026-02-23,18:30,Instagram,Social media tips for better engagement,Marketing,Entertainment,2658,260,332,275,36994,synthetic-04068,196,true
2025-12-14,10:30,Facebook,5 Python tips every beginner should know,Python,Promotional,542,33,29,74,13992,synthetic-04069,128,true
2026-09-01,17:30,LinkedIn,Beginner guide to modern technology,Technology,Entertainment,391,50,43,66,7072,synthetic-04070,136,true
2025-12-26,14:30,Instagram,5 technologies shaping the future,Technology,Promotional,1088,55,57,236,29557,synthetic-04071,104,true
2026-02-05,18:30,X,How our new feature improves productivity,Product,Entertainment,628,55,84,116,15984,synthetic-04072,134,true
2026-03-04,12:00,Facebook,Simple marketing strategies for beginners,Marketing,Promotional,750,78,79,131,35209,synthetic-04073,173,true
2026-08-03,09:30,LinkedIn,Ways to grow your online audience,Marketing,Promotional,136,5,9,12,6514,synthetic-04074,132,true
2026-01-28,09:30,Facebook,Our new dashboard feature is live,Product,Promotional,280,24,36,32,16543,synthetic-04075,131,true
2026-02-04,20:00,LinkedIn,How technology is changing daily life,Technology,Entertainment,863,86,138,247,18270,synthetic-04076,14,true
2026-05-27,09:30,Facebook,Beginner guide to modern technology,Technology,Educational,679,45,34,190,26092,synthetic-04077,27,true
2026-07-09,20:30,X,Social media tips for better engagement,Marketing,Entertainment,717,79,74,82,12849,synthetic-04078,144,true
2026-05-07,08:30,Instagram,Simple marketing strategies for beginners,Marketing,Promotional,938,55,137,261,30027,synthetic-04079,7,true
2026-05-22,10:30,X,5 Python tips every beginner should know,Python,Informational,1497,161,173,197,43762,synthetic-04080,172,true
2026-06-17,19:30,Instagram,How our new feature improves productivity,Product,Promotional,1213,56,63,195,31808,synthetic-04081,138,true
2026-03-22,19:30,X,Content ideas that attract more viewers,Marketing,Promotional,268,25,20,41,19914,synthetic-04082,17,true
2026-06-09,20:00,X,Social media tips for better engagement,Marketing,Informational,305,22,30,65,11205,synthetic-04083,82,true
2026-09-20,18:00,Instagram,Product update: new tools for users,Product,Educational,1975,212,148,308,22726,synthetic-04084,153,true
2026-05-14,08:30,Instagram,New product update is now available,Product,Entertainment,1020,124,80,269,20438,synthetic-04085,31,true
2026-01-29,19:30,Instagram,Simple marketing strategies for beginners,Marketing,Promotional,693,65,74,124,24440,synthetic-04086,68,true
2026-05-27,20:30,LinkedIn,Learn Python functions with simple examples,Python,Entertainment,1693,168,153,400,32232,synthetic-04087,41,true
2026-04-06,18:00,Facebook,Beginner guide to artificial intelligence,AI,Educational,983,78,109,215,19852,synthetic-04088,88,true
2026-05-07,18:00,Facebook,The future of technology explained,Technology,Educational,955,122,129,194,37789,synthetic-04089,109,true
2026-02-20,12:00,Instagram,Learn Python functions with simple examples,Python,Promotional,585,43,62,150,12663,synthetic-04090,181,true
2026-04-28,08:30,Instagram,New product update is now available,Product,Entertainment,1129,135,86,292,21533,synthetic-04091,31,true
2026-10-05,14:30,X,Python tricks that save coding time,Python,Educational,1474,60,117,311,35602,synthetic-04092,107,true
2026-03-18,08:00,Instagram,Technology trends to watch this year,Technology,Educational,1347,138,64,162,31399,synthetic-04093,192,true
2026-07-30,18:30,Instagram,How our new feature improves productivity,Product,Informational,1833,186,138,449,43899,synthetic-04094,195,true
2026-05-14,21:00,Instagram,5 ways to improve your study routine,Education,Educational,752,29,64,101,13816,synthetic-04095,72,true
2026-01-11,18:30,LinkedIn,Beginner guide to artificial intelligence,AI,Educational,967,121,126,267,15111,synthetic-04096,167,true
2026-04-02,21:30,Facebook,Beginner guide to modern technology,Technology,Educational,2076,81,206,176,42204,synthetic-04097,193,true
2026-03-18,21:30,X,How AI is changing the way we work,AI,Informational,492,31,38,71,11460,synthetic-04098,59,true
2026-03-09,12:00,Facebook,Simple marketing strategies for beginners,Marketing,Promotional,775,83,82,138,37759,synthetic-04099,173,true
2026-05-19,10:00,Instagram,5 technologies shaping the future,Technology,Entertainment,964,57,100,133,13230,synthetic-04100,194,true
2026-05-29,09:30,Facebook,The future of technology explained,Technology,Entertainment,1713,222,176,323,27155,synthetic-04101,66,true
2026-06-18,10:00,X,How technology is changing daily life,Technology,Promotional,1225,66,103,215,41152,synthetic-04102,122,true
2026-07-30,12:30,X,Simple marketing strategies for beginners,Marketing,Informational,619,43,45,85,31018,synthetic-04103,83,true
2026-02-17,21:30,X,Technology trends to watch this year,Technology,Informational,111,13,15,23,5543,synthetic-04104,67,true
2026-04-08,19:30,X,Content ideas that attract more viewers,Marketing,Promotional,219,20,16,38,16360,synthetic-04105,17,true
2026-05-12,21:00,Instagram,5 ways to improve your study routine,Education,Educational,781,32,64,103,13755,synthetic-04106,72,true
2026-05-15,09:30,Facebook,The future of technology explained,Technology,Entertainment,1756,216,152,329,25971,synthetic-04107,66,true
2026-06-10,19:30,Instagram,Beginner guide to artificial intelligence,AI,Entertainment,1992,145,95,370,23562,synthetic-04108,114,true
2026-08-13,09:00,LinkedIn,New product update is now available,Product,Entertainment,362,18,38,69,11745,synthetic-04109,9,true
2026-01-19,08:00,Facebook,Learn Python functions with simple examples,Python,Promotional,1766,138,91,229,47458,synthetic-04110,137,true
2026-05-24,17:00,LinkedIn,Content ideas that attract more viewers,Marketing,Promotional,1541,191,227,336,42404,synthetic-04111,12,true
2026-01-31,18:30,Instagram,Social media tips for better engagement,Marketing,Entertainment,2584,254,291,256,38923,synthetic-04112,196,true
2026-02-21,21:00,X,How AI is changing the way we work,AI,Educational,1593,172,97,328,36705,synthetic-04113,50,true
2026-02-09,19:30,Instagram,Simple marketing strategies for beginners,Marketing,Promotional,578,58,69,111,21708,synthetic-04114,68,true
2026-07-04,10:00,X,How technology is changing daily life,Technology,Promotional,1489,90,131,269,52047,synthetic-04115,122,true
2026-01-04,10:00,LinkedIn,New product update is now available,Product,Informational,2371,113,182,588,46760,synthetic-04116,95,true
2026-02-22,21:00,Instagram,Ways to grow your online audience,Marketing,Entertainment,2480,116,182,359,40850,synthetic-04117,135,true
2025-12-28,18:30,LinkedIn,Beginner guide to artificial intelligence,AI,Educational,1014,128,144,275,18159,synthetic-04118,167,true
2026-04-27,17:30,Instagram,Python tricks that save coding time,Python,Educational,2776,235,225,783,46881,synthetic-04119,52,true
2026-08-20,17:30,LinkedIn,Beginner guide to modern technology,Technology,Entertainment,412,53,45,71,7880,synthetic-04120,136,true
2025-12-12,18:30,Instagram,How to create engaging social media posts,Marketing,Educational,626,26,82,166,8821,synthetic-04121,177,true
2026-06-07,19:00,X,5 technologies shaping the future,Technology,Informational,851,45,72,128,33629,synthetic-04122,157,true
2026-03-21,14:30,LinkedIn,Beginner guide to modern technology,Technology,Educational,515,51,58,67,9788,synthetic-04123,38,true
2026-03-05,08:30,X,Product update: new tools for users,Product,Informational,868,65,134,165,31221,synthetic-04124,200,true
2026-05-15,21:00,Instagram,Easy Python projects for students,Python,Entertainment,2674,294,192,541,39440,synthetic-04125,62,true
2026-04-28,21:30,Instagram,How our new feature improves productivity,Product,Informational,4334,453,307,601,54609,synthetic-04126,35,true
2026-05-13,08:30,Instagram,Top Python mistakes beginners make,Python,Promotional,1002,79,59,190,26933,synthetic-04127,159,true
2026-02-05,08:30,Facebook,Beginner guide to modern technology,Technology,Promotional,555,61,76,93,18011,synthetic-04128,158,true
2026-08-11,17:30,LinkedIn,Beginner guide to modern technology,Technology,Promotional,500,44,50,100,15255,synthetic-04129,151,true
2026-05-16,14:00,Instagram,Important skills every student should learn,Education,Informational,2598,257,190,467,33397,synthetic-04130,37,true
2026-07-14,12:00,Instagram,Simple marketing strategies for beginners,Marketing,Educational,2612,109,128,756,40176,synthetic-04131,197,true
2026-06-24,09:00,LinkedIn,Social media tips for better engagement,Marketing,Informational,855,57,53,135,36218,synthetic-04132,26,true
2026-01-24,12:30,LinkedIn,Easy Python projects for students,Python,Entertainment,1730,70,241,487,25938,synthetic-04133,187,true
2026-01-31,14:30,Instagram,Product update: new tools for users,Product,Informational,2709,245,382,717,44926,synthetic-04134,168,true
2026-09-19,21:30,LinkedIn,Simple study tips for better results,Education,Informational,1341,55,86,134,38670,synthetic-04135,71,true
2026-02-13,19:30,X,Content ideas that attract more viewers,Marketing,Promotional,210,19,16,34,14628,synthetic-04136,17,true
2026-03-05,10:30,Instagram,Our new dashboard feature is live,Product,Informational,918,89,89,174,12378,synthetic-04137,60,true
2026-02-01,19:00,X,Beginner guide to artificial intelligence,AI,Entertainment,1117,75,128,268,26788,synthetic-04138,149,true
2026-07-02,19:30,Instagram,Beginner guide to artificial intelligence,AI,Entertainment,1604,106,73,292,20250,synthetic-04139,114,true
2026-03-11,18:00,Facebook,Beginner guide to artificial intelligence,AI,Educational,1021,82,112,208,19550,synthetic-04140,88,true
2026-09-18,21:30,LinkedIn,Simple study tips for better results,Education,Informational,1508,66,112,161,47537,synthetic-04141,71,true
2026-03-19,08:00,Facebook,Latest AI trends you should know,AI,Educational,534,62,38,67,7225,synthetic-04142,147,true
2026-08-21,19:30,Facebook,5 technologies shaping the future,Technology,Entertainment,1199,85,60,223,17563,synthetic-04143,191,true
2026-01-07,20:00,LinkedIn,How technology is changing daily life,Technology,Entertainment,1069,98,163,323,23681,synthetic-04144,14,true
2026-06-02,19:00,X,Python tricks that save coding time,Python,Promotional,668,72,58,66,19261,synthetic-04145,11,true
2026-03-21,14:30,LinkedIn,Our new dashboard feature is live,Product,Informational,572,72,41,89,14713,synthetic-04146,119,true
2026-02-18,20:30,LinkedIn,Important skills every student should learn,Education,Educational,1621,69,237,410,34077,synthetic-04147,97,true
2026-04-07,08:30,Instagram,Top Python mistakes beginners make,Python,Promotional,1000,86,64,205,25986,synthetic-04148,159,true
2026-04-16,20:00,Instagram,Simple marketing strategies for beginners,Marketing,Promotional,635,37,86,146,14920,synthetic-04149,6,true
2026-06-22,09:30,Facebook,Learn Python functions with simple examples,Python,Promotional,395,38,39,31,9991,synthetic-04150,93,true
2026-07-27,14:30,X,Technology trends to watch this year,Technology,Informational,759,70,55,72,19298,synthetic-04151,148,true
2026-08-18,20:30,LinkedIn,How technology is changing daily life,Technology,Educational,2080,90,215,177,38914,synthetic-04152,174,true
2026-04-25,10:00,Instagram,5 technologies shaping the future,Technology,Entertainment,947,57,105,122,12836,synthetic-04153,194,true
2026-05-28,20:30,X,Social media tips for better engagement,Marketing,Entertainment,636,72,75,77,13049,synthetic-04154,144,true
2026-03-28,09:00,Instagram,Top Python mistakes beginners make,Python,Promotional,2512,197,393,536,45866,synthetic-04155,22,true
2026-02-01,09:30,Facebook,Python tricks that save coding time,Python,Educational,1573,202,195,157,31609,synthetic-04156,115,true
2026-02-16,18:00,Facebook,Beginner guide to artificial intelligence,AI,Educational,1070,81,116,221,19795,synthetic-04157,88,true
2026-09-04,20:00,X,5 Python tips every beginner should know,Python,Educational,416,17,34,87,14577,synthetic-04158,129,true
2026-07-01,21:00,Instagram,Easy Python projects for students,Python,Entertainment,2312,278,174,498,34265,synthetic-04159,62,true
2026-06-16,08:00,X,Beginner guide to modern technology,Technology,Informational,684,71,95,102,25736,synthetic-04160,133,true
2026-08-01,18:00,Facebook,Ways to grow your online audience,Marketing,Educational,939,116,82,220,26769,synthetic-04161,110,true
2026-07-17,14:00,Facebook,How our new feature improves productivity,Product,Informational,610,44,75,196,11956,synthetic-04162,58,true
2026-01-24,12:00,Instagram,Content ideas that attract more viewers,Marketing,Informational,1598,61,103,416,49848,synthetic-04163,49,true
2026-03-30,18:30,Facebook,Product update: new tools for users,Product,Educational,1450,181,164,158,38620,synthetic-04164,154,true
2026-04-11,20:00,Instagram,Simple marketing strategies for beginners,Marketing,Promotional,560,34,76,131,13163,synthetic-04165,6,true
2025-12-27,12:00,X,How our new feature improves productivity,Product,Entertainment,1120,72,151,257,34454,synthetic-04166,180,true
2026-04-18,09:00,Facebook,5 technologies shaping the future,Technology,Promotional,410,47,27,53,24705,synthetic-04167,164,true
2026-06-24,19:00,X,5 technologies shaping the future,Technology,Informational,856,44,75,125,32881,synthetic-04168,157,true
2025-12-12,09:30,Facebook,Our new dashboard feature is live,Product,Promotional,213,18,28,26,12836,synthetic-04169,131,true
2026-06-23,20:30,Instagram,Latest AI trends you should know,AI,Entertainment,415,21,24,113,6270,synthetic-04170,120,true
2026-01-19,09:30,Facebook,Python tricks that save coding time,Python,Educational,1788,218,233,157,33199,synthetic-04171,115,true
2026-04-26,10:00,Facebook,See what is new in our latest release,Product,Educational,964,53,66,181,22697,synthetic-04172,43,true
2026-09-28,20:30,LinkedIn,Social media tips for better engagement,Marketing,Promotional,1066,86,157,205,41446,synthetic-04173,160,true
2026-04-14,08:30,Instagram,Simple marketing strategies for beginners,Marketing,Promotional,1144,67,166,297,36785,synthetic-04174,7,true
2026-04-12,20:30,Instagram,How to create engaging social media posts,Marketing,Informational,1084,75,87,257,28463,synthetic-04175,190,true
2026-05-30,14:00,Facebook,The future of technology explained,Technology,Promotional,1596,126,111,346,53530,synthetic-04176,183,true
2026-03-04,08:30,X,Product update: new tools for users,Product,Informational,953,69,140,163,31734,synthetic-04177,200,true
2026-08-12,12:00,Facebook,5 Python tips every beginner should know,Python,Informational,1102,141,56,204,19016,synthetic-04178,13,true
2026-07-11,21:00,X,Important skills every student should learn,Education,Promotional,903,58,73,190,26970,synthetic-04179,156,true
2026-03-18,17:30,X,Ways to grow your online audience,Marketing,Educational,1188,90,66,187,38842,synthetic-04180,184,true
2026-01-18,09:30,Facebook,Our new dashboard feature is live,Product,Promotional,239,20,31,30,13902,synthetic-04181,131,true
2026-04-02,21:00,Instagram,How AI is changing the way we work,AI,Entertainment,3492,186,321,476,34970,synthetic-04182,81,true
2026-08-12,18:00,Instagram,Product update: new tools for users,Product,Educational,2027,220,162,364,25140,synthetic-04183,153,true
2026-06-01,20:00,LinkedIn,How AI is changing the way we work,AI,Educational,1247,144,96,145,42190,synthetic-04184,94,true
2026-02-27,14:30,Facebook,5 technologies shaping the future,Technology,Promotional,1061,73,56,311,27557,synthetic-04185,87,true
2026-05-07,20:00,X,Social media tips for better engagement,Marketing,Informational,336,24,35,71,10987,synthetic-04186,82,true
2026-08-10,09:00,LinkedIn,New product update is now available,Product,Entertainment,343,18,39,72,12420,synthetic-04187,9,true
2026-05-19,14:00,Facebook,The future of technology explained,Technology,Promotional,1708,122,116,345,48502,synthetic-04188,183,true
2026-03-21,10:00,LinkedIn,Python tricks that save coding time,Python,Promotional,1501,148,157,140,48065,synthetic-04189,1,true
2026-02-06,20:00,Instagram,Important skills every student should learn,Education,Educational,971,62,111,143,20608,synthetic-04190,145,true
2026-05-19,17:00,Instagram,5 useful AI tools for students,AI,Entertainment,3326,178,219,678,36828,synthetic-04191,186,true
2026-03-21,10:00,LinkedIn,Python tricks that save coding time,Python,Promotional,1480,130,165,127,50141,synthetic-04192,1,true
2026-04-20,20:00,Facebook,Social media tips for better engagement,Marketing,Educational,2368,102,184,388,35688,synthetic-04193,130,true
2026-05-08,08:30,Instagram,Simple marketing strategies for beginners,Marketing,Promotional,898,53,127,236,28119,synthetic-04194,7,true
2026-05-14,17:30,Instagram,Python tricks that save coding time,Python,Educational,2379,209,198,688,44501,synthetic-04195,52,true
2026-06-23,17:30,X,New product update is now available,Product,Informational,978,118,65,104,27144,synthetic-04196,48,true
2026-02-22,09:00,Instagram,Content ideas that attract more viewers,Marketing,Informational,1301,106,159,118,22030,synthetic-04197,125,true
2026-08-10,09:00,LinkedIn,Top Python mistakes beginners make,Python,Informational,1297,70,192,346,39558,synthetic-04198,179,true
2026-06-03,09:30,X,See what is new in our latest release,Product,Entertainment,1301,98,108,277,22131,synthetic-04199,189,true
2026-07-27,18:30,Facebook,Simple study tips for better results,Education,Informational,2282,200,242,290,39352,synthetic-04200,45,true
2026-05-02,18:00,Facebook,The future of technology explained,Technology,Educational,735,92,99,160,27942,synthetic-04201,109,true
2026-05-19,09:30,Facebook,Beginner guide to modern technology,Technology,Educational,744,50,37,220,25730,synthetic-04202,27,true
2026-01-08,17:00,Instagram,Social media tips for better engagement,Marketing,Entertainment,1043,95,57,136,22041,synthetic-04203,18,true
2026-04-12,08:00,Instagram,Technology trends to watch this year,Technology,Educational,1228,117,56,137,29187,synthetic-04204,192,true
2026-09-05,20:30,LinkedIn,Social media tips for better engagement,Marketing,Promotional,1318,99,203,254,51948,synthetic-04205,160,true
2026-05-23,09:30,Facebook,Beginner guide to modern technology,Technology,Educational,575,44,34,178,21656,synthetic-04206,27,true
2026-09-04,09:30,LinkedIn,How to learn technical skills faster,Education,Educational,544,75,52,50,19940,synthetic-04207,40,true
2026-04-29,08:30,Instagram,Top Python mistakes beginners make,Python,Promotional,1037,82,63,185,25866,synthetic-04208,159,true
2026-07-18,14:00,Facebook,How our new feature improves productivity,Product,Informational,584,39,72,174,10380,synthetic-04209,58,true
2026-05-27,12:00,Facebook,5 technologies shaping the future,Technology,Entertainment,1111,70,167,174,19973,synthetic-04210,161,true
2026-06-01,19:00,LinkedIn,Python tricks that save coding time,Python,Entertainment,723,73,69,218,27598,synthetic-04211,92,true
2026-08-01,09:30,LinkedIn,Ways to grow your online audience,Marketing,Promotional,176,7,10,14,8699,synthetic-04212,132,true
2026-01-30,21:00,Instagram,Ways to grow your online audience,Marketing,Entertainment,2793,133,193,381,46429,synthetic-04213,135,true
2026-05-08,10:30,X,5 Python tips every beginner should know,Python,Informational,1773,204,196,276,56076,synthetic-04214,172,true
2026-02-11,12:30,LinkedIn,Easy Python projects for students,Python,Entertainment,1987,79,283,518,30084,synthetic-04215,187,true
2026-03-25,20:30,LinkedIn,Important skills every student should learn,Education,Educational,1824,83,280,485,40755,synthetic-04216,97,true
2026-01-26,18:30,Instagram,How to create engaging social media posts,Marketing,Educational,544,25,75,171,7855,synthetic-04217,177,true
2026-06-21,17:30,X,New product update is now available,Product,Informational,977,119,62,101,25697,synthetic-04218,48,true
2026-05-16,09:30,X,See what is new in our latest release,Product,Entertainment,1738,125,148,330,31390,synthetic-04219,189,true
2026-08-22,20:30,LinkedIn,How technology is changing daily life,Technology,Educational,2374,108,231,210,45213,synthetic-04220,174,true
2026-06-19,09:00,LinkedIn,Top Python mistakes beginners make,Python,Informational,1397,71,226,408,46864,synthetic-04221,179,true
2026-08-02,20:30,LinkedIn,How technology is changing daily life,Technology,Educational,1913,84,185,161,35888,synthetic-04222,174,true
2026-09-03,14:30,X,Python tricks that save coding time,Python,Educational,1446,65,121,316,34019,synthetic-04223,107,true
2026-09-17,17:30,LinkedIn,Latest AI trends you should know,AI,Promotional,469,44,40,131,14248,synthetic-04224,175,true
2026-08-10,08:00,X,AI tools that save you 10 hours a week,AI,Educational,472,54,27,88,9114,synthetic-04225,19,true
2026-06-22,17:30,X,New product update is now available,Product,Informational,775,93,54,78,21923,synthetic-04226,48,true
2026-06-25,21:00,Instagram,5 ways to improve your study routine,Education,Educational,864,34,72,113,16713,synthetic-04227,72,true
2026-07-02,19:00,Instagram,Simple marketing strategies for beginners,Marketing,Promotional,2883,264,386,340,48580,synthetic-04228,89,true
2026-09-11,12:00,Facebook,Latest AI trends you should know,AI,Entertainment,916,77,122,163,12034,synthetic-04229,140,true
2026-06-06,12:30,Instagram,Ways to grow your online audience,Marketing,Educational,1511,120,78,340,19169,synthetic-04230,79,true
2026-07-21,12:00,Facebook,5 technologies shaping the future,Technology,Entertainment,1445,85,201,209,23029,synthetic-04231,161,true
2026-03-30,14:30,Facebook,5 technologies shaping the future,Technology,Promotional,817,59,41,248,21547,synthetic-04232,87,true
2026-01-17,10:00,LinkedIn,New product update is now available,Product,Informational,2291,110,166,551,44439,synthetic-04233,95,true
2026-03-13,21:00,Facebook,5 ways to improve your study routine,Education,Entertainment,2209,245,250,616,36556,synthetic-04234,91,true
2026-01-18,09:30,LinkedIn,Easy Python projects for students,Python,Educational,1488,124,127,201,31676,synthetic-04235,106,true
2026-03-15,18:00,X,How to create engaging social media posts,Marketing,Promotional,639,63,83,102,22023,synthetic-04236,76,true
2026-04-15,17:30,LinkedIn,AI tools that save you 10 hours a week,AI,Entertainment,614,41,63,104,9167,synthetic-04237,32,true
2026-06-28,10:00,Facebook,Content ideas that attract more viewers,Marketing,Entertainment,2661,178,133,350,38714,synthetic-04238,199,true
2026-09-15,12:00,Facebook,Latest AI trends you should know,AI,Entertainment,1196,94,152,209,15299,synthetic-04239,140,true
2026-09-11,12:00,Facebook,5 Python tips every beginner should know,Python,Informational,1124,145,55,201,18557,synthetic-04240,13,true
2026-10-02,08:00,Facebook,How AI is changing the way we work,AI,Promotional,425,40,40,117,24425,synthetic-04241,21,true
2026-07-23,10:00,X,Best learning habits for students,Education,Entertainment,1071,69,110,273,41001,synthetic-04242,124,true
2026-07-04,20:00,LinkedIn,How AI is changing the way we work,AI,Educational,1235,145,100,141,42389,synthetic-04243,94,true
2026-07-30,09:00,LinkedIn,Top Python mistakes beginners make,Python,Informational,1244,62,171,309,39002,synthetic-04244,179,true
2025-12-29,18:30,LinkedIn,Beginner guide to artificial intelligence,AI,Educational,941,116,126,245,15843,synthetic-04245,167,true
2026-07-01,19:00,Instagram,Simple marketing strategies for beginners,Marketing,Promotional,2407,217,330,285,40565,synthetic-04246,89,true
2026-02-07,19:00,X,Beginner guide to artificial intelligence,AI,Entertainment,1155,79,136,270,27637,synthetic-04247,149,true
2026-05-09,10:30,X,5 Python tips every beginner should know,Python,Informational,1400,154,150,192,43002,synthetic-04248,172,true
2026-03-15,20:30,LinkedIn,Important skills every student should learn,Education,Educational,1794,73,259,445,36025,synthetic-04249,97,true
2026-03-04,19:30,Facebook,5 useful AI tools for students,AI,Promotional,2028,219,204,454,42748,synthetic-04250,25,true
2026-05-11,08:00,LinkedIn,Simple marketing strategies for beginners,Marketing,Educational,1786,202,87,442,40758,synthetic-04251,139,true
2026-01-24,08:30,Facebook,Beginner guide to modern technology,Technology,Promotional,588,59,70,98,18877,synthetic-04252,158,true
2026-04-01,14:30,Facebook,5 technologies shaping the future,Technology,Promotional,909,64,45,258,23635,synthetic-04253,87,true
2026-10-05,14:30,X,Python tricks that save coding time,Python,Educational,1759,78,145,394,45193,synthetic-04254,107,true
2026-03-17,14:30,LinkedIn,Simple study tips for better results,Education,Entertainment,1920,249,121,397,32734,synthetic-04255,73,true
2026-05-17,18:00,Facebook,The future of technology explained,Technology,Educational,890,98,108,167,33957,synthetic-04256,109,true
2026-06-06,20:00,X,Social media tips for better engagement,Marketing,Informational,304,21,30,63,10697,synthetic-04257,82,true
2026-02-06,08:00,Facebook,Learn Python functions with simple examples,Python,Promotional,1589,131,85,214,43495,synthetic-04258,137,true
2026-02-04,14:30,Instagram,5 useful AI tools for students,AI,Educational,2912,171,296,821,29952,synthetic-04259,51,true
2026-07-16,19:00,Instagram,Simple marketing strategies for beginners,Marketing,Promotional,2225,209,341,314,38604,synthetic-04260,89,true
2026-02-25,09:00,X,Ways to grow your online audience,Marketing,Educational,571,67,62,64,15338,synthetic-04261,28,true
2026-07-13,18:30,Facebook,Simple study tips for better results,Education,Informational,1849,155,193,240,34973,synthetic-04262,45,true
2026-05-07,20:30,LinkedIn,Learn Python functions with simple examples,Python,Entertainment,1517,158,138,412,28671,synthetic-04263,41,true
2026-04-03,20:00,X,Easy Python projects for students,Python,Entertainment,821,54,70,130,24391,synthetic-04264,117,true
2026-08-29,17:30,LinkedIn,Latest AI trends you should know,AI,Promotional,348,33,30,96,11222,synthetic-04265,175,true
2026-02-24,18:00,LinkedIn,Ways to grow your online audience,Marketing,Promotional,913,64,93,203,44542,synthetic-04266,188,true
2026-05-17,21:00,Facebook,Learn Python functions with simple examples,Python,Educational,3117,353,438,717,50369,synthetic-04267,84,true
2026-04-21,17:30,X,Ways to grow your online audience,Marketing,Educational,1261,96,72,200,43991,synthetic-04268,184,true
2026-07-02,14:00,Facebook,How our new feature improves productivity,Product,Informational,573,40,74,163,11996,synthetic-04269,58,true
2026-09-07,18:00,Facebook,5 Python tips every beginner should know,Python,Promotional,1106,81,111,166,28131,synthetic-04270,57,true
2026-04-01,21:30,Instagram,How our new feature improves productivity,Product,Informational,3036,314,229,452,43566,synthetic-04271,35,true
2026-01-01,14:30,LinkedIn,5 useful AI tools for students,AI,Promotional,471,39,37,52,27249,synthetic-04272,108,true
2025-12-22,14:30,Instagram,5 technologies shaping the future,Technology,Promotional,890,51,49,196,24968,synthetic-04273,104,true
2026-05-27,17:30,LinkedIn,AI tools that save you 10 hours a week,AI,Entertainment,724,47,75,119,10172,synthetic-04274,32,true
2026-08-16,17:30,LinkedIn,Beginner guide to modern technology,Technology,Entertainment,476,55,52,84,8210,synthetic-04275,136,true
2026-03-09,09:30,LinkedIn,Simple study tips for better results,Education,Informational,502,39,55,79,13766,synthetic-04276,77,true
2026-03-23,21:00,Instagram,How AI is changing the way we work,AI,Entertainment,3378,170,304,441,31976,synthetic-04277,81,true
2026-07-12,10:30,X,Our new dashboard feature is live,Product,Informational,523,36,39,122,21981,synthetic-04278,55,true
2026-02-18,09:30,LinkedIn,Simple study tips for better results,Education,Informational,460,36,58,79,12837,synthetic-04279,77,true
2026-06-14,19:30,X,How to create engaging social media posts,Marketing,Informational,1847,211,140,201,42401,synthetic-04280,162,true
2026-09-06,08:30,LinkedIn,Learn Python functions with simple examples,Python,Informational,189,20,22,54,5646,synthetic-04281,34,true
2026-06-13,12:30,Instagram,Ways to grow your online audience,Marketing,Educational,1749,139,86,390,21429,synthetic-04282,79,true
2026-07-23,10:00,Facebook,Content ideas that attract more viewers,Marketing,Entertainment,2821,199,141,355,41876,synthetic-04283,199,true
2026-06-19,09:30,Facebook,Learn Python functions with simple examples,Python,Promotional,336,35,35,28,9229,synthetic-04284,93,true
2026-08-25,17:30,LinkedIn,Beginner guide to modern technology,Technology,Entertainment,361,47,38,65,6707,synthetic-04285,136,true
2026-06-10,14:00,Instagram,Important skills every student should learn,Education,Informational,2652,268,203,512,40384,synthetic-04286,37,true
2026-05-28,19:30,X,Python tricks that save coding time,Python,Promotional,482,50,20,109,26025,synthetic-04287,171,true
2026-04-03,20:30,Instagram,How to create engaging social media posts,Marketing,Informational,882,63,74,229,25661,synthetic-04288,190,true
2026-06-23,08:30,LinkedIn,Best learning habits for students,Education,Informational,295,25,21,56,10809,synthetic-04289,163,true
2026-04-02,08:00,Facebook,Latest AI trends you should know,AI,Educational,548,61,36,70,7642,synthetic-04290,147,true
2026-03-14,19:30,X,Simple marketing strategies for beginners,Marketing,Informational,301,14,12,61,13298,synthetic-04291,15,true
2026-02-13,09:30,Facebook,Python tricks that save coding time,Python,Educational,1776,237,217,165,34550,synthetic-04292,115,true
2026-09-21,19:00,Facebook,How AI is changing the way we work,AI,Promotional,1378,105,139,223,47964,synthetic-04293,185,true
2026-02-12,20:30,Instagram,How AI is changing the way we work,AI,Promotional,681,44,97,166,17091,synthetic-04294,2,true
2026-04-22,12:00,X,Social media tips for better engagement,Marketing,Entertainment,229,29,14,64,8841,synthetic-04295,182,true
2026-02-27,17:00,Instagram,Social media tips for better engagement,Marketing,Entertainment,1053,93,59,140,22745,synthetic-04296,18,true
2026-02-03,19:30,Instagram,Simple marketing strategies for beginners,Marketing,Promotional,599,55,64,113,21812,synthetic-04297,68,true
2026-07-01,14:00,Facebook,How our new feature improves productivity,Product,Informational,549,40,70,171,10413,synthetic-04298,58,true
2026-08-30,14:00,Facebook,How to learn technical skills faster,Education,Informational,516,32,61,136,10739,synthetic-04299,166,true
2026-06-27,10:30,X,Our new dashboard feature is live,Product,Informational,471,29,32,95,17084,synthetic-04300,55,true
2026-08-09,10:30,X,Python tricks that save coding time,Python,Promotional,878,65,117,261,26789,synthetic-04301,178,true
2026-08-05,19:00,Facebook,How AI is changing the way we work,AI,Promotional,1022,85,105,186,38456,synthetic-04302,185,true
2026-08-09,20:00,X,Important skills every student should learn,Education,Informational,1940,196,194,258,51432,synthetic-04303,10,true
2026-03-14,09:00,Instagram,Top Python mistakes beginners make,Python,Promotional,2715,196,388,540,46579,synthetic-04304,22,true
2026-06-13,19:00,X,Python tricks that save coding time,Python,Promotional,835,90,77,84,24134,synthetic-04305,11,true
2026-02-04,08:30,Facebook,Social media tips for better engagement,Marketing,Entertainment,468,28,53,50,13349,synthetic-04306,86,true
2026-02-16,12:30,LinkedIn,Easy Python projects for students,Python,Entertainment,1617,67,238,494,25015,synthetic-04307,187,true
2026-07-18,14:00,Facebook,How our new feature improves productivity,Product,Informational,728,49,90,215,13154,synthetic-04308,58,true
2026-01-19,19:00,X,Beginner guide to artificial intelligence,AI,Entertainment,1104,74,123,251,24288,synthetic-04309,149,true
2026-04-05,20:00,Facebook,Social media tips for better engagement,Marketing,Educational,1983,81,148,296,27942,synthetic-04310,130,true
2026-04-24,20:00,X,Social media tips for better engagement,Marketing,Informational,305,23,31,69,10659,synthetic-04311,82,true
2026-02-20,14:00,X,Technology trends to watch this year,Technology,Informational,1773,97,136,379,45857,synthetic-04312,23,true
2026-06-06,20:30,Instagram,Simple study tips for better results,Education,Entertainment,1071,84,48,219,23086,synthetic-04313,152,true
2026-09-08,17:30,LinkedIn,Beginner guide to modern technology,Technology,Entertainment,482,56,50,85,8247,synthetic-04314,136,true
2026-08-12,20:30,LinkedIn,Social media tips for better engagement,Marketing,Promotional,1125,80,168,208,45450,synthetic-04315,160,true
2026-04-06,18:30,Instagram,Technology trends to watch this year,Technology,Informational,2001,164,213,206,39193,synthetic-04316,143,true
2026-01-18,19:30,Instagram,Simple marketing strategies for beginners,Marketing,Promotional,570,55,61,112,21053,synthetic-04317,68,true
2026-06-22,12:00,Facebook,5 technologies shaping the future,Technology,Entertainment,1321,80,180,182,21299,synthetic-04318,161,true
2026-04-30,18:30,Facebook,Product update: new tools for users,Product,Educational,1628,212,178,180,43037,synthetic-04319,154,true
2026-04-23,12:30,LinkedIn,Technology trends to watch this year,Technology,Educational,1887,107,166,411,39742,synthetic-04320,56,true
2026-03-09,18:30,Instagram,Technology trends to watch this year,Technology,Informational,2154,159,216,233,40824,synthetic-04321,143,true
2026-05-28,09:00,LinkedIn,Social media tips for better engagement,Marketing,Informational,979,64,64,152,39248,synthetic-04322,26,true
2026-05-03,20:00,Instagram,Simple marketing strategies for beginners,Marketing,Promotional,505,34,79,120,12741,synthetic-04323,6,true
2026-06-23,14:00,Facebook,How our new feature improves productivity,Product,Informational,694,47,90,211,14449,synthetic-04324,58,true
2026-06-16,08:00,LinkedIn,Simple marketing strategies for beginners,Marketing,Educational,1470,180,78,397,38285,synthetic-04325,139,true
2026-03-20,10:00,Facebook,Best learning habits for students,Education,Informational,1927,180,86,234,47306,synthetic-04326,155,true
2026-01-09,14:30,Instagram,Product update: new tools for users,Product,Informational,3268,252,438,782,53064,synthetic-04327,168,true
2026-07-29,09:30,Facebook,Learn Python functions with simple examples,Python,Promotional,447,40,44,36,12111,synthetic-04328,93,true
2026-03-06,09:30,X,Python tricks that save coding time,Python,Educational,672,61,32,72,30524,synthetic-04329,61,true
2026-06-18,19:00,X,5 technologies shaping the future,Technology,Informational,800,42,72,122,30140,synthetic-04330,157,true
2026-03-07,20:30,Instagram,How AI is changing the way we work,AI,Promotional,767,54,114,204,19101,synthetic-04331,2,true
2026-06-01,20:30,X,Social media tips for better engagement,Marketing,Entertainment,715,79,78,82,12976,synthetic-04332,144,true
2026-08-06,17:30,LinkedIn,Beginner guide to modern technology,Technology,Promotional,584,49,61,122,18220,synthetic-04333,151,true
2026-08-27,08:00,Facebook,How AI is changing the way we work,AI,Promotional,482,43,44,116,26626,synthetic-04334,21,true
2026-10-15,14:30,X,Python tricks that save coding time,Python,Educational,1511,68,131,323,37013,synthetic-04335,107,true
2026-03-17,08:00,Instagram,Technology trends to watch this year,Technology,Educational,1528,149,71,158,37152,synthetic-04336,192,true
2026-04-26,12:00,Facebook,Important skills every student should learn,Education,Entertainment,1673,195,242,210,22300,synthetic-04337,123,true
2026-04-25,10:00,Instagram,5 technologies shaping the future,Technology,Entertainment,769,48,78,99,10268,synthetic-04338,194,true
2026-06-23,12:30,X,Beginner guide to modern technology,Technology,Educational,1449,134,165,393,28508,synthetic-04339,44,true
2026-04-16,08:30,LinkedIn,Simple study tips for better results,Education,Entertainment,1285,139,86,275,20249,synthetic-04340,20,true
2026-07-11,09:00,LinkedIn,New product update is now available,Product,Entertainment,406,22,44,78,13628,synthetic-04341,9,true
2026-01-21,20:30,Facebook,Simple marketing strategies for beginners,Marketing,Educational,1749,173,254,378,27039,synthetic-04342,141,true
2026-07-05,14:30,LinkedIn,Latest AI trends you should know,AI,Educational,1715,140,207,242,30173,synthetic-04343,74,true
2026-07-09,09:00,X,Social media tips for better engagement,Marketing,Entertainment,1007,47,69,212,23985,synthetic-04344,98,true
2026-08-25,18:00,Facebook,5 Python tips every beginner should know,Python,Promotional,953,68,96,156,27196,synthetic-04345,57,true
2026-03-21,14:30,LinkedIn,Our new dashboard feature is live,Product,Informational,587,75,41,97,15276,synthetic-04346,119,true
2026-05-13,08:00,X,Beginner guide to modern technology,Technology,Informational,643,74,88,104,27063,synthetic-04347,133,true
2026-05-10,12:00,X,Social media tips for better engagement,Marketing,Entertainment,248,34,16,69,9636,synthetic-04348,182,true
2026-09-11,19:00,LinkedIn,Learn Python functions with simple examples,Python,Entertainment,1974,215,224,310,43749,synthetic-04349,176,true
2026-02-14,09:00,Instagram,Content ideas that attract more viewers,Marketing,Informational,1410,116,171,131,26084,synthetic-04350,125,true
2026-07-06,09:00,LinkedIn,New product update is now available,Product,Entertainment,380,19,40,80,12211,synthetic-04351,9,true
2026-06-05,19:30,X,Python tricks that save coding time,Python,Promotional,516,51,21,110,26374,synthetic-04352,171,true
2026-06-24,18:30,Facebook,Simple study tips for better results,Education,Informational,2311,201,253,305,41771,synthetic-04353,45,true
2026-04-20,09:00,LinkedIn,Content ideas that attract more viewers,Marketing,Entertainment,1150,79,69,112,38345,synthetic-04354,65,true
2026-02-04,08:30,Facebook,Social media tips for better engagement,Marketing,Entertainment,357,24,45,42,11972,synthetic-04355,86,true
2026-08-06,12:30,X,Simple marketing strategies for beginners,Marketing,Informational,621,47,47,87,31731,synthetic-04356,83,true
2026-08-14,08:00,Facebook,How AI is changing the way we work,AI,Promotional,495,47,49,140,27932,synthetic-04357,21,true
2026-01-18,08:30,X,Product update: new tools for users,Product,Informational,1007,79,149,193,33889,synthetic-04358,200,true
2026-06-11,21:00,Facebook,Learn Python functions with simple examples,Python,Educational,2650,302,353,678,41065,synthetic-04359,84,true
2026-02-21,10:30,Instagram,Our new dashboard feature is live,Product,Informational,802,74,78,151,10759,synthetic-04360,60,true
2026-05-20,19:30,Instagram,Beginner guide to artificial intelligence,AI,Entertainment,1911,144,98,369,25978,synthetic-04361,114,true
2026-02-20,12:00,Facebook,Simple marketing strategies for beginners,Marketing,Promotional,792,81,85,144,37061,synthetic-04362,173,true
2026-03-25,14:30,Facebook,5 technologies shaping the future,Technology,Promotional,966,65,50,275,23559,synthetic-04363,87,true
2026-06-22,20:30,Instagram,Latest AI trends you should know,AI,Entertainment,362,21,22,104,6133,synthetic-04364,120,true
2026-03-05,20:00,X,Easy Python projects for students,Python,Entertainment,1051,71,82,159,28621,synthetic-04365,117,true
2026-09-19,17:30,LinkedIn,Latest AI trends you should know,AI,Promotional,395,38,33,101,11778,synthetic-04366,175,true
2026-03-31,09:30,LinkedIn,Simple study tips for better results,Education,Informational,361,32,44,63,10564,synthetic-04367,77,true
2026-05-24,08:00,LinkedIn,Simple marketing strategies for beginners,Marketing,Educational,1729,202,88,429,41814,synthetic-04368,139,true
2026-02-25,10:30,Instagram,Our new dashboard feature is live,Product,Informational,908,88,86,161,11487,synthetic-04369,60,true
2026-02-10,12:00,Facebook,How to create engaging social media posts,Marketing,Educational,1018,108,81,164,28574,synthetic-04370,5,true
2026-08-05,14:00,Facebook,How to learn technical skills faster,Education,Informational,528,34,63,147,11230,synthetic-04371,166,true
2025-12-03,18:30,Instagram,How to create engaging social media posts,Marketing,Educational,692,30,97,205,9927,synthetic-04372,177,true
2026-05-04,21:00,Instagram,5 ways to improve your study routine,Education,Educational,681,30,63,90,12887,synthetic-04373,72,true
2026-03-15,09:00,Instagram,Content ideas that attract more viewers,Marketing,Informational,1192,98,149,110,20535,synthetic-04374,125,true
2026-02-12,20:00,Instagram,Important skills every student should learn,Education,Educational,1113,74,120,158,22706,synthetic-04375,145,true
2026-09-27,18:00,Instagram,Product update: new tools for users,Product,Educational,1659,183,140,280,21919,synthetic-04376,153,true
2026-03-15,14:30,LinkedIn,Our new dashboard feature is live,Product,Informational,580,69,40,85,14673,synthetic-04377,119,true
2026-06-02,12:30,LinkedIn,Technology trends to watch this year,Technology,Educational,1721,101,159,386,39569,synthetic-04378,56,true
2026-05-18,19:30,Instagram,Beginner guide to artificial intelligence,AI,Entertainment,1657,110,72,299,19827,synthetic-04379,114,true
2026-06-08,14:00,Instagram,Important skills every student should learn,Education,Informational,2267,222,179,425,30491,synthetic-04380,37,true
2026-07-04,14:00,Facebook,How our new feature improves productivity,Product,Informational,630,40,72,182,12251,synthetic-04381,58,true
2026-03-19,21:00,Facebook,5 ways to improve your study routine,Education,Entertainment,1867,234,202,543,30775,synthetic-04382,91,true
2026-01-17,12:00,Facebook,How to create engaging social media posts,Marketing,Educational,1027,100,84,169,26427,synthetic-04383,5,true
2026-07-12,18:30,Instagram,How our new feature improves productivity,Product,Informational,1783,181,132,483,44403,synthetic-04384,195,true
2026-02-10,08:00,Facebook,Learn Python functions with simple examples,Python,Promotional,1880,153,102,259,51888,synthetic-04385,137,true
2026-04-07,21:00,Facebook,5 ways to improve your study routine,Education,Entertainment,2260,248,238,618,36750,synthetic-04386,91,true
2026-05-21,09:00,Instagram,5 Python tips every beginner should know,Python,Promotional,703,40,78,80,27517,synthetic-04387,16,true
2026-03-06,14:30,Instagram,5 useful AI tools for students,AI,Educational,3053,158,302,793,28957,synthetic-04388,51,true
2026-02-25,08:30,X,Product update: new tools for users,Product,Informational,1107,79,151,197,32996,synthetic-04389,200,true
2026-02-01,21:00,Instagram,Ways to grow your online audience,Marketing,Entertainment,2418,111,189,357,41756,synthetic-04390,135,true
2026-02-17,10:00,Facebook,Best learning habits for students,Education,Informational,1651,153,74,197,38619,synthetic-04391,155,true
2026-07-31,10:30,LinkedIn,How technology is changing daily life,Technology,Promotional,117,15,15,21,6912,synthetic-04392,30,true
2026-03-09,09:30,LinkedIn,Simple study tips for better results,Education,Informational,394,32,44,68,10938,synthetic-04393,77,true
2026-04-21,20:00,Facebook,Social media tips for better engagement,Marketing,Educational,2163,86,167,341,30595,synthetic-04394,130,true
2026-03-10,20:30,Facebook,Simple marketing strategies for beginners,Marketing,Educational,1772,197,244,416,26816,synthetic-04395,141,true
2026-09-17,18:00,Facebook,5 Python tips every beginner should know,Python,Promotional,875,66,90,139,25086,synthetic-04396,57,true
2026-03-31,21:30,X,How AI is changing the way we work,AI,Informational,529,37,43,81,13298,synthetic-04397,59,true
2026-03-13,08:30,Facebook,Social media tips for better engagement,Marketing,Entertainment,425,30,53,54,13657,synthetic-04398,86,true
2026-09-10,12:00,Facebook,5 ways to improve your study routine,Education,Informational,1520,94,152,350,27141,synthetic-04399,54,true
2026-09-16,10:30,X,Python tricks that save coding time,Python,Promotional,1190,86,152,314,33757,synthetic-04400,178,true
2026-02-07,19:30,X,Content ideas that attract more viewers,Marketing,Promotional,245,23,18,39,17162,synthetic-04401,17,true
2026-06-09,08:00,LinkedIn,Simple marketing strategies for beginners,Marketing,Educational,1625,193,88,411,38416,synthetic-04402,139,true
2026-08-01,19:00,Instagram,Simple marketing strategies for beginners,Marketing,Promotional,2422,228,348,330,43923,synthetic-04403,89,true
2026-07-29,17:30,LinkedIn,Beginner guide to modern technology,Technology,Entertainment,350,47,39,62,6909,synthetic-04404,136,true
2026-04-17,10:00,Facebook,See what is new in our latest release,Product,Educational,823,44,55,142,19011,synthetic-04405,43,true
2026-07-20,18:30,Facebook,Simple study tips for better results,Education,Informational,2324,210,251,300,43925,synthetic-04406,45,true
2026-08-07,18:00,Instagram,Product update: new tools for users,Product,Educational,1762,203,147,283,22839,synthetic-04407,153,true
2026-07-18,18:30,Instagram,Learn Python functions with simple examples,Python,Promotional,837,95,101,106,31990,synthetic-04408,111,true
2026-02-20,18:30,Instagram,AI tools that save you 10 hours a week,AI,Promotional,1167,81,128,278,30863,synthetic-04409,105,true
2026-09-09,14:00,Facebook,How to learn technical skills faster,Education,Informational,504,32,57,128,10240,synthetic-04410,166,true
2026-07-05,18:30,Instagram,How our new feature improves productivity,Product,Informational,1807,185,134,481,44342,synthetic-04411,195,true
2026-03-05,20:30,LinkedIn,Important skills every student should learn,Education,Educational,1539,61,226,426,33840,synthetic-04412,97,true
2026-07-19,08:30,LinkedIn,Best learning habits for students,Education,Informational,257,20,18,47,9254,synthetic-04413,163,true
2026-09-26,20:30,Facebook,Our new dashboard feature is live,Product,Promotional,508,47,25,115,14486,synthetic-04414,146,true
2026-02-14,21:00,Instagram,Ways to grow your online audience,Marketing,Entertainment,2747,129,193,364,48398,synthetic-04415,135,true
2026-09-13,10:30,X,Python tricks that save coding time,Python,Promotional,1073,76,133,287,29469,synthetic-04416,178,true
2026-02-02,10:30,Facebook,5 Python tips every beginner should know,Python,Promotional,518,32,27,62,12741,synthetic-04417,128,true
2026-02-12,17:00,Instagram,Social media tips for better engagement,Marketing,Entertainment,1006,87,55,125,20911,synthetic-04418,18,true
2026-08-30,12:30,X,Beginner guide to artificial intelligence,AI,Informational,1009,61,90,232,33352,synthetic-04419,42,true
2026-03-31,18:00,Facebook,The future of technology explained,Technology,Educational,992,120,123,199,36706,synthetic-04420,109,true
2026-08-10,20:00,X,5 Python tips every beginner should know,Python,Educational,410,15,33,77,14350,synthetic-04421,129,true
2026-03-12,21:00,X,How AI is changing the way we work,AI,Educational,1684,188,103,365,40874,synthetic-04422,50,true
2026-06-30,14:30,LinkedIn,Latest AI trends you should know,AI,Educational,1551,129,195,206,25805,synthetic-04423,74,true
2026-01-25,20:30,Instagram,How AI is changing the way we work,AI,Promotional,729,49,104,182,19141,synthetic-04424,2,true
2026-04-08,21:30,X,How AI is changing the way we work,AI,Informational,454,28,33,67,11014,synthetic-04425,59,true
2026-06-09,09:30,Facebook,Learn Python functions with simple examples,Python,Promotional,424,41,47,37,11049,synthetic-04426,93,true
2026-06-10,09:00,LinkedIn,Social media tips for better engagement,Marketing,Informational,868,53,52,136,35061,synthetic-04427,26,true
2026-01-13,17:00,Instagram,Social media tips for better engagement,Marketing,Entertainment,1097,92,60,123,20633,synthetic-04428,18,true
2026-04-25,20:00,Facebook,Social media tips for better engagement,Marketing,Educational,2115,96,182,366,34433,synthetic-04429,130,true
2026-09-30,20:30,Facebook,Our new dashboard feature is live,Product,Promotional,476,45,23,103,13148,synthetic-04430,146,true
2026-02-27,08:00,Facebook,Latest AI trends you should know,AI,Educational,585,65,40,78,8239,synthetic-04431,147,true
2026-02-01,14:00,X,Technology trends to watch this year,Technology,Informational,1679,102,139,397,44658,synthetic-04432,23,true
2026-02-27,18:30,Instagram,Technology trends to watch this year,Technology,Informational,1950,151,210,228,40475,synthetic-04433,143,true
2026-07-01,19:30,X,The future of technology explained,Technology,Promotional,533,58,44,169,28543,synthetic-04434,75,true
2026-03-15,09:00,X,Ways to grow your online audience,Marketing,Educational,526,56,49,56,12841,synthetic-04435,28,true
2025-12-12,14:30,Instagram,Product update: new tools for users,Product,Informational,2378,209,338,695,40568,synthetic-04436,168,true
2026-03-13,08:00,Facebook,Latest AI trends you should know,AI,Educational,597,66,43,78,8633,synthetic-04437,147,true
2026-09-24,09:30,LinkedIn,How to learn technical skills faster,Education,Educational,538,64,46,45,18007,synthetic-04438,40,true
2026-01-28,09:30,LinkedIn,Easy Python projects for students,Python,Educational,1718,131,140,216,35115,synthetic-04439,106,true
2026-08-24,09:30,LinkedIn,How to learn technical skills faster,Education,Educational,463,64,47,42,18022,synthetic-04440,40,true
2026-03-11,09:00,Instagram,Content ideas that attract more viewers,Marketing,Informational,1240,105,164,120,21693,synthetic-04441,125,true
2026-10-05,09:30,LinkedIn,How AI is changing the way we work,AI,Promotional,274,26,35,58,10554,synthetic-04442,121,true
2026-08-26,09:30,Facebook,AI tools that save you 10 hours a week,AI,Informational,1184,89,120,307,38500,synthetic-04443,103,true
2026-06-28,19:30,Instagram,Beginner guide to artificial intelligence,AI,Entertainment,1620,126,78,311,21695,synthetic-04444,114,true
2026-05-12,12:00,Facebook,Important skills every student should learn,Education,Entertainment,2142,238,300,245,25113,synthetic-04445,123,true
2026-03-23,21:30,X,How AI is changing the way we work,AI,Informational,502,33,36,72,12200,synthetic-04446,59,true
2026-09-25,10:30,Instagram,New product update is now available,Product,Informational,2321,125,274,608,50925,synthetic-04447,169,true
2026-02-03,14:30,Instagram,5 technologies shaping the future,Technology,Promotional,982,55,52,209,27836,synthetic-04448,104,true
2026-07-22,19:00,LinkedIn,Learn Python functions with simple examples,Python,Entertainment,1687,189,193,267,40784,synthetic-04449,176,true
2026-02-07,20:00,LinkedIn,How technology is changing daily life,Technology,Entertainment,1065,100,166,313,23810,synthetic-04450,14,true
2026-02-06,09:00,Facebook,Ways to grow your online audience,Marketing,Entertainment,590,39,55,58,7720,synthetic-04451,90,true
2026-03-21,21:00,X,How AI is changing the way we work,AI,Educational,1571,162,82,317,35061,synthetic-04452,50,true
2026-02-08,09:30,LinkedIn,Easy Python projects for students,Python,Educational,1810,149,168,251,37992,synthetic-04453,106,true
2026-06-24,19:30,X,How to create engaging social media posts,Marketing,Informational,1838,203,139,205,41944,synthetic-04454,162,true
2026-04-11,20:30,Instagram,How to create engaging social media posts,Marketing,Informational,974,73,86,274,26788,synthetic-04455,190,true
2026-01-18,08:30,X,Product update: new tools for users,Product,Informational,1025,71,137,179,34662,synthetic-04456,200,true
2026-09-05,09:30,LinkedIn,How AI is changing the way we work,AI,Promotional,303,28,36,61,11053,synthetic-04457,121,true
2026-01-02,21:00,Instagram,5 useful AI tools for students,AI,Promotional,1882,127,195,398,33854,synthetic-04458,198,true
2026-07-17,10:00,X,How technology is changing daily life,Technology,Promotional,1446,76,126,229,46954,synthetic-04459,122,true
2026-05-13,20:30,Instagram,Simple study tips for better results,Education,Entertainment,923,61,42,179,17621,synthetic-04460,152,true
2026-10-05,17:30,LinkedIn,Latest AI trends you should know,AI,Promotional,464,47,40,124,14055,synthetic-04461,175,true
2025-12-29,14:30,Instagram,5 technologies shaping the future,Technology,Promotional,937,51,49,192,26285,synthetic-04462,104,true
2026-01-11,12:00,X,How our new feature improves productivity,Product,Entertainment,1273,82,184,292,37810,synthetic-04463,180,true
2026-03-08,09:30,LinkedIn,Simple study tips for better results,Education,Informational,455,38,53,78,12086,synthetic-04464,77,true
2026-06-30,09:00,LinkedIn,Top Python mistakes beginners make,Python,Informational,1124,61,173,305,38416,synthetic-04465,179,true
2026-06-02,14:00,Facebook,How our new feature improves productivity,Product,Informational,677,46,85,211,13755,synthetic-04466,58,true
2026-01-12,08:30,X,Product update: new tools for users,Product,Informational,1009,78,141,175,34932,synthetic-04467,200,true
2026-01-30,09:00,Instagram,Content ideas that attract more viewers,Marketing,Informational,1128,100,159,123,21999,synthetic-04468,125,true
2026-07-07,20:00,X,Important skills every student should learn,Education,Informational,2003,196,203,287,52744,synthetic-04469,10,true
2026-07-30,20:00,X,5 Python tips every beginner should know,Python,Educational,332,14,27,70,11726,synthetic-04470,129,true
2026-08-19,10:30,LinkedIn,How technology is changing daily life,Technology,Promotional,120,14,15,20,7115,synthetic-04471,30,true
2026-05-29,08:30,Instagram,Top Python mistakes beginners make,Python,Promotional,994,76,62,183,25499,synthetic-04472,159,true
2026-01-12,17:00,Facebook,Simple study tips for better results,Education,Informational,1613,192,60,439,26689,synthetic-04473,70,true
2026-05-14,08:30,Instagram,Top Python mistakes beginners make,Python,Promotional,1031,83,68,193,28420,synthetic-04474,159,true
2026-08-29,20:30,Facebook,Our new dashboard feature is live,Product,Promotional,449,40,22,92,12569,synthetic-04475,146,true
2026-03-29,10:30,Instagram,Our new dashboard feature is live,Product,Informational,901,83,86,168,11650,synthetic-04476,60,true
2026-02-23,10:00,LinkedIn,Python tricks that save coding time,Python,Promotional,1684,152,170,147,52746,synthetic-04477,1,true
2026-04-19,08:30,Instagram,New product update is now available,Product,Entertainment,968,111,76,240,17102,synthetic-04478,31,true
2026-06-27,20:00,X,Important skills every student should learn,Education,Informational,1875,188,200,268,53517,synthetic-04479,10,true
2026-06-09,09:30,Facebook,Learn Python functions with simple examples,Python,Promotional,343,35,35,29,9427,synthetic-04480,93,true
2026-05-13,21:00,Facebook,Learn Python functions with simple examples,Python,Educational,2793,335,382,719,45293,synthetic-04481,84,true
2026-08-03,18:00,Facebook,5 Python tips every beginner should know,Python,Promotional,840,56,80,125,22647,synthetic-04482,57,true
2026-05-10,10:30,X,5 Python tips every beginner should know,Python,Informational,1801,198,213,250,57418,synthetic-04483,172,true
2026-06-28,17:30,LinkedIn,Beginner guide to modern technology,Technology,Promotional,547,49,52,106,17611,synthetic-04484,151,true
2026-04-22,08:00,Instagram,Technology trends to watch this year,Technology,Educational,1397,145,71,164,32820,synthetic-04485,192,true
2026-06-21,18:30,Instagram,Learn Python functions with simple examples,Python,Promotional,1061,127,126,134,40959,synthetic-04486,111,true
2026-03-02,20:30,Instagram,How AI is changing the way we work,AI,Promotional,801,52,102,179,19848,synthetic-04487,2,true
2026-02-21,08:30,Facebook,Social media tips for better engagement,Marketing,Entertainment,420,25,51,48,13340,synthetic-04488,86,true
2026-03-05,10:00,LinkedIn,Python tricks that save coding time,Python,Promotional,1793,165,189,153,54845,synthetic-04489,1,true
2026-09-02,12:00,Facebook,5 ways to improve your study routine,Education,Informational,1201,70,106,250,20078,synthetic-04490,54,true
2026-04-09,09:00,Instagram,Top Python mistakes beginners make,Python,Promotional,3087,236,413,594,54336,synthetic-04491,22,true
2026-05-04,09:00,LinkedIn,Social media tips for better engagement,Marketing,Informational,844,55,56,127,37392,synthetic-04492,26,true
2026-03-10,18:00,LinkedIn,Ways to grow your online audience,Marketing,Promotional,814,57,75,189,38407,synthetic-04493,188,true
2026-02-18,21:00,X,How AI is changing the way we work,AI,Educational,1647,201,98,368,40413,synthetic-04494,50,true
2026-08-03,17:30,LinkedIn,Beginner guide to modern technology,Technology,Entertainment,449,60,53,87,8521,synthetic-04495,136,true
2026-03-01,09:00,X,Ways to grow your online audience,Marketing,Educational,503,54,50,55,13496,synthetic-04496,28,true
2026-08-26,14:30,X,Python tricks that save coding time,Python,Educational,1478,66,128,298,35884,synthetic-04497,107,true
2026-05-09,10:00,Instagram,5 technologies shaping the future,Technology,Entertainment,751,46,81,104,10196,synthetic-04498,194,true
2026-08-19,19:30,Facebook,5 technologies shaping the future,Technology,Entertainment,935,65,55,200,13725,synthetic-04499,191,true
2026-09-01,20:30,LinkedIn,How technology is changing daily life,Technology,Educational,1933,94,203,182,40123,synthetic-04500,174,true
2026-04-12,21:30,LinkedIn,5 technologies shaping the future,Technology,Promotional,1451,163,179,170,43542,synthetic-04501,85,true
2026-07-19,10:00,X,How technology is changing daily life,Technology,Promotional,1484,83,137,264,48456,synthetic-04502,122,true
2026-06-09,10:30,Facebook,Easy Python projects for students,Python,Educational,1134,49,98,185,37245,synthetic-04503,96,true
2026-06-30,10:00,Facebook,Content ideas that attract more viewers,Marketing,Entertainment,2952,219,148,376,44753,synthetic-04504,199,true
2026-07-21,18:00,Facebook,Ways to grow your online audience,Marketing,Educational,1053,131,88,240,30079,synthetic-04505,110,true
2026-02-09,10:30,Instagram,Our new dashboard feature is live,Product,Informational,1091,95,96,185,12734,synthetic-04506,60,true
2026-02-19,18:30,Instagram,Technology trends to watch this year,Technology,Informational,1944,157,196,209,38292,synthetic-04507,143,true
2026-01-21,21:00,Instagram,Ways to grow your online audience,Marketing,Entertainment,2198,107,162,329,37061,synthetic-04508,135,true
2026-07-06,18:30,Facebook,Simple study tips for better results,Education,Informational,1930,164,200,237,35447,synthetic-04509,45,true
2026-07-25,09:00,X,Social media tips for better engagement,Marketing,Entertainment,1117,50,76,232,25712,synthetic-04510,98,true
2026-06-07,14:00,Instagram,Important skills every student should learn,Education,Informational,2509,227,198,463,36279,synthetic-04511,37,true
2026-02-10,20:30,Instagram,How AI is changing the way we work,AI,Promotional,840,51,104,200,19567,synthetic-04512,2,true
2026-06-03,19:00,LinkedIn,Python tricks that save coding time,Python,Entertainment,653,68,67,200,25615,synthetic-04513,92,true
2026-07-15,18:30,Facebook,Simple study tips for better results,Education,Informational,1814,159,194,225,34313,synthetic-04514,45,true
2026-04-23,08:30,Instagram,Best learning habits for students,Education,Entertainment,2145,167,112,290,34996,synthetic-04515,126,true
2026-05-14,17:30,LinkedIn,5 ways to improve your study routine,Education,Entertainment,1246,61,110,271,32152,synthetic-04516,100,true
2026-04-24,18:30,X,How our new feature improves productivity,Product,Educational,2042,146,112,357,44360,synthetic-04517,46,true
2025-12-21,09:30,Facebook,Python tricks that save coding time,Python,Educational,2014,265,254,181,37592,synthetic-04518,115,true
2026-01-23,09:30,Instagram,Simple marketing strategies for beginners,Marketing,Informational,1107,129,160,243,25822,synthetic-04519,118,true
2026-05-07,19:00,LinkedIn,Python tricks that save coding time,Python,Entertainment,647,63,69,204,25946,synthetic-04520,92,true
2026-07-17,09:00,X,Social media tips for better engagement,Marketing,Entertainment,1194,53,82,257,26660,synthetic-04521,98,true
2026-05-06,21:30,LinkedIn,5 technologies shaping the future,Technology,Promotional,1884,194,209,212,54745,synthetic-04522,85,true
2026-02-24,18:00,Facebook,Beginner guide to artificial intelligence,AI,Educational,1256,110,142,311,24940,synthetic-04523,88,true
2026-04-14,09:00,Instagram,5 Python tips every beginner should know,Python,Promotional,717,42,86,95,28780,synthetic-04524,16,true
2026-10-03,09:30,LinkedIn,How AI is changing the way we work,AI,Promotional,247,23,33,50,9553,synthetic-04525,121,true
2026-01-08,18:30,Instagram,How to create engaging social media posts,Marketing,Educational,590,28,85,173,8585,synthetic-04526,177,true
2025-12-09,14:30,Instagram,Product update: new tools for users,Product,Informational,3182,265,462,814,51250,synthetic-04527,168,true
2026-07-04,14:30,LinkedIn,Latest AI trends you should know,AI,Educational,1488,133,193,207,27662,synthetic-04528,74,true
2026-08-11,12:30,X,Beginner guide to artificial intelligence,AI,Informational,1261,76,104,277,38777,synthetic-04529,42,true
2026-08-12,14:30,LinkedIn,Latest AI trends you should know,AI,Educational,1439,125,202,218,26094,synthetic-04530,74,true
2026-03-14,19:30,X,Content ideas that attract more viewers,Marketing,Promotional,214,22,17,37,15934,synthetic-04531,17,true
2026-06-19,19:30,Instagram,Beginner guide to artificial intelligence,AI,Entertainment,1492,109,71,262,19932,synthetic-04532,114,true
2026-04-23,21:30,Instagram,How our new feature improves productivity,Product,Informational,3875,399,269,531,50593,synthetic-04533,35,true
2026-03-31,21:00,X,How AI is changing the way we work,AI,Educational,1721,185,96,374,41274,synthetic-04534,50,true
2026-08-05,17:30,LinkedIn,Beginner guide to modern technology,Technology,Promotional,686,54,67,129,21003,synthetic-04535,151,true
2026-04-18,12:00,X,Social media tips for better engagement,Marketing,Entertainment,234,30,16,68,9521,synthetic-04536,182,true
2026-09-24,19:00,Facebook,How AI is changing the way we work,AI,Promotional,1304,92,117,200,45276,synthetic-04537,185,true
2026-06-20,08:30,LinkedIn,Python tricks that save coding time,Python,Promotional,1043,60,126,185,34196,synthetic-04538,127,true
2026-06-09,10:00,Instagram,5 technologies shaping the future,Technology,Entertainment,914,58,92,124,11790,synthetic-04539,194,true
2026-07-15,20:30,Instagram,Latest AI trends you should know,AI,Entertainment,392,21,26,110,6397,synthetic-04540,120,true
2026-04-18,21:00,X,How AI is changing the way we work,AI,Educational,1582,179,95,327,35253,synthetic-04541,50,true
2026-01-04,14:00,X,Technology trends to watch this year,Technology,Informational,1595,104,146,365,46087,synthetic-04542,23,true
2026-04-19,08:30,Instagram,Best learning habits for students,Education,Entertainment,2761,189,125,339,44325,synthetic-04543,126,true
2026-04-09,20:00,Instagram,Simple marketing strategies for beginners,Marketing,Promotional,691,45,99,169,17643,synthetic-04544,6,true
2026-06-09,10:30,Facebook,Easy Python projects for students,Python,Educational,1016,46,94,162,34257,synthetic-04545,96,true
2025-12-29,14:30,LinkedIn,5 useful AI tools for students,AI,Promotional,504,41,44,53,29145,synthetic-04546,108,true
2026-01-21,09:30,Instagram,Simple marketing strategies for beginners,Marketing,Informational,1156,128,168,232,26954,synthetic-04547,118,true
2026-05-23,12:00,Facebook,Important skills every student should learn,Education,Entertainment,2255,252,314,265,26515,synthetic-04548,123,true
2026-07-09,12:30,X,Simple marketing strategies for beginners,Marketing,Informational,594,46,48,94,32716,synthetic-04549,83,true
2026-08-28,08:30,LinkedIn,Learn Python functions with simple examples,Python,Informational,176,19,20,48,4537,synthetic-04550,34,true
2026-01-27,10:00,Facebook,Best learning habits for students,Education,Informational,2190,176,97,229,52363,synthetic-04551,155,true
2026-05-03,20:30,LinkedIn,Learn Python functions with simple examples,Python,Entertainment,1439,147,140,378,28064,synthetic-04552,41,true
2026-08-18,12:30,X,Beginner guide to artificial intelligence,AI,Informational,1230,77,105,284,38719,synthetic-04553,42,true
2026-05-27,09:30,Facebook,Beginner guide to modern technology,Technology,Educational,662,46,35,184,25472,synthetic-04554,27,true
2026-05-05,09:30,X,Python tricks that save coding time,Python,Educational,747,72,38,89,39417,synthetic-04555,61,true
2026-04-27,19:00,Instagram,AI tools that save you 10 hours a week,AI,Promotional,1230,127,81,294,34866,synthetic-04556,39,true
2026-01-21,20:30,Facebook,Simple marketing strategies for beginners,Marketing,Educational,1737,184,256,405,27399,synthetic-04557,141,true
2026-05-14,10:30,X,Beginner guide to artificial intelligence,AI,Entertainment,367,35,25,80,13165,synthetic-04558,8,true
2026-03-03,20:30,LinkedIn,Important skills every student should learn,Education,Educational,1438,59,215,377,31703,synthetic-04559,97,true
2026-07-26,10:30,LinkedIn,How technology is changing daily life,Technology,Promotional,124,15,14,20,6977,synthetic-04560,30,true
2026-07-04,18:30,Instagram,Learn Python functions with simple examples,Python,Promotional,883,111,110,110,34759,synthetic-04561,111,true
2026-05-18,08:00,LinkedIn,Simple marketing strategies for beginners,Marketing,Educational,1678,198,86,444,38184,synthetic-04562,139,true
2026-07-17,10:30,X,Our new dashboard feature is live,Product,Informational,440,28,31,90,16253,synthetic-04563,55,true
2026-03-28,18:00,LinkedIn,Ways to grow your online audience,Marketing,Promotional,829,53,75,173,39100,synthetic-04564,188,true
2026-02-18,08:00,Facebook,Learn Python functions with simple examples,Python,Promotional,1463,109,79,177,38287,synthetic-04565,137,true
2026-03-05,09:00,Instagram,Top Python mistakes beginners make,Python,Promotional,2535,186,354,511,43024,synthetic-04566,22,true
2026-09-19,17:30,LinkedIn,Latest AI trends you should know,AI,Promotional,382,42,39,111,13572,synthetic-04567,175,true
2026-01-08,09:30,Facebook,Our new dashboard feature is live,Product,Promotional,236,20,30,28,14241,synthetic-04568,131,true
2026-04-23,19:30,X,Python tricks that save coding time,Python,Promotional,515,53,23,121,29244,synthetic-04569,171,true
2026-05-15,08:30,LinkedIn,Simple study tips for better results,Education,Entertainment,1338,147,92,299,19453,synthetic-04570,20,true
2026-02-08,12:00,X,How our new feature improves productivity,Product,Entertainment,1299,81,187,287,35966,synthetic-04571,180,true
2026-03-14,20:30,LinkedIn,Important skills every student should learn,Education,Educational,1529,63,225,396,29393,synthetic-04572,97,true
2026-05-04,09:30,Instagram,Learn Python functions with simple examples,Python,Entertainment,3396,419,356,845,40890,synthetic-04573,4,true
2026-02-17,08:30,Facebook,Social media tips for better engagement,Marketing,Entertainment,501,33,63,56,16108,synthetic-04574,86,true
2026-06-02,10:00,Instagram,5 technologies shaping the future,Technology,Entertainment,911,56,99,123,12091,synthetic-04575,194,true
2026-07-20,19:30,Instagram,How our new feature improves productivity,Product,Promotional,1081,50,62,185,26918,synthetic-04576,138,true
2026-06-05,09:30,Facebook,The future of technology explained,Technology,Entertainment,1546,194,141,274,22667,synthetic-04577,66,true
2026-04-21,20:30,Instagram,How to create engaging social media posts,Marketing,Informational,871,64,77,241,23886,synthetic-04578,190,true
2026-05-01,17:30,LinkedIn,5 ways to improve your study routine,Education,Entertainment,1123,55,97,265,28967,synthetic-04579,100,true
2026-04-03,20:30,Instagram,How to create engaging social media posts,Marketing,Informational,930,65,75,243,24836,synthetic-04580,190,true
2026-10-10,09:30,LinkedIn,How to learn technical skills faster,Education,Educational,541,66,52,44,19297,synthetic-04581,40,true
2026-05-12,08:30,Instagram,New product update is now available,Product,Entertainment,908,110,72,251,17864,synthetic-04582,31,true
2026-04-19,09:30,Facebook,Beginner guide to modern technology,Technology,Educational,738,47,35,201,27423,synthetic-04583,27,true
2026-02-19,12:00,Facebook,Simple marketing strategies for beginners,Marketing,Promotional,716,75,72,117,35720,synthetic-04584,173,true
2026-01-16,19:30,Facebook,5 useful AI tools for students,AI,Promotional,2098,236,204,444,43403,synthetic-04585,25,true
2026-08-09,12:00,Instagram,Simple marketing strategies for beginners,Marketing,Educational,2734,128,140,773,42318,synthetic-04586,197,true
2026-06-03,08:00,LinkedIn,Simple marketing strategies for beginners,Marketing,Educational,1808,219,90,447,42230,synthetic-04587,139,true
2026-04-08,08:00,Facebook,Latest AI trends you should know,AI,Educational,580,64,42,73,8317,synthetic-04588,147,true
2025-12-15,08:00,X,5 ways to improve your study routine,Education,Informational,924,92,76,203,24976,synthetic-04589,64,true
2026-10-07,19:30,Facebook,5 technologies shaping the future,Technology,Entertainment,872,64,49,179,14032,synthetic-04590,191,true
2026-05-05,17:30,LinkedIn,AI tools that save you 10 hours a week,AI,Entertainment,632,42,71,105,9609,synthetic-04591,32,true
2026-02-06,10:30,Instagram,Our new dashboard feature is live,Product,Informational,954,88,86,159,11448,synthetic-04592,60,true
2026-08-05,09:30,LinkedIn,Ways to grow your online audience,Marketing,Promotional,153,6,9,14,8200,synthetic-04593,132,true
2026-06-25,14:30,LinkedIn,Latest AI trends you should know,AI,Educational,1843,157,244,244,29539,synthetic-04594,74,true
2026-07-30,17:30,X,New product update is now available,Product,Informational,899,107,63,91,23082,synthetic-04595,48,true
2026-02-01,19:30,Facebook,5 useful AI tools for students,AI,Promotional,1967,226,198,434,44063,synthetic-04596,25,true
2026-06-02,12:30,X,Beginner guide to modern technology,Technology,Educational,1244,116,147,359,25969,synthetic-04597,44,true
2026-01-29,17:00,Instagram,Social media tips for better engagement,Marketing,Entertainment,976,82,52,120,19969,synthetic-04598,18,true
2026-04-23,20:30,X,Latest AI trends you should know,AI,Entertainment,352,17,53,60,9827,synthetic-04599,170,true
2026-06-11,10:00,Instagram,5 technologies shaping the future,Technology,Entertainment,718,43,81,102,9869,synthetic-04600,194,true
2026-08-16,19:30,Facebook,5 technologies shaping the future,Technology,Entertainment,969,68,55,192,14928,synthetic-04601,191,true
2026-08-23,10:30,Facebook,Learn Python functions with simple examples,Python,Entertainment,1112,140,73,267,15238,synthetic-04602,53,true
2026-05-18,19:30,X,Python tricks that save coding time,Python,Promotional,449,47,18,97,25257,synthetic-04603,171,true
2026-03-18,08:30,Facebook,How to learn technical skills faster,Education,Educational,400,27,21,72,10338,synthetic-04604,80,true
2026-06-30,08:30,LinkedIn,Best learning habits for students,Education,Informational,322,27,22,59,10756,synthetic-04605,163,true
2026-03-04,20:00,Instagram,Important skills every student should learn,Education,Educational,1171,85,131,189,27424,synthetic-04606,145,true
2026-03-27,21:30,Instagram,How our new feature improves productivity,Product,Informational,4189,425,294,606,52400,synthetic-04607,35,true
2026-02-12,21:00,Instagram,5 useful AI tools for students,AI,Promotional,2130,148,215,428,34535,synthetic-04608,198,true
2026-08-31,19:00,LinkedIn,Learn Python functions with simple examples,Python,Entertainment,1647,185,197,278,36478,synthetic-04609,176,true
2026-01-19,09:30,LinkedIn,Easy Python projects for students,Python,Educational,1953,166,159,259,39935,synthetic-04610,106,true
2026-07-15,19:00,Instagram,Simple marketing strategies for beginners,Marketing,Promotional,2855,249,414,360,49440,synthetic-04611,89,true
2026-04-18,20:00,X,Easy Python projects for students,Python,Entertainment,1093,66,90,171,29887,synthetic-04612,117,true
2026-05-12,21:00,Facebook,Learn Python functions with simple examples,Python,Educational,2754,299,385,729,42525,synthetic-04613,84,true
2026-03-02,12:00,Instagram,Learn Python functions with simple examples,Python,Promotional,615,48,71,167,12832,synthetic-04614,181,true
2026-06-05,12:00,X,Social media tips for better engagement,Marketing,Entertainment,211,27,14,62,9199,synthetic-04615,182,true
2026-06-10,08:00,LinkedIn,Simple marketing strategies for beginners,Marketing,Educational,1445,191,76,362,37395,synthetic-04616,139,true
2026-01-29,17:00,X,Best learning habits for students,Education,Informational,420,42,30,116,16811,synthetic-04617,69,true
2026-07-24,09:00,Instagram,Beginner guide to artificial intelligence,AI,Educational,1494,154,185,296,35885,synthetic-04618,101,true
2026-06-23,18:00,X,Social media tips for better engagement,Marketing,Informational,822,57,85,100,26230,synthetic-04619,102,true
2026-05-07,19:00,LinkedIn,Python tricks that save coding time,Python,Entertainment,703,74,70,211,24563,synthetic-04620,92,true
2026-08-29,08:00,X,AI tools that save you 10 hours a week,AI,Educational,620,74,36,128,12410,synthetic-04621,19,true
2026-05-05,20:30,Instagram,How to create engaging social media posts,Marketing,Informational,941,67,75,247,23775,synthetic-04622,190,true
2026-03-11,21:00,Instagram,How AI is changing the way we work,AI,Entertainment,3432,199,318,485,35328,synthetic-04623,81,true
2026-07-23,10:30,X,Our new dashboard feature is live,Product,Informational,485,33,38,105,20272,synthetic-04624,55,true
2026-01-02,17:00,Facebook,Simple study tips for better results,Education,Informational,1672,203,68,466,31509,synthetic-04625,70,true
2026-09-18,17:30,LinkedIn,Latest AI trends you should know,AI,Promotional,365,38,33,99,11226,synthetic-04626,175,true
2026-05-19,09:00,LinkedIn,Social media tips for better engagement,Marketing,Informational,1082,65,65,166,46109,synthetic-04627,26,true
2026-06-15,19:30,X,The future of technology explained,Technology,Promotional,510,49,39,145,26576,synthetic-04628,75,true
2026-05-21,17:00,LinkedIn,Content ideas that attract more viewers,Marketing,Promotional,1453,173,192,304,36641,synthetic-04629,12,true
2026-07-01,10:00,Facebook,Content ideas that attract more viewers,Marketing,Entertainment,2467,173,119,304,37854,synthetic-04630,199,true
2026-08-09,09:00,X,Social media tips for better engagement,Marketing,Entertainment,1222,58,95,274,31002,synthetic-04631,98,true
2026-04-17,19:30,X,Python tricks that save coding time,Python,Promotional,456,47,20,103,25451,synthetic-04632,171,true
2026-01-27,17:00,Facebook,Simple study tips for better results,Education,Informational,1724,195,70,493,30085,synthetic-04633,70,true
2026-02-20,20:00,LinkedIn,How technology is changing daily life,Technology,Entertainment,969,84,134,281,20323,synthetic-04634,14,true
2026-03-26,21:30,Instagram,How our new feature improves productivity,Product,Informational,4066,395,303,560,52160,synthetic-04635,35,true
2026-09-20,14:00,Facebook,How to learn technical skills faster,Education,Informational,621,38,75,162,13119,synthetic-04636,166,true
2026-03-21,10:30,Instagram,Our new dashboard feature is live,Product,Informational,1028,96,100,177,13695,synthetic-04637,60,true
2026-03-25,18:30,X,How our new feature improves productivity,Product,Entertainment,559,45,83,114,14837,synthetic-04638,134,true
2026-04-17,08:00,Instagram,Technology trends to watch this year,Technology,Educational,1374,128,67,147,32596,synthetic-04639,192,true
2026-01-14,21:30,X,Technology trends to watch this year,Technology,Informational,123,15,16,25,6972,synthetic-04640,67,true
2026-03-02,20:30,Facebook,Simple marketing strategies for beginners,Marketing,Educational,1507,159,203,331,21726,synthetic-04641,141,true
2026-03-31,09:00,Instagram,Top Python mistakes beginners make,Python,Promotional,3235,242,448,653,57832,synthetic-04642,22,true
2025-12-13,14:30,Instagram,Product update: new tools for users,Product,Informational,2867,250,416,842,50147,synthetic-04643,168,true
2026-04-20,12:00,Facebook,Important skills every student should learn,Education,Entertainment,1632,185,228,210,20843,synthetic-04644,123,true
2026-05-26,09:00,LinkedIn,Content ideas that attract more viewers,Marketing,Entertainment,1426,82,75,127,44654,synthetic-04645,65,true
2026-04-24,18:30,X,How our new feature improves productivity,Product,Educational,1782,142,110,320,41003,synthetic-04646,46,true
2026-02-07,21:00,Instagram,Ways to grow your online audience,Marketing,Entertainment,2487,124,189,368,44031,synthetic-04647,135,true
2026-04-14,19:30,X,Simple marketing strategies for beginners,Marketing,Informational,353,14,13,65,14003,synthetic-04648,15,true
2026-07-11,09:00,LinkedIn,New product update is now available,Product,Entertainment,318,16,35,65,11216,synthetic-04649,9,true
2026-05-30,17:00,LinkedIn,Content ideas that attract more viewers,Marketing,Promotional,1518,168,204,312,39617,synthetic-04650,12,true
2026-01-29,08:30,Facebook,Beginner guide to modern technology,Technology,Promotional,443,47,60,78,14759,synthetic-04651,158,true
2026-08-24,17:30,LinkedIn,Latest AI trends you should know,AI,Promotional,310,33,29,87,10742,synthetic-04652,175,true
2026-05-14,09:00,LinkedIn,Content ideas that attract more viewers,Marketing,Entertainment,1421,91,80,139,48336,synthetic-04653,65,true
2026-08-22,18:00,Facebook,Ways to grow your online audience,Marketing,Educational,859,109,74,189,24909,synthetic-04654,110,true
2026-06-18,19:00,X,Python tricks that save coding time,Python,Promotional,748,78,73,82,24008,synthetic-04655,11,true
2026-01-29,09:00,Instagram,Content ideas that attract more viewers,Marketing,Informational,1337,118,188,140,25365,synthetic-04656,125,true
2026-06-10,10:00,Instagram,How technology is changing daily life,Technology,Promotional,739,64,61,203,34176,synthetic-04657,142,true
2026-09-26,18:00,Instagram,Product update: new tools for users,Product,Educational,2012,211,175,359,24565,synthetic-04658,153,true
2026-05-01,18:00,X,How to create engaging social media posts,Marketing,Promotional,639,70,88,101,23301,synthetic-04659,76,true
2026-07-18,21:30,Facebook,5 Python tips every beginner should know,Python,Promotional,138,10,16,20,6928,synthetic-04660,33,true
2026-06-20,12:30,X,Beginner guide to modern technology,Technology,Educational,1629,151,199,424,31945,synthetic-04661,44,true
2026-08-10,18:30,Facebook,Simple study tips for better results,Education,Informational,1791,158,201,229,34488,synthetic-04662,45,true
2026-01-28,08:00,Facebook,Learn Python functions with simple examples,Python,Promotional,1757,147,91,228,47029,synthetic-04663,137,true
2026-02-23,08:30,Facebook,How to learn technical skills faster,Education,Educational,310,24,18,64,8753,synthetic-04664,80,true
2026-03-13,09:00,Instagram,Content ideas that attract more viewers,Marketing,Informational,1353,115,168,128,23701,synthetic-04665,125,true
2026-08-02,12:00,Facebook,Latest AI trends you should know,AI,Entertainment,964,79,143,177,14354,synthetic-04666,140,true
2026-07-17,19:30,Instagram,How our new feature improves productivity,Product,Promotional,1212,59,70,190,30057,synthetic-04667,138,true
2026-02-25,12:00,Facebook,Simple marketing strategies for beginners,Marketing,Promotional,671,67,72,117,30824,synthetic-04668,173,true
2026-07-25,12:00,Facebook,Latest AI trends you should know,AI,Entertainment,1176,93,157,198,16051,synthetic-04669,140,true
2026-03-12,09:30,LinkedIn,Easy Python projects for students,Python,Educational,1556,129,140,214,30976,synthetic-04670,106,true
2026-04-16,21:00,Instagram,How AI is changing the way we work,AI,Entertainment,3849,203,361,517,36440,synthetic-04671,81,true
2026-07-29,19:00,Instagram,Simple marketing strategies for beginners,Marketing,Promotional,3016,252,386,374,49615,synthetic-04672,89,true
2026-05-18,19:00,LinkedIn,Python tricks that save coding time,Python,Entertainment,841,90,83,249,29762,synthetic-04673,92,true
2026-03-09,10:30,Instagram,Our new dashboard feature is live,Product,Informational,989,98,96,185,13740,synthetic-04674,60,true
2026-09-14,19:30,Facebook,5 technologies shaping the future,Technology,Entertainment,1067,75,59,210,16560,synthetic-04675,191,true
2026-03-20,10:00,LinkedIn,Python tricks that save coding time,Python,Promotional,1490,127,155,123,46352,synthetic-04676,1,true
2026-03-08,19:30,X,Content ideas that attract more viewers,Marketing,Promotional,245,26,18,46,18235,synthetic-04677,17,true
2026-02-13,17:00,X,Best learning habits for students,Education,Informational,355,37,26,108,13386,synthetic-04678,69,true
2026-05-09,20:00,X,Social media tips for better engagement,Marketing,Informational,291,20,31,67,10387,synthetic-04679,82,true
2026-01-15,19:00,X,Beginner guide to artificial intelligence,AI,Entertainment,1119,79,127,268,25451,synthetic-04680,149,true
2026-06-24,17:00,Facebook,How to learn technical skills faster,Education,Educational,1226,100,62,101,38263,synthetic-04681,150,true
2026-04-29,10:00,Facebook,See what is new in our latest release,Product,Educational,780,41,50,129,17861,synthetic-04682,43,true
2026-06-12,09:30,X,See what is new in our latest release,Product,Entertainment,1287,91,109,247,24015,synthetic-04683,189,true
2026-07-11,18:30,Instagram,Learn Python functions with simple examples,Python,Promotional,950,120,124,125,41857,synthetic-04684,111,true
2026-10-11,20:30,Facebook,Our new dashboard feature is live,Product,Promotional,534,48,28,121,15248,synthetic-04685,146,true
2026-07-24,10:30,LinkedIn,How technology is changing daily life,Technology,Promotional,138,15,17,23,7862,synthetic-04686,30,true
2026-05-10,09:00,Facebook,5 technologies shaping the future,Technology,Promotional,363,43,22,46,21289,synthetic-04687,164,true
2026-07-13,18:30,Instagram,How our new feature improves productivity,Product,Informational,1671,163,121,413,39397,synthetic-04688,195,true
2026-02-17,19:00,X,Beginner guide to artificial intelligence,AI,Entertainment,1273,83,138,307,27180,synthetic-04689,149,true
2026-05-07,10:00,Instagram,5 technologies shaping the future,Technology,Entertainment,926,51,93,120,12557,synthetic-04690,194,true
2026-03-04,21:00,Facebook,5 ways to improve your study routine,Education,Entertainment,1968,238,231,588,33349,synthetic-04691,91,true
2026-04-09,19:30,X,Simple marketing strategies for beginners,Marketing,Informational,343,16,15,71,15106,synthetic-04692,15,true
2026-03-09,18:00,Facebook,Beginner guide to artificial intelligence,AI,Educational,1037,88,113,233,20596,synthetic-04693,88,true
2026-06-15,19:30,X,How to create engaging social media posts,Marketing,Informational,1871,213,135,193,42908,synthetic-04694,162,true
2026-08-11,12:30,X,Beginner guide to artificial intelligence,AI,Informational,1193,70,101,282,37282,synthetic-04695,42,true
2026-06-28,08:30,LinkedIn,Python tricks that save coding time,Python,Promotional,1025,55,120,197,33214,synthetic-04696,127,true
2026-05-04,20:30,LinkedIn,Learn Python functions with simple examples,Python,Entertainment,1491,156,143,389,31438,synthetic-04697,41,true
2026-08-06,19:30,Instagram,How our new feature improves productivity,Product,Promotional,1209,55,69,204,30915,synthetic-04698,138,true
2026-03-17,19:30,X,Simple marketing strategies for beginners,Marketing,Informational,270,12,11,54,12353,synthetic-04699,15,true
2026-02-07,19:30,Instagram,Simple marketing strategies for beginners,Marketing,Promotional,564,55,63,109,21959,synthetic-04700,68,true
2026-04-20,17:00,Instagram,5 useful AI tools for students,AI,Entertainment,3456,191,239,742,38965,synthetic-04701,186,true
2026-04-16,08:30,Instagram,New product update is now available,Product,Entertainment,978,117,78,251,18023,synthetic-04702,31,true
2026-02-17,12:00,Facebook,Simple marketing strategies for beginners,Marketing,Promotional,822,90,86,142,40868,synthetic-04703,173,true
2026-09-16,09:30,Facebook,AI tools that save you 10 hours a week,AI,Informational,1089,90,110,293,37461,synthetic-04704,103,true
2026-07-02,09:00,Instagram,Beginner guide to artificial intelligence,AI,Educational,1444,162,202,318,39499,synthetic-04705,101,true
2026-01-20,10:00,Facebook,Best learning habits for students,Education,Informational,1941,173,89,224,50380,synthetic-04706,155,true
2026-02-02,08:30,X,Product update: new tools for users,Product,Informational,1180,90,167,201,39253,synthetic-04707,200,true
2026-03-10,18:30,Instagram,Technology trends to watch this year,Technology,Informational,1854,142,205,214,39501,synthetic-04708,143,true
2026-06-25,19:00,X,5 technologies shaping the future,Technology,Informational,641,32,54,95,23868,synthetic-04709,157,true
2026-08-10,12:00,Facebook,5 Python tips every beginner should know,Python,Informational,1051,130,54,184,18575,synthetic-04710,13,true
2026-04-21,08:30,Instagram,New product update is now available,Product,Entertainment,955,111,69,249,19291,synthetic-04711,31,true
2026-06-05,20:00,LinkedIn,How AI is changing the way we work,AI,Educational,1440,163,111,149,46559,synthetic-04712,94,true
2026-05-18,09:00,LinkedIn,Content ideas that attract more viewers,Marketing,Entertainment,1559,94,80,140,51962,synthetic-04713,65,true
2026-02-04,09:30,Instagram,Simple marketing strategies for beginners,Marketing,Informational,879,104,123,175,20572,synthetic-04714,118,true
2026-09-04,09:00,X,Social media tips for better engagement,Marketing,Entertainment,1320,56,84,265,29028,synthetic-04715,98,true
2026-09-17,12:00,Facebook,5 ways to improve your study routine,Education,Informational,1604,102,150,326,27564,synthetic-04716,54,true
2026-09-30,19:00,Facebook,How AI is changing the way we work,AI,Promotional,1058,86,99,180,38362,synthetic-04717,185,true
2026-10-09,09:30,LinkedIn,How to learn technical skills faster,Education,Educational,520,69,55,49,20527,synthetic-04718,40,true
2026-06-09,19:00,Instagram,Best learning habits for students,Education,Educational,625,59,38,98,10207,synthetic-04719,24,true
2026-04-10,09:30,X,Python tricks that save coding time,Python,Educational,840,84,40,100,39904,synthetic-04720,61,true
2026-09-01,12:00,Facebook,Latest AI trends you should know,AI,Entertainment,902,73,129,153,11593,synthetic-04721,140,true
2026-01-26,10:00,LinkedIn,New product update is now available,Product,Informational,2535,145,222,653,55276,synthetic-04722,95,true
2026-06-24,19:30,Instagram,Beginner guide to artificial intelligence,AI,Entertainment,1894,135,102,346,24392,synthetic-04723,114,true
2026-03-01,19:30,X,Content ideas that attract more viewers,Marketing,Promotional,258,26,19,42,20114,synthetic-04724,17,true
2025-12-08,18:30,Instagram,How to create engaging social media posts,Marketing,Educational,634,27,83,196,8754,synthetic-04725,177,true
2026-09-10,10:30,Facebook,Learn Python functions with simple examples,Python,Entertainment,1292,161,90,336,19709,synthetic-04726,53,true
2026-08-13,12:00,Instagram,Product update: new tools for users,Product,Educational,1469,86,86,143,18993,synthetic-04727,63,true
2026-02-14,18:30,Instagram,AI tools that save you 10 hours a week,AI,Promotional,1424,97,154,346,40579,synthetic-04728,105,true
2026-04-17,10:30,X,5 Python tips every beginner should know,Python,Informational,1442,176,188,231,50974,synthetic-04729,172,true
2026-05-22,09:00,Instagram,5 Python tips every beginner should know,Python,Promotional,567,33,63,65,22714,synthetic-04730,16,true
2026-06-06,19:00,X,Python tricks that save coding time,Python,Promotional,644,68,61,69,19082,synthetic-04731,11,true
2026-02-09,21:30,X,Technology trends to watch this year,Technology,Informational,140,17,18,27,7041,synthetic-04732,67,true
2026-01-21,14:30,Instagram,Product update: new tools for users,Product,Informational,2892,263,440,831,51570,synthetic-04733,168,true
2026-05-09,18:00,Facebook,The future of technology explained,Technology,Educational,899,112,120,194,35540,synthetic-04734,109,true
2026-04-11,18:30,Facebook,Product update: new tools for users,Product,Educational,1760,216,207,183,48051,synthetic-04735,154,true
2026-05-06,09:00,LinkedIn,Social media tips for better engagement,Marketing,Informational,880,55,49,124,35728,synthetic-04736,26,true
2026-03-11,21:30,Facebook,Learn Python functions with simple examples,Python,Informational,1037,75,120,203,44345,synthetic-04737,78,true
2026-05-14,12:00,Facebook,Important skills every student should learn,Education,Entertainment,2310,253,312,286,27798,synthetic-04738,123,true
2026-05-01,09:30,X,Python tricks that save coding time,Python,Educational,840,80,39,97,40181,synthetic-04739,61,true
2026-08-28,09:30,LinkedIn,Ways to grow your online audience,Marketing,Promotional,137,5,8,10,6158,synthetic-04740,132,true
2026-02-20,17:00,Facebook,Python tricks that save coding time,Python,Educational,1889,83,227,474,50987,synthetic-04741,29,true
2026-06-11,21:00,Instagram,5 ways to improve your study routine,Education,Educational,830,34,71,113,16083,synthetic-04742,72,true
2026-04-04,12:00,Facebook,Important skills every student should learn,Education,Entertainment,1915,209,274,245,25059,synthetic-04743,123,true
2026-09-17,14:30,X,Python tricks that save coding time,Python,Educational,1411,65,126,304,34029,synthetic-04744,107,true
2026-02-05,20:30,LinkedIn,Important skills every student should learn,Education,Educational,1430,59,218,398,30787,synthetic-04745,97,true
2026-01-14,12:30,LinkedIn,Easy Python projects for students,Python,Entertainment,1356,54,189,401,20424,synthetic-04746,187,true
2026-03-26,21:00,Instagram,The future of technology explained,Technology,Entertainment,904,47,75,84,10245,synthetic-04747,47,true
2026-03-11,18:00,LinkedIn,Ways to grow your online audience,Marketing,Promotional,822,57,80,178,39399,synthetic-04748,188,true
2026-05-04,20:00,Facebook,Social media tips for better engagement,Marketing,Educational,1909,83,170,298,27508,synthetic-04749,130,true
2026-06-26,08:00,X,Beginner guide to modern technology,Technology,Informational,654,74,88,107,24748,synthetic-04750,133,true
2026-07-10,21:00,X,Important skills every student should learn,Education,Promotional,733,50,62,171,22726,synthetic-04751,156,true
2026-05-20,19:30,X,The future of technology explained,Technology,Promotional,487,55,40,143,26524,synthetic-04752,75,true
2026-04-15,08:30,Instagram,Simple marketing strategies for beginners,Marketing,Promotional,1076,67,168,324,33835,synthetic-04753,7,true
2026-03-02,21:00,Instagram,Ways to grow your online audience,Marketing,Entertainment,2462,119,186,365,42872,synthetic-04754,135,true
2026-02-25,17:00,X,Best learning habits for students,Education,Informational,453,45,32,126,16681,synthetic-04755,69,true
2026-09-19,12:00,Facebook,5 Python tips every beginner should know,Python,Informational,1158,147,54,203,20642,synthetic-04756,13,true
2026-04-25,21:30,Instagram,How our new feature improves productivity,Product,Informational,4230,450,318,649,53902,synthetic-04757,35,true
2026-02-13,20:30,Instagram,How AI is changing the way we work,AI,Promotional,708,45,100,170,17312,synthetic-04758,2,true
2026-01-05,18:30,Instagram,How to create engaging social media posts,Marketing,Educational,769,31,101,204,11166,synthetic-04759,177,true
2026-03-26,21:00,Facebook,5 ways to improve your study routine,Education,Entertainment,2199,255,241,647,36219,synthetic-04760,91,true
2026-01-31,10:00,X,Best learning habits for students,Education,Educational,2529,134,284,675,45053,synthetic-04761,165,true
2026-06-27,08:30,LinkedIn,Best learning habits for students,Education,Informational,299,22,20,57,9994,synthetic-04762,163,true
2026-03-25,19:30,LinkedIn,Social media tips for better engagement,Marketing,Entertainment,3730,332,395,800,53482,synthetic-04763,113,true
2026-08-22,12:00,Facebook,5 Python tips every beginner should know,Python,Informational,1297,165,63,249,20479,synthetic-04764,13,true
2026-03-07,20:00,Instagram,Important skills every student should learn,Education,Educational,1023,74,131,168,25374,synthetic-04765,145,true
2026-03-23,21:30,Facebook,Beginner guide to modern technology,Technology,Educational,2372,90,229,201,46939,synthetic-04766,193,true
2026-02-11,10:30,Instagram,Our new dashboard feature is live,Product,Informational,931,85,82,156,11314,synthetic-04767,60,true
2026-08-15,08:00,Facebook,How AI is changing the way we work,AI,Promotional,511,44,48,139,28194,synthetic-04768,21,true
2026-09-28,19:00,Facebook,How AI is changing the way we work,AI,Promotional,954,74,104,159,37005,synthetic-04769,185,true
2026-02-14,08:00,Facebook,Learn Python functions with simple examples,Python,Promotional,1727,133,94,225,45299,synthetic-04770,137,true
2026-07-19,21:00,X,Important skills every student should learn,Education,Promotional,908,63,73,178,25918,synthetic-04771,156,true
2026-08-31,12:30,X,Simple marketing strategies for beginners,Marketing,Informational,556,43,45,83,31312,synthetic-04772,83,true
2026-04-04,21:00,X,How AI is changing the way we work,AI,Educational,1434,151,81,317,32211,synthetic-04773,50,true
2026-04-25,18:00,X,How to create engaging social media posts,Marketing,Promotional,666,68,85,116,24441,synthetic-04774,76,true
2026-03-01,09:00,X,Ways to grow your online audience,Marketing,Educational,492,58,51,58,14397,synthetic-04775,28,true
2026-06-08,12:30,X,Beginner guide to modern technology,Technology,Educational,1587,133,179,422,30390,synthetic-04776,44,true
2026-09-19,10:30,X,Python tricks that save coding time,Python,Promotional,817,61,112,250,25448,synthetic-04777,178,true
2026-06-26,19:30,X,How to create engaging social media posts,Marketing,Informational,2163,241,149,229,44906,synthetic-04778,162,true
2026-02-24,20:30,LinkedIn,Important skills every student should learn,Education,Educational,1778,76,256,457,36181,synthetic-04779,97,true
2026-07-08,10:00,Instagram,How technology is changing daily life,Technology,Promotional,865,78,68,213,36402,synthetic-04780,142,true
2026-02-02,20:30,Instagram,How AI is changing the way we work,AI,Promotional,801,51,108,204,20338,synthetic-04781,2,true
2026-07-14,18:00,Facebook,Ways to grow your online audience,Marketing,Educational,888,109,77,187,24569,synthetic-04782,110,true
2026-02-27,20:30,LinkedIn,Important skills every student should learn,Education,Educational,1481,63,247,419,32308,synthetic-04783,97,true
2026-05-01,18:00,X,How to create engaging social media posts,Marketing,Promotional,814,82,102,125,28052,synthetic-04784,76,true
2026-08-02,09:00,LinkedIn,Top Python mistakes beginners make,Python,Informational,1356,74,205,390,43627,synthetic-04785,179,true
2026-05-23,12:30,LinkedIn,Technology trends to watch this year,Technology,Educational,1406,94,131,363,35285,synthetic-04786,56,true
2026-04-18,12:00,X,Social media tips for better engagement,Marketing,Entertainment,228,32,16,71,9393,synthetic-04787,182,true
2026-07-16,12:00,Instagram,Product update: new tools for users,Product,Educational,1702,85,92,160,20785,synthetic-04788,63,true
2026-06-19,08:30,LinkedIn,Python tricks that save coding time,Python,Promotional,1335,67,153,231,42131,synthetic-04789,127,true
2026-09-21,12:00,Facebook,5 ways to improve your study routine,Education,Informational,1330,89,123,282,23112,synthetic-04790,54,true
2026-04-13,12:00,X,Social media tips for better engagement,Marketing,Entertainment,204,24,13,57,8303,synthetic-04791,182,true
2026-08-02,09:30,LinkedIn,Ways to grow your online audience,Marketing,Promotional,129,5,8,11,5994,synthetic-04792,132,true
2026-05-19,18:00,Facebook,The future of technology explained,Technology,Educational,880,104,118,172,31261,synthetic-04793,109,true
2026-09-25,09:30,LinkedIn,How AI is changing the way we work,AI,Promotional,269,24,34,55,10884,synthetic-04794,121,true
2026-01-29,17:00,Facebook,Simple study tips for better results,Education,Informational,2009,237,79,587,36416,synthetic-04795,70,true
2026-04-03,14:30,Facebook,5 technologies shaping the future,Technology,Promotional,865,63,47,247,22758,synthetic-04796,87,true
2026-02-14,10:00,Facebook,Best learning habits for students,Education,Informational,1917,165,86,219,46665,synthetic-04797,155,true
2026-09-02,20:00,X,5 Python tips every beginner should know,Python,Educational,375,14,32,82,13152,synthetic-04798,129,true
2026-03-17,14:30,LinkedIn,Simple study tips for better results,Education,Entertainment,2177,286,153,437,37848,synthetic-04799,73,true
2026-08-25,12:00,Facebook,5 ways to improve your study routine,Education,Informational,1469,96,141,306,23980,synthetic-04800,54,true
2026-09-23,09:30,LinkedIn,How AI is changing the way we work,AI,Promotional,285,25,36,56,11552,synthetic-04801,121,true
2026-06-10,20:30,Instagram,Simple study tips for better results,Education,Entertainment,1216,93,58,231,24011,synthetic-04802,152,true
2026-08-16,10:30,Instagram,New product update is now available,Product,Informational,1873,109,220,494,41231,synthetic-04803,169,true
2026-06-06,21:00,Instagram,5 ways to improve your study routine,Education,Educational,717,28,56,91,13377,synthetic-04804,72,true
2026-09-30,08:00,Facebook,How AI is changing the way we work,AI,Promotional,409,37,39,117,23729,synthetic-04805,21,true
2026-07-19,21:00,X,Important skills every student should learn,Education,Promotional,867,61,75,178,25452,synthetic-04806,156,true
2026-08-21,17:30,LinkedIn,Beginner guide to modern technology,Technology,Entertainment,406,52,46,77,7864,synthetic-04807,136,true
2026-03-23,14:30,LinkedIn,Our new dashboard feature is live,Product,Informational,508,68,38,86,14048,synthetic-04808,119,true
2026-02-08,18:30,LinkedIn,Beginner guide to artificial intelligence,AI,Educational,1082,145,164,307,18368,synthetic-04809,167,true
2026-03-17,18:00,Facebook,Beginner guide to artificial intelligence,AI,Educational,1267,108,153,304,26900,synthetic-04810,88,true
2026-05-04,21:00,Facebook,Learn Python functions with simple examples,Python,Educational,3084,357,444,754,47734,synthetic-04811,84,true
2026-08-22,20:30,LinkedIn,Social media tips for better engagement,Marketing,Promotional,1100,86,177,212,47346,synthetic-04812,160,true
2026-08-10,09:00,LinkedIn,Top Python mistakes beginners make,Python,Informational,1207,63,174,321,39378,synthetic-04813,179,true
2026-02-19,14:00,X,Technology trends to watch this year,Technology,Informational,1554,101,125,379,40659,synthetic-04814,23,true
2026-02-21,08:00,Facebook,Learn Python functions with simple examples,Python,Promotional,1494,130,81,220,42675,synthetic-04815,137,true
2026-04-15,09:30,LinkedIn,Simple study tips for better results,Education,Informational,362,32,47,67,10119,synthetic-04816,77,true
2026-02-17,18:30,Instagram,Social media tips for better engagement,Marketing,Entertainment,2602,236,316,243,34501,synthetic-04817,196,true
2026-06-21,17:30,LinkedIn,Beginner guide to modern technology,Technology,Promotional,532,49,52,99,15644,synthetic-04818,151,true
2026-04-23,21:30,Instagram,How our new feature improves productivity,Product,Informational,4062,472,299,639,55755,synthetic-04819,35,true
2026-05-14,19:00,LinkedIn,Python tricks that save coding time,Python,Entertainment,714,69,64,208,26115,synthetic-04820,92,true
2026-01-31,18:30,LinkedIn,Beginner guide to artificial intelligence,AI,Educational,1170,155,163,331,18534,synthetic-04821,167,true
2026-05-31,12:00,Facebook,5 technologies shaping the future,Technology,Entertainment,1283,83,187,194,23590,synthetic-04822,161,true
2026-04-07,10:30,X,5 Python tips every beginner should know,Python,Informational,1518,190,178,231,53278,synthetic-04823,172,true
2026-01-20,12:00,Facebook,How to create engaging social media posts,Marketing,Educational,1273,118,97,213,32792,synthetic-04824,5,true
2025-12-07,10:00,LinkedIn,New product update is now available,Product,Informational,2216,108,163,585,43735,synthetic-04825,95,true
2026-02-06,09:30,LinkedIn,Easy Python projects for students,Python,Educational,1974,154,162,257,40749,synthetic-04826,106,true
2026-05-18,17:00,Instagram,5 useful AI tools for students,AI,Entertainment,3513,198,251,806,38099,synthetic-04827,186,true
2026-07-19,12:00,Instagram,Product update: new tools for users,Product,Educational,1901,99,110,181,25053,synthetic-04828,63,true
2026-01-01,09:30,Instagram,Simple marketing strategies for beginners,Marketing,Informational,1218,133,162,244,28093,synthetic-04829,118,true
2026-01-18,19:00,X,Beginner guide to artificial intelligence,AI,Entertainment,1140,71,128,274,24832,synthetic-04830,149,true
2026-08-31,08:00,X,AI tools that save you 10 hours a week,AI,Educational,558,59,29,96,10453,synthetic-04831,19,true
2026-07-28,09:30,LinkedIn,Ways to grow your online audience,Marketing,Promotional,143,6,9,12,6854,synthetic-04832,132,true
2026-02-14,14:30,LinkedIn,Simple study tips for better results,Education,Entertainment,1913,264,128,410,34265,synthetic-04833,73,true
2026-05-04,09:00,Instagram,5 Python tips every beginner should know,Python,Promotional,614,39,74,85,26464,synthetic-04834,16,true
2026-01-23,09:30,Instagram,Simple marketing strategies for beginners,Marketing,Informational,1032,129,153,222,25475,synthetic-04835,118,true
2026-09-09,20:00,X,5 Python tips every beginner should know,Python,Educational,386,14,30,75,12294,synthetic-04836,129,true
2026-03-24,09:00,Instagram,Content ideas that attract more viewers,Marketing,Informational,1354,121,170,133,26074,synthetic-04837,125,true
2026-02-03,19:30,Facebook,5 useful AI tools for students,AI,Promotional,2368,279,238,560,49757,synthetic-04838,25,true
2026-01-20,20:30,Instagram,How AI is changing the way we work,AI,Promotional,722,49,104,176,17363,synthetic-04839,2,true
2026-03-14,20:00,Facebook,Social media tips for better engagement,Marketing,Educational,2220,97,168,330,29497,synthetic-04840,130,true
2026-08-17,10:00,Facebook,Content ideas that attract more viewers,Marketing,Entertainment,2504,175,122,322,37131,synthetic-04841,199,true
2026-01-28,09:00,Facebook,Ways to grow your online audience,Marketing,Entertainment,612,38,58,60,7599,synthetic-04842,90,true
2026-08-01,10:30,Instagram,New product update is now available,Product,Informational,1953,117,255,546,45223,synthetic-04843,169,true
2026-05-10,17:00,LinkedIn,Content ideas that attract more viewers,Marketing,Promotional,1428,187,217,310,38964,synthetic-04844,12,true
2026-04-01,10:00,Facebook,Ways to grow your online audience,Marketing,Informational,626,48,53,101,24822,synthetic-04845,3,true
2026-08-03,10:30,Instagram,New product update is now available,Product,Informational,2305,124,261,540,49444,synthetic-04846,169,true
2026-06-03,17:00,Instagram,5 useful AI tools for students,AI,Entertainment,3536,194,231,781,37621,synthetic-04847,186,true
2026-02-04,08:00,Facebook,Learn Python functions with simple examples,Python,Promotional,1526,116,78,188,40192,synthetic-04848,137,true
2026-02-23,19:30,Facebook,5 useful AI tools for students,AI,Promotional,1937,242,205,492,42375,synthetic-04849,25,true
2026-03-04,18:30,Instagram,Social media tips for better engagement,Marketing,Entertainment,3034,292,345,271,43419,synthetic-04850,196,true
2026-02-16,21:00,Instagram,5 useful AI tools for students,AI,Promotional,1637,106,162,346,27733,synthetic-04851,198,true
2026-08-18,08:00,Facebook,How AI is changing the way we work,AI,Promotional,449,39,43,124,24118,synthetic-04852,21,true
2026-09-29,10:30,X,Python tricks that save coding time,Python,Promotional,1117,86,153,320,32784,synthetic-04853,178,true
2026-04-09,21:30,Facebook,Beginner guide to modern technology,Technology,Educational,2303,91,227,182,45158,synthetic-04854,193,true
2026-02-07,08:30,Facebook,How to learn technical skills faster,Education,Educational,310,23,19,65,8601,synthetic-04855,80,true
2026-02-28,14:30,LinkedIn,Simple study tips for better results,Education,Entertainment,2114,266,146,436,34946,synthetic-04856,73,true
2026-01-26,14:30,Instagram,5 technologies shaping the future,Technology,Promotional,1001,58,61,231,30198,synthetic-04857,104,true
2026-07-25,20:00,X,Important skills every student should learn,Education,Informational,1559,169,162,225,41890,synthetic-04858,10,true
2026-02-09,12:30,LinkedIn,Easy Python projects for students,Python,Entertainment,1407,61,212,418,22814,synthetic-04859,187,true
2026-08-14,12:00,Facebook,5 Python tips every beginner should know,Python,Informational,1271,161,62,221,20607,synthetic-04860,13,true
2026-05-18,09:30,X,See what is new in our latest release,Product,Entertainment,1550,108,134,325,26509,synthetic-04861,189,true
2026-04-01,09:30,LinkedIn,Simple study tips for better results,Education,Informational,454,37,52,73,12374,synthetic-04862,77,true
2026-03-05,21:00,Instagram,Ways to grow your online audience,Marketing,Entertainment,2073,101,155,277,33379,synthetic-04863,135,true
2026-06-10,19:00,Instagram,Best learning habits for students,Education,Educational,740,61,37,107,10663,synthetic-04864,24,true
2026-05-06,17:30,LinkedIn,5 ways to improve your study routine,Education,Entertainment,1113,55,92,245,27486,synthetic-04865,100,true
2026-06-10,21:00,Instagram,Easy Python projects for students,Python,Entertainment,2058,267,152,447,32284,synthetic-04866,62,true
2026-03-26,10:00,LinkedIn,Python tricks that save coding time,Python,Promotional,1878,157,194,155,57280,synthetic-04867,1,true
2026-03-14,21:00,Facebook,5 ways to improve your study routine,Education,Entertainment,1774,213,194,535,29851,synthetic-04868,91,true
2026-08-23,14:00,Facebook,How to learn technical skills faster,Education,Informational,541,31,62,143,11153,synthetic-04869,166,true
2026-10-08,12:00,Facebook,5 Python tips every beginner should know,Python,Informational,1075,135,51,182,18493,synthetic-04870,13,true
2026-08-05,12:30,Facebook,How our new feature improves productivity,Product,Promotional,1919,202,278,406,42133,synthetic-04871,36,true
2026-03-07,21:30,Facebook,Learn Python functions with simple examples,Python,Informational,1009,72,118,195,43170,synthetic-04872,78,true
2026-05-27,18:00,X,Social media tips for better engagement,Marketing,Informational,746,50,75,88,21160,synthetic-04873,102,true
2026-01-19,17:00,Facebook,Simple study tips for better results,Education,Informational,1651,191,67,459,27000,synthetic-04874,70,true
2026-08-20,19:00,LinkedIn,Learn Python functions with simple examples,Python,Entertainment,2155,235,245,335,48708,synthetic-04875,176,true
2026-08-05,10:00,X,Best learning habits for students,Education,Entertainment,974,66,116,274,40005,synthetic-04876,124,true
2026-06-09,19:00,Instagram,Best learning habits for students,Education,Educational,549,47,30,93,8519,synthetic-04877,24,true
2026-07-02,21:00,X,Important skills every student should learn,Education,Promotional,741,56,62,162,23220,synthetic-04878,156,true
2025-12-13,18:30,Instagram,How to create engaging social media posts,Marketing,Educational,714,30,97,213,9609,synthetic-04879,177,true
2026-02-22,12:00,Facebook,How to create engaging social media posts,Marketing,Educational,929,91,74,162,24616,synthetic-04880,5,true
2026-06-06,09:30,Facebook,Learn Python functions with simple examples,Python,Promotional,377,37,41,31,10580,synthetic-04881,93,true
2026-06-24,21:00,Instagram,5 ways to improve your study routine,Education,Educational,847,36,79,118,16648,synthetic-04882,72,true
2026-02-01,14:30,LinkedIn,5 useful AI tools for students,AI,Promotional,395,31,35,41,24606,synthetic-04883,108,true
2026-08-16,10:00,X,Best learning habits for students,Education,Entertainment,973,65,115,284,40416,synthetic-04884,124,true
2026-03-24,21:30,Instagram,How our new feature improves productivity,Product,Informational,4001,406,289,608,48689,synthetic-04885,35,true
2026-09-12,10:30,Instagram,New product update is now available,Product,Informational,2188,134,276,579,51897,synthetic-04886,169,true
2026-03-31,18:30,Facebook,Product update: new tools for users,Product,Educational,1459,199,184,169,38659,synthetic-04887,154,true
2026-08-27,08:00,Facebook,How AI is changing the way we work,AI,Promotional,480,41,42,129,27551,synthetic-04888,21,true
2026-05-31,18:00,X,Social media tips for better engagement,Marketing,Informational,892,62,97,118,26778,synthetic-04889,102,true
2026-03-23,18:00,LinkedIn,Ways to grow your online audience,Marketing,Promotional,840,51,73,175,36858,synthetic-04890,188,true
2026-01-22,14:30,Instagram,5 technologies shaping the future,Technology,Promotional,937,53,51,200,26503,synthetic-04891,104,true
2026-05-17,09:00,LinkedIn,Social media tips for better engagement,Marketing,Informational,1097,70,71,181,47351,synthetic-04892,26,true
2026-04-12,17:30,Instagram,Python tricks that save coding time,Python,Educational,3163,262,238,827,54709,synthetic-04893,52,true
2026-04-21,10:00,Facebook,See what is new in our latest release,Product,Educational,814,43,51,140,18442,synthetic-04894,43,true
2026-06-05,09:30,X,See what is new in our latest release,Product,Entertainment,1664,114,147,339,30778,synthetic-04895,189,true
2026-05-22,14:00,Facebook,How our new feature improves productivity,Product,Informational,656,45,80,187,12499,synthetic-04896,58,true
2026-02-26,09:30,LinkedIn,Easy Python projects for students,Python,Educational,1989,154,159,254,37706,synthetic-04897,106,true
2025-12-16,10:30,Facebook,5 Python tips every beginner should know,Python,Promotional,440,29,24,64,12216,synthetic-04898,128,true
2026-05-23,08:00,X,Beginner guide to modern technology,Technology,Informational,676,77,97,102,24617,synthetic-04899,133,true
2026-05-16,14:00,Instagram,Important skills every student should learn,Education,Informational,2594,220,189,452,34107,synthetic-04900,37,true
2026-07-11,12:30,X,Beginner guide to modern technology,Technology,Educational,1477,143,179,395,29884,synthetic-04901,44,true
2025-12-26,14:30,Instagram,Product update: new tools for users,Product,Informational,3266,255,431,858,52365,synthetic-04902,168,true
2026-01-13,21:30,X,Technology trends to watch this year,Technology,Informational,115,14,15,23,6726,synthetic-04903,67,true
2026-07-10,10:30,Facebook,Easy Python projects for students,Python,Educational,1326,61,116,219,42516,synthetic-04904,96,true
2026-08-16,18:00,Facebook,Ways to grow your online audience,Marketing,Educational,850,104,73,199,23724,synthetic-04905,110,true
2026-05-31,20:30,Instagram,Simple study tips for better results,Education,Entertainment,906,67,40,172,18926,synthetic-04906,152,true
2026-02-16,20:00,Instagram,Important skills every student should learn,Education,Educational,1096,82,141,175,27128,synthetic-04907,145,true
2026-05-04,08:30,X,Product update: new tools for users,Product,Promotional,295,32,44,27,9876,synthetic-04908,116,true
2026-01-21,21:30,X,Technology trends to watch this year,Technology,Informational,125,16,18,26,6771,synthetic-04909,67,true
2026-01-07,08:30,Facebook,Beginner guide to modern technology,Technology,Promotional,507,51,63,75,15272,synthetic-04910,158,true
2026-04-02,20:00,Instagram,Simple marketing strategies for beginners,Marketing,Promotional,603,42,89,146,15771,synthetic-04911,6,true
2026-05-14,21:30,Facebook,Beginner guide to modern technology,Technology,Educational,2518,101,260,214,53658,synthetic-04912,193,true
2026-03-15,21:30,Facebook,Learn Python functions with simple examples,Python,Informational,1249,86,132,248,47316,synthetic-04913,78,true
2026-04-22,18:00,X,How to create engaging social media posts,Marketing,Promotional,653,68,89,107,25045,synthetic-04914,76,true
2026-02-20,09:00,Facebook,Ways to grow your online audience,Marketing,Entertainment,699,45,65,72,9567,synthetic-04915,90,true
2026-06-23,08:30,LinkedIn,Python tricks that save coding time,Python,Promotional,1293,66,140,205,37274,synthetic-04916,127,true
2026-05-31,21:30,Facebook,5 Python tips every beginner should know,Python,Promotional,158,11,17,22,8283,synthetic-04917,33,true
2026-07-07,10:30,X,Our new dashboard feature is live,Product,Informational,403,27,30,94,15770,synthetic-04918,55,true
2026-09-21,09:30,LinkedIn,How AI is changing the way we work,AI,Promotional,266,24,32,50,10233,synthetic-04919,121,true
2026-01-08,10:00,LinkedIn,New product update is now available,Product,Informational,2486,121,189,624,52535,synthetic-04920,95,true
2026-04-30,08:30,LinkedIn,Simple study tips for better results,Education,Entertainment,1486,165,102,342,23277,synthetic-04921,20,true
2026-08-31,20:30,LinkedIn,How technology is changing daily life,Technology,Educational,1730,90,178,163,37391,synthetic-04922,174,true
2026-05-19,21:00,Instagram,Easy Python projects for students,Python,Entertainment,2703,321,193,537,43592,synthetic-04923,62,true
2026-06-18,08:30,LinkedIn,Python tricks that save coding time,Python,Promotional,945,51,111,176,30804,synthetic-04924,127,true
2026-05-23,08:30,LinkedIn,Python tricks that save coding time,Python,Promotional,1017,59,124,191,33262,synthetic-04925,127,true
2026-02-06,09:00,Facebook,Ways to grow your online audience,Marketing,Entertainment,577,35,52,60,7692,synthetic-04926,90,true
2026-05-11,08:30,Instagram,New product update is now available,Product,Entertainment,1047,122,80,251,19945,synthetic-04927,31,true
2026-04-03,18:00,X,How to create engaging social media posts,Marketing,Promotional,711,72,92,115,24164,synthetic-04928,76,true
2026-02-28,09:00,Instagram,Top Python mistakes beginners make,Python,Promotional,2437,188,345,487,44079,synthetic-04929,22,true
2026-09-07,10:30,X,Python tricks that save coding time,Python,Promotional,1065,86,149,311,34214,synthetic-04930,178,true
2026-06-06,19:00,LinkedIn,Python tricks that save coding time,Python,Entertainment,701,71,67,206,24296,synthetic-04931,92,true
2026-02-02,10:00,LinkedIn,Python tricks that save coding time,Python,Promotional,1477,130,161,129,44088,synthetic-04932,1,true
2026-08-12,20:00,X,Important skills every student should learn,Education,Informational,1826,201,178,260,47006,synthetic-04933,10,true
2025-12-13,14:30,Instagram,Product update: new tools for users,Product,Informational,3032,265,436,839,52948,synthetic-04934,168,true
2026-05-28,09:00,LinkedIn,Content ideas that attract more viewers,Marketing,Entertainment,1265,85,72,120,48665,synthetic-04935,65,true
2026-02-05,12:00,Instagram,Content ideas that attract more viewers,Marketing,Informational,1678,67,109,458,54174,synthetic-04936,49,true
2026-02-05,14:30,Instagram,5 technologies shaping the future,Technology,Promotional,1034,54,56,221,26660,synthetic-04937,104,true
2026-03-26,18:30,Facebook,Product update: new tools for users,Product,Educational,1643,208,178,177,42228,synthetic-04938,154,true
2026-05-26,18:00,Facebook,The future of technology explained,Technology,Educational,874,110,113,168,32068,synthetic-04939,109,true
2026-05-13,17:00,LinkedIn,Content ideas that attract more viewers,Marketing,Promotional,1716,207,226,338,43505,synthetic-04940,12,true
2026-01-24,09:30,Facebook,Our new dashboard feature is live,Product,Promotional,250,21,31,29,15255,synthetic-04941,131,true
2026-04-15,09:00,Facebook,5 technologies shaping the future,Technology,Promotional,336,43,22,43,21039,synthetic-04942,164,true
2026-06-21,18:30,Instagram,How our new feature improves productivity,Product,Informational,1879,213,141,506,45229,synthetic-04943,195,true
2026-09-11,21:30,LinkedIn,Simple study tips for better results,Education,Informational,1297,61,91,145,40693,synthetic-04944,71,true
2026-06-08,18:00,X,Social media tips for better engagement,Marketing,Informational,726,54,76,91,23459,synthetic-04945,102,true
2026-03-22,10:00,LinkedIn,Python tricks that save coding time,Python,Promotional,1615,142,158,144,50215,synthetic-04946,1,true
2026-05-02,08:30,Instagram,Top Python mistakes beginners make,Python,Promotional,890,66,53,179,23296,synthetic-04947,159,true
2026-04-19,08:30,Instagram,New product update is now available,Product,Entertainment,1108,134,90,282,23052,synthetic-04948,31,true
2026-08-22,10:30,Instagram,New product update is now available,Product,Informational,1882,107,222,478,40851,synthetic-04949,169,true
2026-09-17,10:30,X,Python tricks that save coding time,Python,Promotional,1053,79,145,311,32107,synthetic-04950,178,true
2026-06-03,09:30,X,See what is new in our latest release,Product,Entertainment,1587,108,133,308,29091,synthetic-04951,189,true
2026-02-03,18:30,Instagram,Social media tips for better engagement,Marketing,Entertainment,2768,278,317,289,37465,synthetic-04952,196,true
2026-03-21,21:00,X,How AI is changing the way we work,AI,Educational,1660,181,89,355,37230,synthetic-04953,50,true
2026-05-23,20:30,Instagram,How to create engaging social media posts,Marketing,Informational,802,55,65,203,20077,synthetic-04954,190,true
2026-01-29,20:00,LinkedIn,How technology is changing daily life,Technology,Entertainment,1145,96,151,319,22499,synthetic-04955,14,true
2026-06-02,10:30,X,Beginner guide to artificial intelligence,AI,Entertainment,335,30,23,73,12107,synthetic-04956,8,true
2026-03-19,12:00,Instagram,Learn Python functions with simple examples,Python,Promotional,481,41,59,135,11156,synthetic-04957,181,true
2026-05-30,12:30,X,Beginner guide to modern technology,Technology,Educational,1490,136,188,414,29921,synthetic-04958,44,true
2026-04-23,09:00,LinkedIn,Content ideas that attract more viewers,Marketing,Entertainment,1622,101,89,138,55198,synthetic-04959,65,true
2026-03-31,10:00,Facebook,Ways to grow your online audience,Marketing,Informational,618,42,49,99,24257,synthetic-04960,3,true
2026-09-23,08:30,LinkedIn,Learn Python functions with simple examples,Python,Informational,195,22,22,57,5024,synthetic-04961,34,true
2026-02-16,20:00,Instagram,Important skills every student should learn,Education,Educational,1207,76,138,172,27673,synthetic-04962,145,true
2026-03-10,18:30,Instagram,Technology trends to watch this year,Technology,Informational,1744,130,178,196,32900,synthetic-04963,143,true
2026-02-14,19:30,X,Content ideas that attract more viewers,Marketing,Promotional,259,25,19,45,18954,synthetic-04964,17,true
2026-03-10,09:30,X,Python tricks that save coding time,Python,Educational,747,65,34,82,33759,synthetic-04965,61,true
2026-04-14,20:00,Instagram,Simple marketing strategies for beginners,Marketing,Promotional,704,42,91,160,17534,synthetic-04966,6,true
2026-09-22,14:00,Facebook,How to learn technical skills faster,Education,Informational,496,30,59,130,10331,synthetic-04967,166,true
2026-08-28,09:30,LinkedIn,How to learn technical skills faster,Education,Educational,477,60,43,45,17018,synthetic-04968,40,true
2026-01-30,21:00,Instagram,5 useful AI tools for students,AI,Promotional,2085,139,219,440,32482,synthetic-04969,198,true
2026-01-23,08:30,Facebook,How to learn technical skills faster,Education,Educational,395,27,21,79,9662,synthetic-04970,80,true
2026-04-28,09:30,Instagram,Learn Python functions with simple examples,Python,Entertainment,4050,469,384,878,50402,synthetic-04971,4,true
2026-07-23,10:00,X,Best learning habits for students,Education,Entertainment,1050,65,117,308,44014,synthetic-04972,124,true
2026-08-06,10:30,X,Python tricks that save coding time,Python,Promotional,1042,84,148,317,32090,synthetic-04973,178,true
2026-01-19,21:00,Instagram,5 useful AI tools for students,AI,Promotional,1851,129,188,410,32234,synthetic-04974,198,true
2026-04-19,08:30,X,Product update: new tools for users,Product,Promotional,311,33,47,29,9893,synthetic-04975,116,true
2026-10-05,12:00,Facebook,5 ways to improve your study routine,Education,Informational,1306,86,127,292,24298,synthetic-04976,54,true
2026-08-02,17:30,X,New product update is now available,Product,Informational,759,87,52,82,21194,synthetic-04977,48,true
2026-08-08,20:00,X,Important skills every student should learn,Education,Informational,1733,189,180,257,51338,synthetic-04978,10,true
2026-06-19,19:30,X,The future of technology explained,Technology,Promotional,494,54,40,133,24385,synthetic-04979,75,true
2026-05-23,21:00,X,Important skills every student should learn,Education,Promotional,751,49,60,155,21152,synthetic-04980,156,true
2026-05-08,20:30,Instagram,Simple study tips for better results,Education,Entertainment,944,66,45,169,19571,synthetic-04981,152,true
2026-04-12,08:30,X,Product update: new tools for users,Product,Promotional,347,39,47,34,10621,synthetic-04982,116,true
2026-08-25,09:30,Facebook,AI tools that save you 10 hours a week,AI,Informational,1437,110,132,321,42561,synthetic-04983,103,true
2026-01-30,09:30,Facebook,Python tricks that save coding time,Python,Educational,1951,241,213,160,34234,synthetic-04984,115,true
2026-04-11,20:30,Instagram,How to create engaging social media posts,Marketing,Informational,781,54,63,203,20816,synthetic-04985,190,true
2026-05-26,17:00,LinkedIn,Content ideas that attract more viewers,Marketing,Promotional,1325,168,182,297,35317,synthetic-04986,12,true
2026-02-03,20:00,LinkedIn,How technology is changing daily life,Technology,Entertainment,1018,93,143,288,22254,synthetic-04987,14,true
2026-02-20,21:00,Facebook,5 ways to improve your study routine,Education,Entertainment,2376,266,247,624,35682,synthetic-04988,91,true
2026-06-20,12:30,LinkedIn,Technology trends to watch this year,Technology,Educational,1441,90,131,348,32531,synthetic-04989,56,true
2026-07-31,19:30,Instagram,How our new feature improves productivity,Product,Promotional,1056,48,60,166,27742,synthetic-04990,138,true
2026-06-15,12:00,Facebook,5 technologies shaping the future,Technology,Entertainment,1070,71,172,154,18725,synthetic-04991,161,true
2026-03-26,14:30,LinkedIn,Our new dashboard feature is live,Product,Informational,636,76,45,92,14582,synthetic-04992,119,true
2026-06-11,09:00,Instagram,Beginner guide to artificial intelligence,AI,Educational,1347,136,172,266,35227,synthetic-04993,101,true
2025-12-21,10:00,LinkedIn,New product update is now available,Product,Informational,2320,125,183,597,47333,synthetic-04994,95,true
2026-04-01,10:00,Facebook,Ways to grow your online audience,Marketing,Informational,625,46,47,91,24101,synthetic-04995,3,true
2026-05-20,21:30,Facebook,5 Python tips every beginner should know,Python,Promotional,119,9,14,18,6334,synthetic-04996,33,true
2026-06-30,10:30,X,Beginner guide to artificial intelligence,AI,Entertainment,473,42,29,96,14602,synthetic-04997,8,true
2026-06-07,20:30,Instagram,Latest AI trends you should know,AI,Entertainment,371,19,21,105,5599,synthetic-04998,120,true
2026-09-05,20:30,Facebook,Our new dashboard feature is live,Product,Promotional,433,39,21,101,12054,synthetic-04999,146,true
2026-07-21,12:30,X,Beginner guide to artificial intelligence,AI,Informational,1108,61,88,263,35830,synthetic-05000,42,true
